SET session_replication_role = replica;

--
-- PostgreSQL database dump
--

-- Dumped from database version 15.8
-- Dumped by pg_dump version 15.8

SET statement_timeout = 0;
SET lock_timeout = 0;
SET idle_in_transaction_session_timeout = 0;
SET client_encoding = 'UTF8';
SET standard_conforming_strings = on;
SELECT pg_catalog.set_config('search_path', '', false);
SET check_function_bodies = false;
SET xmloption = content;
SET client_min_messages = warning;
SET row_security = off;

--
-- Data for Name: audit_log_entries; Type: TABLE DATA; Schema: auth; Owner: supabase_auth_admin
--



--
-- Data for Name: flow_state; Type: TABLE DATA; Schema: auth; Owner: supabase_auth_admin
--



--
-- Data for Name: users; Type: TABLE DATA; Schema: auth; Owner: supabase_auth_admin
--



--
-- Data for Name: identities; Type: TABLE DATA; Schema: auth; Owner: supabase_auth_admin
--



--
-- Data for Name: instances; Type: TABLE DATA; Schema: auth; Owner: supabase_auth_admin
--



--
-- Data for Name: oauth_clients; Type: TABLE DATA; Schema: auth; Owner: supabase_auth_admin
--



--
-- Data for Name: sessions; Type: TABLE DATA; Schema: auth; Owner: supabase_auth_admin
--



--
-- Data for Name: mfa_amr_claims; Type: TABLE DATA; Schema: auth; Owner: supabase_auth_admin
--



--
-- Data for Name: mfa_factors; Type: TABLE DATA; Schema: auth; Owner: supabase_auth_admin
--



--
-- Data for Name: mfa_challenges; Type: TABLE DATA; Schema: auth; Owner: supabase_auth_admin
--



--
-- Data for Name: oauth_authorizations; Type: TABLE DATA; Schema: auth; Owner: supabase_auth_admin
--



--
-- Data for Name: oauth_client_states; Type: TABLE DATA; Schema: auth; Owner: supabase_auth_admin
--



--
-- Data for Name: oauth_consents; Type: TABLE DATA; Schema: auth; Owner: supabase_auth_admin
--



--
-- Data for Name: one_time_tokens; Type: TABLE DATA; Schema: auth; Owner: supabase_auth_admin
--



--
-- Data for Name: refresh_tokens; Type: TABLE DATA; Schema: auth; Owner: supabase_auth_admin
--



--
-- Data for Name: sso_providers; Type: TABLE DATA; Schema: auth; Owner: supabase_auth_admin
--



--
-- Data for Name: saml_providers; Type: TABLE DATA; Schema: auth; Owner: supabase_auth_admin
--



--
-- Data for Name: saml_relay_states; Type: TABLE DATA; Schema: auth; Owner: supabase_auth_admin
--



--
-- Data for Name: sso_domains; Type: TABLE DATA; Schema: auth; Owner: supabase_auth_admin
--



--
-- Data for Name: Event; Type: TABLE DATA; Schema: public; Owner: postgres
--

INSERT INTO "public"."Event" ("id", "createdAt", "updatedAt", "title", "description", "location", "chosenDateTime") VALUES
	('cly2bbeer0001yxcnz1xqxnqc', '2024-07-01 01:39:45.454', '2024-07-01 01:39:45.454', '2003 honda element ex 4wd 5mt for sale', '', '', '2024-07-02 01:39:00'),
	('cm4yr32wm00005wsp82p73dmh', '2024-12-21 22:28:02.807', '2025-01-30 15:31:09.279', 'Theia’s 25th Birthday!', 'I’m turning 25 so it’s time to party! We’ll be meeting at Roller Kingdom for some skating and then coming back to my place for music, food, drinks, and vibes. Hope to see you all there!', 'Roller Kingdom, Middlesex Road, Tyngsborough, MA, USA', '2025-02-01 19:00:00'),
	('cm83dud6t0000d5jv0idvbmyb', '2025-03-10 18:15:19.11', '2025-03-12 11:49:56.095', 'GPU Tuning', 'I will be tweaking my Gigabyte Gaming OC 9070 XT thermals and performance to see how much improvement I can get.  My current plan is to do the following:
- do a control benchmark of thermals/performance
- replace paste with Honeywell PTM7950
- replace pads/putty with Upsiren UTP-8
- deshroud and replace the GPU fans with Noctua NF-A9 PWM chromax.black
- create a duct/support to the bottom of the case with EVA foam
- benchmark my tuned thermals/performance
- depending on software support, overclock/undervolt my GPU

The event will be in person, but I will also try to stream the event.', '51 Jenness Street, Lowell, MA, USA', '2025-03-22 17:00:00'),
	('cm5fpitqc0000a67hfqeu7f8i', '2025-01-02 19:16:23.172', '2025-02-09 21:01:20.651', 'Presentation Party 2', 'A sequel to Hart and Willow''s incredible PowerPoint night.
All attendees are encouraged to make a presentation for the evening.

', '8 Radcliff Rd, Dracut, MA, USA', '2025-03-02 19:00:00'),
	('cm4g901jk0000h3kbnb3vboot', '2024-12-08 23:41:56.816', '2024-12-20 18:03:20.737', 'ISTTG Watch Party!', 'Calling all trannies (and tranny allies)! We’re gonna get together and watch I Saw the TV Glow. It’s very good and you should come watch with us.', '42 Wellman St apt 125, Lowell, MA, USA', '2025-01-03 23:00:00'),
	('cm8nshbqc0000n80739swshdx', '2025-03-25 01:00:28.452', '2025-03-25 01:05:30.378', 'Houthi PC small group', '', 'https://signal.org', NULL),
	('cm7p9v9o50000e4kss1kvq5v9', '2025-02-28 21:15:16.202', '2025-03-05 05:13:04.166', 'cast party!', 'let''s celebrate the betties! we can have as many toasts as betty 2''s pussy wants.', '64 Palmer Street, Salem, MA, USA', '2025-03-09 23:00:00'),
	('cm5byye5t0000fflt05mqcskk', '2024-12-31 04:29:21.33', '2025-01-05 17:13:11.16', 'Ikea Trip', 'Let''s meet up at Ikea and CONSUME', '1 Ikea Way, Stoughton, MA 02072', '2025-01-12 20:00:00'),
	('cm7y654kc0000hio58nrkjmhs', '2025-03-07 02:40:53.341', '2025-03-07 02:40:53.341', 'ass beating ', 'I''ll beat ur ass', '64 fuck u st salem ma', '2025-03-08 00:00:00'),
	('cm7y6chrp0007hio5n6cd6bdn', '2025-03-07 02:46:36.973', '2025-03-07 02:46:36.973', 'jumping Theia outside of roller kingdom', 'what it says', 'Roller Kingdom', '2025-03-07 02:46:00'),
	('cm7203m590000qc1bl1jnu57e', '2025-02-12 14:23:07.485', '2025-03-15 02:10:08.025', 'the great stoning session', 'the gang gets stoned', '63 Arnold Avenue, Lowell, MA, USA', '2025-03-21 22:00:00'),
	('cm7arilhh0000ihd2qqtwhtx4', '2025-02-18 17:32:45.509', '2025-03-11 16:32:02.563', 'Next D&D', 'Let’s plan some nerd dice :)', '', NULL),
	('cm9ezf38o000012ma65kbooqn', '2025-04-13 01:44:28.2', '2025-04-19 17:35:50.25', 'Ryan''s Mystery MBTA Trip', 'Ryan takes the gang on a trip from Davis to another part of the MBTA that will be unknown to everyone else.', '8 Arizona Terrace apt 2, Arlington, MA, USA', '2025-05-25 18:00:00'),
	('cm8lyzl9j0000efcw8l60ezt1', '2025-03-23 18:27:05.96', '2025-04-26 12:24:32.113', 'double murder mystery night box thing', 'can we finish both in one day?? let''s find out', '64 Palmer Street, Salem, MA, USA', '2025-04-26 19:00:00'),
	('cm87kk4s30000aksdjlhfgplu', '2025-03-13 16:34:23.668', '2025-04-28 13:54:30.746', 'Owl Walk Weekend 2025', '**PLEASE NOTE THAT THIS EVENT SPANS 4 DAYS THURS-SUN**
Charlie and I are in the early stages of planning the Owl Walk Weekend Season 2, which is a 3 night weekend trip we did last year in Vermont. We basically rent out a big cabin and drink and play games and hang out and it was a huge success last year. I wanna do it even bigger this year and would love for as many of y''all to be there as possible. I''m thinking of doing it in May and it would be a Thursday night to a Sunday morning. The price would be somewhere between 200-300 dollars for all 3 nights, but I know a few ppl said they''re willing to help cover costs if that''s a limiting factor for ppl.', 'TBD', '2025-05-08 23:00:00'),
	('cm7gpyiwi00005u9e6feteilp', '2025-02-22 21:35:46.483', '2025-02-22 21:35:46.483', 'jk', '', '', NULL),
	('cmapn9iw50000jxyxiogk3ek1', '2025-05-15 17:29:23.429', '2025-05-15 17:29:23.429', 'Blue Hills Trailside Museum', 'https://www.massaudubon.org/places-to-explore/wildlife-sanctuaries/blue-hills-trailside-museum', '1904 Canton Ave, Milton, MA 02186, USA', '2025-05-31 16:00:00'),
	('cmavezcma0000sf0a5pk9zdsw', '2025-05-19 18:24:08.867', '2025-05-19 18:24:08.867', 'Rose''s Housewarming Party, BYOC', 'Bring Your Own Chair!! I hardly have any furniture! If anyone has some folding / plastic chairs and would be willing to bring extras that would be great. I will get a few snacks and drinks to share but please consider bringing some as well so there''s enough to go around', '71 Jackson Street unit 402, Lowell, MA, USA', '2025-05-23 22:30:00'),
	('cmfbn0mra0000r44am8tor68i', '2025-09-08 21:32:13.75', '2025-09-08 21:32:13.75', 'Sober Party', 'We''re gonna make mocktails! And then do something IDK ☺️', 'Willow and Harts place (63 Stanton Worcester)', '2025-09-20 21:00:00'),
	('cmfbn2e2s0000pr2jecf3cgs7', '2025-09-08 21:33:35.813', '2025-09-08 21:33:35.813', 'Sober Party', 'We''re gonna make mocktails! And then do something IDK ☺️', 'Willow and Harts place (63 Stanton st Worcester)', NULL),
	('cmbssp2ha0000dakd588jnnsv', '2025-06-12 03:04:27.598', '2025-06-12 03:05:39.642', 'wow', '', '', '2025-06-12 03:04:00'),
	('cmbmytz5b0000y0d6gnx73itf', '2025-06-08 01:09:37.199', '2025-06-16 14:08:34.543', 'Lowell Folk Fest', 'The Gang visits Folk Fest!

I am picking amongst the days that folk fest runs. You can see more info about the event at https://lowellfolkfestival.org/

Basically, Lowell shuts down a bunch of streets downtown and there are bomb ethnic foods and good music available all around within walking distance. It''s a good time but bring earplugs as it can be kinda loud and overwhelming.', 'Downtown, Lowell, MA, USA', '2025-07-26 16:00:00'),
	('cmezo7old0000107ljj3ia8v8', '2025-08-31 12:32:28.225', '2025-09-05 14:11:16.859', 'Seashore Trolley Museum (in Maine)', 'Let’s go to the seashore trolley museum and ride some trains. Admission is $15 and I’ll coordinate carpools', 'Seashore Trolley Museum, Log Cabin Road, Kennebunkport, ME, USA', '2025-09-13 17:00:00'),
	('cmdezx0s00000zwayypj5plos', '2025-07-22 20:37:14.16', '2025-07-31 03:18:56.818', 'BFRT Group Ride', 'Wow! It''s bucyclte', 'Bruce Freeman Rail Trail, Lowell, MA, USA', '2025-08-09 21:00:00'),
	('cmcy6cimo000014fxrf0bsojq', '2025-07-11 02:05:09.84', '2025-07-15 23:03:45.967', 'Swampscott to Everett ride', '', 'Swampscott, MA, USA', '2025-07-18 21:00:00'),
	('cmeaoupll0000cbvr3dgd7iu5', '2025-08-14 00:56:08.217', '2025-08-14 00:56:08.217', 'Minuteman biking ', '', '8 Arizona Terrace, Arlington, MA, USA', NULL),
	('cmgjqxixr0000fq3pmb16lg2v', '2025-10-09 18:23:39.04', '2025-10-09 18:23:39.04', 'Nameless Wilds Returns', 'Let’s get this train rolling again', '71 Jackson St, Unit 502, Lowell, MA, 01852', NULL),
	('cmfb6z0va000044afs32iqnej', '2025-09-08 14:03:04.87', '2025-09-08 14:03:04.87', 'Genderfuckers', 'https://www.instagram.com/p/DORKJYWDugv/?igsh=MXNmdzJzZ3JiZndpOQ%3D%3D

w/ Dj Coleslaw who did the 2024 Femme party!!', 'Jacques'' Cabaret, Broadway Street, Boston, MA, USA', '2025-09-20 23:00:00'),
	('cmfdywwp00000uehmywecd977', '2025-09-10 12:40:47.748', '2025-09-10 12:40:47.748', 'Downeast Visit', 'Gang goes to Downeast', 'https://maps.app.goo.gl/hbShqACKcPNvcMFV9', NULL),
	('cmfbujl2e0000fah8gj00evpu', '2025-09-09 01:02:55.335', '2025-09-09 01:48:55.717', 'Fruitstand instead of Feral', 'Theme is PREPpy so gay and preppy I imagine', 'The Sinclair, 52 Church Street, Cambridge, MA, USA', '2025-09-14 02:00:00'),
	('cmf9ur295000093huc3trpf9n', '2025-09-07 15:33:11.85', '2025-09-11 16:49:09.924', 'Feral?', 'Blacklights and making out', '', '2025-09-13 02:00:00'),
	('cmgl78qa70003sw5tqr2l4o4o', '2025-10-10 18:48:01.804', '2025-10-17 17:58:29.263', 'D&D Time', '', '', '2025-10-21 23:00:00'),
	('cmgsh9aig0000u9086pjzuspt', '2025-10-15 21:02:47.417', '2025-10-17 17:17:55.887', 'Friendsgiving 2025', 'Friendsgiving 2025 at Matt''s house! Bring a dish and let''s have a good time.', 'Matt''s House', '2025-12-06 22:00:00'),
	('cmh1dk9gd0000yuh5ha77co36', '2025-10-22 02:29:16.381', '2025-10-22 02:31:25.032', 'D&D DM Availability 11/3 - 11/17', '', '', NULL),
	('cmgvxrqy40000hjn50qfw45ex', '2025-10-18 07:08:20.908', '2025-10-24 00:50:37.35', 'Ryan''s Second Mystery MBTA Adventure', 'Here''s the idea, Ryan takes the gang on a mysterious adventure on the MBTA to show you a part of the system you may not have thought about or appreciated before.', 'My House or Alewife (we''ll figure it out before)', '2025-11-08 19:00:00'),
	('cmgygytr20001hxemi7w11g8p', '2025-10-20 01:41:16.191', '2025-11-05 16:21:43.815', 'Thirsty Queers', 'I’m getting a group of gays to all go out together and hopefully if we get enough ppl interested we could make this a “real” event and do it monthly.', 'Thirsty First, 103 Market Street, Lowell, MA, 01852', '2025-11-13 01:00:00'),
	('cmhyvue8o0000xvp7dndqh2z6', '2025-11-14 13:17:26.041', '2025-11-19 22:10:51.051', 'Creative hangout at Ryan’s', 'The idea is simple, I will setup some cozy chairs and setups at my apartment and everyone can bring some paper, pens, tablets, etc, whatever they want to work on and we can just vibe together and work through it. I’ll provide snacks and refreshments :3', '8 Arizona Ter Apt 2, Arlington MA', '2025-12-07 19:00:00'),
	('cmk1hnpyi00006dq6p0j88ptm', '2026-01-05 18:23:03.211', '2026-01-05 18:23:03.211', 'cheeky cubis hangout', 'i''ve reconfigured my space to have more ppl over! Come on over and lets play some switch and have pizzaaaa', '8 Arizona Ter Apt 2 Arlington MA', NULL),
	('cmkg5c0gl0000qctzypb7dxrd', '2026-01-16 00:34:34.197', '2026-01-16 00:34:34.197', 'Kink Party', '', '', '2026-01-16 00:34:00');


--
-- Data for Name: Person; Type: TABLE DATA; Schema: public; Owner: postgres
--

INSERT INTO "public"."Person" ("id", "createdAt", "updatedAt", "firstName", "lastName", "username", "imageUrl") VALUES
	('user_2iclueh2BAT0p0lUhxBy0XhMelK', '2024-07-01 01:39:30.836', '2024-07-01 01:39:30.836', 'Sasha', 'Wilkinson', 'sasha', 'https://img.clerk.com/eyJ0eXBlIjoicHJveHkiLCJzcmMiOiJodHRwczovL2ltYWdlcy5jbGVyay5kZXYvb2F1dGhfZ29vZ2xlL2ltZ18yaWNsdW1wakd0NDRtQzlTUWFIMlpnY05LbjgifQ'),
	('user_2pxNU8dtcBksO1LOGn5DLjhmGRi', '2024-12-09 00:23:00.638', '2024-12-09 00:23:00.638', 'Matt', 'McCurdy', 'matt', 'https://img.clerk.com/eyJ0eXBlIjoicHJveHkiLCJzcmMiOiJodHRwczovL2ltYWdlcy5jbGVyay5kZXYvb2F1dGhfZ29vZ2xlL2ltZ18ycHhOVURvR2tDY3pjQnBwckVnNUQzYTNJeFQifQ'),
	('user_2pxqZshUi9gDDSB9dyHTPkgarB9', '2024-12-09 04:22:14.469', '2024-12-09 04:22:14.469', 'Sam', 'Zuk', 'sam11120a', 'https://img.clerk.com/eyJ0eXBlIjoicHJveHkiLCJzcmMiOiJodHRwczovL2ltYWdlcy5jbGVyay5kZXYvb2F1dGhfZ29vZ2xlL2ltZ18ycHhxWm9zQllzeHVkZmhleFBySTlZNHNBWFgifQ'),
	('user_2pxYwQX74hlZFq0Gq9S8jlZDzb4', '2024-12-09 01:57:13.442', '2024-12-10 19:04:09.19', 'Amelia', 'Sinclaire', 'squid', 'https://img.clerk.com/eyJ0eXBlIjoicHJveHkiLCJzcmMiOiJodHRwczovL2ltYWdlcy5jbGVyay5kZXYvdXBsb2FkZWQvaW1nXzJxMk94OUlPdjI3VlAwN1F3T3J4R1R1aG11ayJ9'),
	('user_2q8Br8MyR8xsueKX2v4X6xLWQrK', '2024-12-12 20:15:20.435', '2024-12-12 20:15:20.435', 'Hart', 'Mills', 'hart', 'https://img.clerk.com/eyJ0eXBlIjoicHJveHkiLCJzcmMiOiJodHRwczovL2ltYWdlcy5jbGVyay5kZXYvb2F1dGhfZ29vZ2xlL2ltZ18ycThCcjdBMmJLTlRSUVVDU0hlUmZGUWhYckYifQ'),
	('user_2q0juo4kcPfzE9WkHtQgMjmyPdR', '2024-12-10 04:56:55.317', '2024-12-16 17:50:18.164', 'Rye', 'Sullivan', 'ryeshere', 'https://img.clerk.com/eyJ0eXBlIjoicHJveHkiLCJzcmMiOiJodHRwczovL2ltYWdlcy5jbGVyay5kZXYvb2F1dGhfZ29vZ2xlL2ltZ18ycTBqdXIyYmdMQ1NZRVFqWU1wYWNtTllvS00ifQ'),
	('user_2pxIlNKSih8keDNvHBki7nqmUr3', '2024-12-08 23:44:14.069', '2025-02-22 21:40:16.57', 'Jenna', 'Parrillo', 'jenna', 'https://img.clerk.com/eyJ0eXBlIjoicHJveHkiLCJzcmMiOiJodHRwczovL2ltYWdlcy5jbGVyay5kZXYvdXBsb2FkZWQvaW1nXzJxUFl5M1R4QUhrZXZwRHBtSHpDS3hOUWd3RiJ9'),
	('user_2qXt7LzZ0LOmwKl2JE69DwLedP8', '2024-12-21 22:36:23.983', '2024-12-21 22:36:23.983', 'Caroline', NULL, 'caroline', 'https://img.clerk.com/eyJ0eXBlIjoicHJveHkiLCJzcmMiOiJodHRwczovL2ltYWdlcy5jbGVyay5kZXYvb2F1dGhfZ29vZ2xlL2ltZ18ycVh0N05mcVpMS0RkREhmelhlQjJrc0p2bWsifQ'),
	('user_2qXtyFh0WjaumIDaw0Hk9IDpOqO', '2024-12-21 22:43:23.623', '2024-12-21 22:43:23.623', 'Val', NULL, 'zizi', 'https://img.clerk.com/eyJ0eXBlIjoicHJveHkiLCJzcmMiOiJodHRwczovL2ltYWdlcy5jbGVyay5kZXYvb2F1dGhfZ29vZ2xlL2ltZ18ycVh0eTlRdEVCUzJ1eHhwSE5NN1ZKaGdXcUYifQ'),
	('user_2qXuj4xTODVkipPAKPZfEwFhWEa', '2024-12-21 22:49:34.402', '2024-12-21 22:49:34.402', 'Andrew', NULL, 'andrewlevitt', 'https://img.clerk.com/eyJ0eXBlIjoicHJveHkiLCJzcmMiOiJodHRwczovL2ltYWdlcy5jbGVyay5kZXYvb2F1dGhfZ29vZ2xlL2ltZ18ycVh1ajNpQ3lJcUpTV0JYV3pRSmpFRVExQmsifQ'),
	('user_2qXvT5BncbJT6BDHsxjCBpxDaqd', '2024-12-21 22:55:40.237', '2024-12-21 22:55:40.237', 'Keven', 'DeOliveira', 'kevendeoliveira', 'https://img.clerk.com/eyJ0eXBlIjoicHJveHkiLCJzcmMiOiJodHRwczovL2ltYWdlcy5jbGVyay5kZXYvb2F1dGhfZ29vZ2xlL2ltZ18ycVh2VDFQeG5hOGZKNlVZTlg3M0lhMW0xaGkifQ'),
	('user_2qXvz3F7XfVS5yzIrhKIseuQhTe', '2024-12-21 22:59:58.018', '2024-12-21 22:59:58.018', 'Emily', 'Freeman', 'emfreeman13', 'https://img.clerk.com/eyJ0eXBlIjoiZGVmYXVsdCIsImlpZCI6Imluc18yZ2tnS2ZmazR5elJpOG1VUDJuaXpYdVpSZUgiLCJyaWQiOiJ1c2VyXzJxWHZ6M0Y3WGZWUzV5eklyaEtJc2V1UWhUZSIsImluaXRpYWxzIjoiRUYifQ'),
	('user_2qXu7cIYYq2504jctuGgbYP9jrd', '2024-12-21 22:44:35.384', '2024-12-21 23:00:34.22', 'sammy', 'bee', 'sam_', 'https://img.clerk.com/eyJ0eXBlIjoicHJveHkiLCJzcmMiOiJodHRwczovL2ltYWdlcy5jbGVyay5kZXYvdXBsb2FkZWQvaW1nXzJxWHc0MldCeHZEMDk0MmVQSGp2TUMxM2trYSJ9'),
	('user_2qZYvrzPvteX8RQATXArIMoxldY', '2024-12-22 12:50:02.052', '2024-12-22 12:50:02.052', 'Willow', 'McKeon', 'willow', 'https://img.clerk.com/eyJ0eXBlIjoicHJveHkiLCJzcmMiOiJodHRwczovL2ltYWdlcy5jbGVyay5kZXYvb2F1dGhfZ29vZ2xlL2ltZ18ycVpZdm1zUEViQ2lyNU83NTM5YnZFYXdGV2gifQ'),
	('user_2qZi0jvxsdzkVNqwobjRlQ3iskm', '2024-12-22 14:04:38.627', '2024-12-22 14:04:38.627', 'Felicia', NULL, 'felicia', 'https://img.clerk.com/eyJ0eXBlIjoicHJveHkiLCJzcmMiOiJodHRwczovL2ltYWdlcy5jbGVyay5kZXYvb2F1dGhfZ29vZ2xlL2ltZ18ycVppMGkybjZxNmtsZm4zN083UzVOQTRLNVkifQ'),
	('user_2qcNO0ow3jyVp2um93Z1uyppoYq', '2024-12-23 12:44:29.745', '2024-12-23 12:44:29.745', 'Madeline', 'Sovie', 'maddie', 'https://img.clerk.com/eyJ0eXBlIjoicHJveHkiLCJzcmMiOiJodHRwczovL2ltYWdlcy5jbGVyay5kZXYvb2F1dGhfZ29vZ2xlL2ltZ18ycWNOTzRUUzNiSHZ2eERiWTBKSWxZS2k1ZjMifQ'),
	('user_2qdBkHvtNG7it25tGKwVfu1IHu0', '2024-12-23 19:38:34.435', '2024-12-23 19:38:34.435', 'Edward', 'Ames', 'hames', 'https://img.clerk.com/eyJ0eXBlIjoicHJveHkiLCJzcmMiOiJodHRwczovL2ltYWdlcy5jbGVyay5kZXYvb2F1dGhfZ29vZ2xlL2ltZ18ycWRCa0JXaHg1MWlJZzI3eEV5dEZwVnZXR08ifQ'),
	('user_2qfiEOnVDHXCiD0hnntCR7z0Yd3', '2024-12-24 17:05:20.451', '2024-12-24 17:05:20.451', 'Elena', 'Daly', 'elenadaly', 'https://img.clerk.com/eyJ0eXBlIjoicHJveHkiLCJzcmMiOiJodHRwczovL2ltYWdlcy5jbGVyay5kZXYvb2F1dGhfZ29vZ2xlL2ltZ18ycWZpRUtsWGlsY0pWS1JlTEczMWNyUEFjZHUifQ'),
	('user_2qjBdi0z9omzbQfb94EDNH81vTb', '2024-12-25 22:36:35.504', '2024-12-25 22:36:35.504', 'Jen', 'L', 'jlg2023', 'https://img.clerk.com/eyJ0eXBlIjoicHJveHkiLCJzcmMiOiJodHRwczovL2ltYWdlcy5jbGVyay5kZXYvb2F1dGhfZ29vZ2xlL2ltZ18ycWpCZGdxYzZtaU5qc0FZaE1rdHh6QUU4NkgifQ'),
	('user_2qky9kslcsW1Ul1QItKSD4NtznZ', '2024-12-26 13:45:22.933', '2024-12-26 13:45:22.933', 'Charlie', 'Gilfeather', 'charliegilfeather', 'https://img.clerk.com/eyJ0eXBlIjoicHJveHkiLCJzcmMiOiJodHRwczovL2ltYWdlcy5jbGVyay5kZXYvb2F1dGhfZ29vZ2xlL2ltZ18ycWt5OW9jd1FrbGNYWXNnbHlOeUNzMmt4aG4ifQ'),
	('user_2qlYyXYE4eRckN1EF1zZOByeBjs', '2024-12-26 18:48:07.972', '2024-12-26 18:48:07.972', 'Ambre', 'Demers', 'nanobyte427', 'https://img.clerk.com/eyJ0eXBlIjoicHJveHkiLCJzcmMiOiJodHRwczovL2ltYWdlcy5jbGVyay5kZXYvb2F1dGhfZ29vZ2xlL2ltZ18ycWxZeWhiaE5ncGhnWXJJUDNwN0QwOHVNOUoifQ'),
	('user_2qmV1kIlw8Mrbah7hC0ZpwRzqk1', '2024-12-27 02:45:27.884', '2024-12-27 02:45:27.884', 'Anthony', 'Cox', 'antroxia', 'https://img.clerk.com/eyJ0eXBlIjoicHJveHkiLCJzcmMiOiJodHRwczovL2ltYWdlcy5jbGVyay5kZXYvb2F1dGhfZ29vZ2xlL2ltZ18ycW1WMW1QVXFsZGxVb3hwTlhaTU5jekpnM3EifQ'),
	('user_2qmgsExeQBYnKRY9pJSUCOBqiUk', '2024-12-27 04:22:52.321', '2024-12-27 04:22:52.321', 'Vanessa', 'Komada', 'locness', 'https://img.clerk.com/eyJ0eXBlIjoicHJveHkiLCJzcmMiOiJodHRwczovL2ltYWdlcy5jbGVyay5kZXYvb2F1dGhfZ29vZ2xlL2ltZ18ycW1nczd1SVlFTWc3bTR6Q0ZrNW9nTlY5MzEifQ'),
	('user_2qodcrTO89FebG5hPQ0M5MxVc5j', '2024-12-27 20:55:46.052', '2024-12-27 20:55:46.052', 'DeAndre', 'Molina', 'malarky', 'https://img.clerk.com/eyJ0eXBlIjoicHJveHkiLCJzcmMiOiJodHRwczovL2ltYWdlcy5jbGVyay5kZXYvb2F1dGhfZ29vZ2xlL2ltZ18ycW9kY3FKYW9KVWNjalJhRkt1MjJBNjhzMmMifQ'),
	('user_2qJCBirAPGiPA3s7sw2nKLxOA4J', '2024-12-16 17:46:01.127', '2025-03-23 20:29:30.739', 'samson', 'willcox', 'samson', 'https://img.clerk.com/eyJ0eXBlIjoicHJveHkiLCJzcmMiOiJodHRwczovL2ltYWdlcy5jbGVyay5kZXYvdXBsb2FkZWQvaW1nXzJ0bFNsR1R0UldMNlRsQUNYbG82WGN1Q1JJbCJ9'),
	('user_2pxOSIQe1zOYF35MUm3eVcGBHxm', '2024-12-09 00:31:02.06', '2025-03-15 02:01:03.887', 'Ryan', 'Wallace', 'cubis', 'https://img.clerk.com/eyJ0eXBlIjoicHJveHkiLCJzcmMiOiJodHRwczovL2ltYWdlcy5jbGVyay5kZXYvdXBsb2FkZWQvaW1nXzJ1S2pHNkRNU3hmZzV3eWRTN25MdzdWdWVVRCJ9'),
	('user_2qu0pYUFO17XJivy1BxnSUsSodQ', '2024-12-29 18:35:40.714', '2024-12-29 18:35:40.714', 'Taylor', 'McCormick', 'wickedwitchoftheeast_', 'https://img.clerk.com/eyJ0eXBlIjoicHJveHkiLCJzcmMiOiJodHRwczovL2ltYWdlcy5jbGVyay5kZXYvb2F1dGhfZ29vZ2xlL2ltZ18ycXUwcFpYdHVORU9HQnJkQlZ5TmxYaE1UcTUifQ'),
	('user_2qdDEkCj1VqK2Yyv3zFCzhCqnvK', '2024-12-23 19:50:49.786', '2024-12-29 21:18:18.485', 'Rachel', 'Schlesinger', 'slushier', 'https://img.clerk.com/eyJ0eXBlIjoicHJveHkiLCJzcmMiOiJodHRwczovL2ltYWdlcy5jbGVyay5kZXYvdXBsb2FkZWQvaW1nXzJxdUtjOUhOcjFXNVV0ZjhyNFBKVll5VWQ1ZiJ9'),
	('user_2q0j71oqqBn0ZCtnuhjfQzwUXi1', '2024-12-10 04:50:18.308', '2025-06-12 03:04:08.388', 'Kay', NULL, '4kbirds', 'https://img.clerk.com/eyJ0eXBlIjoiZGVmYXVsdCIsImlpZCI6Imluc18yZ2tnS2ZmazR5elJpOG1VUDJuaXpYdVpSZUgiLCJyaWQiOiJ1c2VyXzJxMGo3MW9xcUJuMFpDdG51aGpmUXp3VVhpMSIsImluaXRpYWxzIjoiSyJ9'),
	('user_2qjBm0v67GGf3FEHYG9A4f0OeD5', '2024-12-25 22:37:39.361', '2025-10-24 22:05:02.8', 'emily', 'c', 'emily', 'https://img.clerk.com/eyJ0eXBlIjoiZGVmYXVsdCIsImlpZCI6Imluc18yZ2tnS2ZmazR5elJpOG1VUDJuaXpYdVpSZUgiLCJyaWQiOiJ1c2VyXzJxakJtMHY2N0dHZjNGRUhZRzlBNGYwT2VENSIsImluaXRpYWxzIjoiRUMifQ'),
	('user_2qzUHgaehnYT0Ukjj55uLItOkCo', '2024-12-31 17:06:53.034', '2024-12-31 17:06:53.034', 'Sun', 'Rolon', 'sunrolon', 'https://img.clerk.com/eyJ0eXBlIjoicHJveHkiLCJzcmMiOiJodHRwczovL2ltYWdlcy5jbGVyay5kZXYvb2F1dGhfZ29vZ2xlL2ltZ18ycXpVSGNyaDBKZXU2dWhUWHcxNEpLSVpNU0kifQ'),
	('user_2rKYnUt5MwIw3OtjpGwpRI6MvXq', '2025-01-08 04:10:04.316', '2025-01-08 04:10:04.316', 'Laurel', 'Potemri', 'llaurelll', 'https://img.clerk.com/eyJ0eXBlIjoicHJveHkiLCJzcmMiOiJodHRwczovL2ltYWdlcy5jbGVyay5kZXYvb2F1dGhfZ29vZ2xlL2ltZ18ycktZbmcxZ0E5MThVODIxSVlhWUhWZDIyUU0ifQ'),
	('user_2rXg2CSKL3GLj7W4HzmIqCXyTkp', '2025-01-12 19:37:06.707', '2025-01-12 19:37:06.707', 'Mo', 'Muscarella', 'momuscarella', 'https://img.clerk.com/eyJ0eXBlIjoiZGVmYXVsdCIsImlpZCI6Imluc18yZ2tnS2ZmazR5elJpOG1VUDJuaXpYdVpSZUgiLCJyaWQiOiJ1c2VyXzJyWGcyQ1NLTDNHTGo3VzRIem1JcUNYeVRrcCIsImluaXRpYWxzIjoiTU0ifQ'),
	('user_2s0IFjHqEsjtbaTd8JecRjX9l5Y', '2025-01-22 22:46:06.321', '2025-01-22 22:46:06.321', 'Jishva', 'Shah', 'jish30', 'https://img.clerk.com/eyJ0eXBlIjoicHJveHkiLCJzcmMiOiJodHRwczovL2ltYWdlcy5jbGVyay5kZXYvb2F1dGhfZ29vZ2xlL2ltZ18yczBJRmlIN0U2cVc0cDhlcElRZ0gzWnAxa2cifQ'),
	('user_2sM9R4fBQIoNerhMTg4FQca9ea3', '2025-01-30 16:29:26.284', '2025-02-06 23:45:02.019', 'Rose', NULL, 'rose', 'https://img.clerk.com/eyJ0eXBlIjoicHJveHkiLCJzcmMiOiJodHRwczovL2ltYWdlcy5jbGVyay5kZXYvb2F1dGhfZ29vZ2xlL2ltZ18yc005UXlKcmh2T3ZrUHFtRVd0Qm9PZFNuSDcifQ'),
	('user_2tPhzkgjSYu4os8ZsUVt3QaO0fQ', '2025-02-22 21:31:31.307', '2025-02-22 21:31:31.307', 'Joseph', 'Benge', 'joeperson6', 'https://img.clerk.com/eyJ0eXBlIjoicHJveHkiLCJzcmMiOiJodHRwczovL2ltYWdlcy5jbGVyay5kZXYvb2F1dGhfZ29vZ2xlL2ltZ18ydFBoenIxOGxSMlpJbnl5SU9zMTA2NFVOSXQifQ'),
	('user_2tPiEdm7oKMd9SrsLKqHf4tuSBt', '2025-02-22 21:33:19.434', '2025-02-22 21:33:19.434', 'Max', 'Reiter', 'holedaemon', 'https://img.clerk.com/eyJ0eXBlIjoicHJveHkiLCJzcmMiOiJodHRwczovL2ltYWdlcy5jbGVyay5kZXYvb2F1dGhfZ29vZ2xlL2ltZ18ydFBpRWJGYW1UWW45WmUxaEo4Y2tZUnM3OEIifQ'),
	('user_2tgw7KndhCmBXHvq5ptSVfXTgi5', '2025-02-28 23:54:19.031', '2025-03-01 00:02:32.738', 'Emmalyn', 'Woods', 'boob', 'https://img.clerk.com/eyJ0eXBlIjoiZGVmYXVsdCIsImlpZCI6Imluc18yZ2tnS2ZmazR5elJpOG1VUDJuaXpYdVpSZUgiLCJyaWQiOiJ1c2VyXzJ0Z3c3S25kaENtQlhIdnE1cHRTVmZYVGdpNSIsImluaXRpYWxzIjoiRVcifQ'),
	('user_2tgdnaonBhZgH5rAdERtV3lociH', '2025-02-28 21:23:40.859', '2025-03-01 00:03:26.141', 'Mez', 'Mezzapelle', 'fart', 'https://img.clerk.com/eyJ0eXBlIjoiZGVmYXVsdCIsImlpZCI6Imluc18yZ2tnS2ZmazR5elJpOG1VUDJuaXpYdVpSZUgiLCJyaWQiOiJ1c2VyXzJ0Z2RuYW9uQmhaZ0g1ckFkRVJ0VjNsb2NpSCIsImluaXRpYWxzIjoiTU0ifQ'),
	('user_2tgdFbz4ZpdAMNoeH5ZHtOGiI6d', '2025-02-28 21:19:10.976', '2025-03-01 00:03:57.389', 'Christina', 'I', 'poop', 'https://img.clerk.com/eyJ0eXBlIjoicHJveHkiLCJzcmMiOiJodHRwczovL2ltYWdlcy5jbGVyay5kZXYvdXBsb2FkZWQvaW1nXzJ0Z3hJNXVKMUtROVhGdTdPTWR6QllzRW1YcCJ9'),
	('user_2tgwqYfWHJ4rhY6SzeO5hpxpkQY', '2025-03-01 00:00:18.231', '2025-03-01 00:07:51.337', 'Katharine', 'Hoskyns', 'butt', 'https://img.clerk.com/eyJ0eXBlIjoicHJveHkiLCJzcmMiOiJodHRwczovL2ltYWdlcy5jbGVyay5kZXYvb2F1dGhfZ29vZ2xlL2ltZ18ydGd3cVZuWURGVmlTcmg2R3pQQ01MSFJhY1gifQ'),
	('user_2tjd6RBRG29OhX1EvjuA1lse4at', '2025-03-01 22:47:23.815', '2025-03-01 22:47:23.815', 'Nia', 'Franklin', 'niafranklin', 'https://img.clerk.com/eyJ0eXBlIjoicHJveHkiLCJzcmMiOiJodHRwczovL2ltYWdlcy5jbGVyay5kZXYvb2F1dGhfZ29vZ2xlL2ltZ18ydGpkNk9YbHNMUGVSdlQ5M1dQRUtTZ2tac0EifQ'),
	('user_2tlkdUBuIbjVJpUS4L2ocBvGi07', '2025-03-02 16:48:57.845', '2025-03-02 16:48:57.845', 'Ava', 'Hawco', 'avaaaaaaaaa', 'https://img.clerk.com/eyJ0eXBlIjoicHJveHkiLCJzcmMiOiJodHRwczovL2ltYWdlcy5jbGVyay5kZXYvb2F1dGhfZ29vZ2xlL2ltZ18ydGxrZFVsWGJVQVc5UlowUnZXV1JSWE9OMnUifQ'),
	('user_2u8XaTVn8zZSY8vQzy6fMeMTSon', '2025-03-10 18:27:21.081', '2025-03-10 18:27:21.081', 'Reign', 'Down', 'reign', 'https://img.clerk.com/eyJ0eXBlIjoicHJveHkiLCJzcmMiOiJodHRwczovL2ltYWdlcy5jbGVyay5kZXYvb2F1dGhfZ29vZ2xlL2ltZ18ydThYYVZHc2E5cjY3QkVQbkdKbmlET1pzMFcifQ'),
	('user_2uEewolUDfRp3mtPudecURebPXP', '2025-03-12 22:26:44.587', '2025-03-12 22:26:44.587', 'Amelia', 'Sinclaire', 'amelia', 'https://img.clerk.com/eyJ0eXBlIjoicHJveHkiLCJzcmMiOiJodHRwczovL2ltYWdlcy5jbGVyay5kZXYvb2F1dGhfZ29vZ2xlL2ltZ18ydUVld3BJTTNTTzhOZG9tUnEySnRWM2ZtWmkifQ'),
	('user_2ujQHT3LPFcpWezbNgZ1D93CR7Z', '2025-03-23 19:50:17.659', '2025-03-23 19:50:17.659', 'Kam', 'Mori', 'kamori25', 'https://img.clerk.com/eyJ0eXBlIjoicHJveHkiLCJzcmMiOiJodHRwczovL2ltYWdlcy5jbGVyay5kZXYvb2F1dGhfZ29vZ2xlL2ltZ18ydWpRSFd5ZnJCWm5WelV1YXBMSE9sTEtvTVgifQ'),
	('user_2ujXv8tbDgbCRTLpw5mJ2oMdqz4', '2025-03-23 20:53:07.177', '2025-03-23 20:53:07.177', 'Jack', 'Whitten', 'jack', 'https://img.clerk.com/eyJ0eXBlIjoicHJveHkiLCJzcmMiOiJodHRwczovL2ltYWdlcy5jbGVyay5kZXYvb2F1dGhfZ29vZ2xlL2ltZ18ydWpYdjZKQVpwS0RTTkVQSWdMU2xhb0lldW4ifQ'),
	('user_2uly1bOmcrAmtLqlsXxnOfDEPTI', '2025-03-24 17:27:24.114', '2025-03-24 17:27:24.114', 'Jake', 'Okrent', 'jokrent', 'https://img.clerk.com/eyJ0eXBlIjoicHJveHkiLCJzcmMiOiJodHRwczovL2ltYWdlcy5jbGVyay5kZXYvb2F1dGhfZ29vZ2xlL2ltZ18ydWx5MWJwUTlwU0tveWl1V0x3a0hycGVxZW8ifQ'),
	('user_2umgQCaiAFjWbPmEysY2D7kAlKM', '2025-03-24 23:32:28.276', '2025-03-24 23:32:28.276', 'Derquan', 'Boyd', 'thelongquiet', 'https://img.clerk.com/eyJ0eXBlIjoiZGVmYXVsdCIsImlpZCI6Imluc18yZ2tnS2ZmazR5elJpOG1VUDJuaXpYdVpSZUgiLCJyaWQiOiJ1c2VyXzJ1bWdRQ2FpQUZqV2JQbUV5c1kyRDdrQWxLTSIsImluaXRpYWxzIjoiREIifQ'),
	('user_2umgvmr8HL6154Y2D9IJ7lHavJH', '2025-03-24 23:36:37.633', '2025-03-24 23:36:37.633', 'Madison', 'Desmond', 'maddy', 'https://img.clerk.com/eyJ0eXBlIjoicHJveHkiLCJzcmMiOiJodHRwczovL2ltYWdlcy5jbGVyay5kZXYvb2F1dGhfZ29vZ2xlL2ltZ18ydW1ndmxkWmVjUDRJelptT3RmVng3WnFxcEEifQ'),
	('user_2vElW4KluByn93aQEk75h1t3RKD', '2025-05-25 02:22:58.156', '2025-05-25 02:23:44.997', 'Molly', NULL, 'molly', 'https://img.clerk.com/eyJ0eXBlIjoicHJveHkiLCJzcmMiOiJodHRwczovL2ltYWdlcy5jbGVyay5kZXYvb2F1dGhfZ29vZ2xlL2ltZ18ydkVsVzR6NUpKUm5nZXVDbjFtbU02OWIxZlUifQ'),
	('user_32LWIRyhLW8dvKuheIGYCNe1quP', '2025-09-06 23:11:01.556', '2025-09-06 23:11:01.556', 'Stars', '_', 'stars_ya', 'https://img.clerk.com/eyJ0eXBlIjoicHJveHkiLCJzcmMiOiJodHRwczovL2ltYWdlcy5jbGVyay5kZXYvb2F1dGhfZ29vZ2xlL2ltZ18zMkxXSVNibkJBbVJqOXhpSWxrZVJHR0x6NHIifQ'),
	('user_2zi3efgsNvTa2mr0AMyKPK0iBDK', '2025-07-11 02:16:11.809', '2025-07-11 02:16:11.809', 'Cameron', 'Samodai', 'redblockpowered', 'https://img.clerk.com/eyJ0eXBlIjoicHJveHkiLCJzcmMiOiJodHRwczovL2ltYWdlcy5jbGVyay5kZXYvb2F1dGhfZ29vZ2xlL2ltZ18yemkzZWRRdzNnbmhrdkRFa1Y5RWhjMHlOZ04ifQ'),
	('user_303u11Xu0BOUNNQLgIWtEd0REFt', '2025-07-18 19:52:41.504', '2025-07-18 19:52:41.504', 'Jeremy', 'Ary', 'jary', 'https://img.clerk.com/eyJ0eXBlIjoicHJveHkiLCJzcmMiOiJodHRwczovL2ltYWdlcy5jbGVyay5kZXYvb2F1dGhfZ29vZ2xlL2ltZ18zMDN1MTNKUHg0M0J3OWs1WkRBTEEyd2IwaFAifQ'),
	('user_30J9fgEi97Kb4jYylgNLywS5KDt', '2025-07-24 05:28:35.857', '2025-07-24 05:28:35.857', 'harshal', 'dafade', 'harshal', 'https://img.clerk.com/eyJ0eXBlIjoicHJveHkiLCJzcmMiOiJodHRwczovL2ltYWdlcy5jbGVyay5kZXYvb2F1dGhfZ29vZ2xlL2ltZ18zMEo5Zmx3NGtOOUZ1MzI0WDRwSDFkeHhJZ24ifQ'),
	('user_32NirbPSV4d7rQm4GeKjXrvyEP6', '2025-09-07 17:53:53.216', '2025-09-07 17:54:52.855', 'Erin', 'L', 'erin', 'https://img.clerk.com/eyJ0eXBlIjoicHJveHkiLCJzcmMiOiJodHRwczovL2ltYWdlcy5jbGVyay5kZXYvb2F1dGhfZ29vZ2xlL2ltZ18zMk5pcmg3UWRuVFZ6NG5wMlNERExsNXAwaVMifQ'),
	('user_32NkBS2HRLYo7AGkEq33ZbSo7Tj', '2025-09-07 18:04:44.173', '2025-09-07 18:04:44.173', 'Sage', 'Hallows', 'graveghoul42', 'https://img.clerk.com/eyJ0eXBlIjoiZGVmYXVsdCIsImlpZCI6Imluc18yZ2tnS2ZmazR5elJpOG1VUDJuaXpYdVpSZUgiLCJyaWQiOiJ1c2VyXzMyTmtCUzJIUkxZbzdBR2tFcTMzWmJTbzdUaiIsImluaXRpYWxzIjoiU0gifQ'),
	('user_32NbO199kC2l6n1sxyS69OHF4jU', '2025-09-07 16:52:23.633', '2025-09-09 01:09:12.104', 'Vic', NULL, 'vlamb95', 'https://img.clerk.com/eyJ0eXBlIjoicHJveHkiLCJzcmMiOiJodHRwczovL2ltYWdlcy5jbGVyay5kZXYvb2F1dGhfZ29vZ2xlL2ltZ18zMk5iTzFFWUkzM2JBYmRvN2hqOVNha24yTjMifQ'),
	('user_32Rj4egreFNfMN6eo53Lm7oWXNY', '2025-09-09 03:54:51.589', '2025-09-09 03:54:51.589', 'Foster', 'Tassey', 'fostah', 'https://img.clerk.com/eyJ0eXBlIjoiZGVmYXVsdCIsImlpZCI6Imluc18yZ2tnS2ZmazR5elJpOG1VUDJuaXpYdVpSZUgiLCJyaWQiOiJ1c2VyXzMyUmo0ZWdyZUZOZk1ONmVvNTNMbTdvV1hOWSIsImluaXRpYWxzIjoiRlQifQ'),
	('user_32VdFXKNsEeDm5hBfZfTvmIwoIb', '2025-09-10 13:06:13.01', '2025-09-10 13:06:13.01', 'Emmanuel', 'Milhomme', 'eman', 'https://img.clerk.com/eyJ0eXBlIjoicHJveHkiLCJzcmMiOiJodHRwczovL2ltYWdlcy5jbGVyay5kZXYvb2F1dGhfZ29vZ2xlL2ltZ18zMlZkRlk3clhseURCWmR5YWs1cGQxMFBxMHQifQ'),
	('user_32ZMFC2aJGu9DDWfYUsFfncdf7r', '2025-09-11 20:45:37.083', '2025-09-11 20:45:37.083', 'Marc', 'Pierre', 'marcsllite', 'https://img.clerk.com/eyJ0eXBlIjoicHJveHkiLCJzcmMiOiJodHRwczovL2ltYWdlcy5jbGVyay5kZXYvb2F1dGhfZ29vZ2xlL2ltZ18zMlpNRkJVNGFZNEx3V1lDM1piRnZEaFZkdXAifQ'),
	('user_2iclMU63hXRNSSAtVCEhusch9Yu', '2024-07-01 01:34:57.839', '2025-10-25 00:54:37.878', 'Theia', 'Surette', 'theia', 'https://img.clerk.com/eyJ0eXBlIjoicHJveHkiLCJzcmMiOiJodHRwczovL2ltYWdlcy5jbGVyay5kZXYvdXBsb2FkZWQvaW1nXzM0S3RUNXFlNkk4RXNVdDFZRUxoeHlXUlNMbCJ9'),
	('user_34Loulq5mYNFoDhtxsZox2Zekn2', '2025-10-25 01:37:14.786', '2025-10-25 01:37:14.786', 'Jack', 'Hearts', 'jackofhearts', 'https://img.clerk.com/eyJ0eXBlIjoicHJveHkiLCJzcmMiOiJodHRwczovL2ltYWdlcy5jbGVyay5kZXYvb2F1dGhfZ29vZ2xlL2ltZ18zNExvdWxJdzdjZzRqMVNaTmlzNnlFaXNyYVQifQ'),
	('user_354QSYRwFYXhENBG2R0GVxQvTRR', '2025-11-05 18:21:08.165', '2025-11-05 18:21:08.165', 'Nicole', 'Veneto', 'nveneto', 'https://img.clerk.com/eyJ0eXBlIjoiZGVmYXVsdCIsImlpZCI6Imluc18yZ2tnS2ZmazR5elJpOG1VUDJuaXpYdVpSZUgiLCJyaWQiOiJ1c2VyXzM1NFFTWVJ3RllYaEVOQkcyUjBHVnhRdlRSUiIsImluaXRpYWxzIjoiTlYifQ');


--
-- Data for Name: Membership; Type: TABLE DATA; Schema: public; Owner: postgres
--

INSERT INTO "public"."Membership" ("id", "personId", "eventId", "role", "rsvpStatus") VALUES
	('cly2bbeer0003yxcncwfrl0pe', 'user_2iclueh2BAT0p0lUhxBy0XhMelK', 'cly2bbeer0001yxcnz1xqxnqc', 'ORGANIZER', 'YES'),
	('cm4g901jl0002h3kbf99v9o0d', 'user_2iclMU63hXRNSSAtVCEhusch9Yu', 'cm4g901jk0000h3kbnb3vboot', 'ORGANIZER', 'YES'),
	('cm4g9468f0001cq6ge5tm29w2', 'user_2pxIlNKSih8keDNvHBki7nqmUr3', 'cm4g901jk0000h3kbnb3vboot', 'ATTENDEE', 'PENDING'),
	('cm4gagzcs00015f26brduxs0d', 'user_2pxNU8dtcBksO1LOGn5DLjhmGRi', 'cm4g901jk0000h3kbnb3vboot', 'ATTENDEE', 'PENDING'),
	('cm4gar7iy00037qitc48ujr4y', 'user_2pxOSIQe1zOYF35MUm3eVcGBHxm', 'cm4g901jk0000h3kbnb3vboot', 'ATTENDEE', 'PENDING'),
	('cm4gdufqw0001ga58o59fy9bw', 'user_2pxYwQX74hlZFq0Gq9S8jlZDzb4', 'cm4g901jk0000h3kbnb3vboot', 'ATTENDEE', 'PENDING'),
	('cm4gf4cc00001mqmp6j7i0wb7', 'user_2iclueh2BAT0p0lUhxBy0XhMelK', 'cm4g901jk0000h3kbnb3vboot', 'ATTENDEE', 'PENDING'),
	('cm4hzpcdu0001fqcy55mzcero', 'user_2q0juo4kcPfzE9WkHtQgMjmyPdR', 'cm4g901jk0000h3kbnb3vboot', 'ATTENDEE', 'PENDING'),
	('cm4lrdtd800018t21se18y6tf', 'user_2q8Br8MyR8xsueKX2v4X6xLWQrK', 'cm4g901jk0000h3kbnb3vboot', 'ATTENDEE', 'PENDING'),
	('cm4rbtem50001j6vncwmd923x', 'user_2qJCBirAPGiPA3s7sw2nKLxOA4J', 'cm4g901jk0000h3kbnb3vboot', 'ATTENDEE', 'PENDING'),
	('cm4yr32wo00025wsphv2hh76o', 'user_2iclMU63hXRNSSAtVCEhusch9Yu', 'cm4yr32wm00005wsp82p73dmh', 'ORGANIZER', 'YES'),
	('cm4yr9nup0003ns6c33mru4jc', 'user_2q8Br8MyR8xsueKX2v4X6xLWQrK', 'cm4yr32wm00005wsp82p73dmh', 'ATTENDEE', 'PENDING'),
	('cm4yrbaf70001subgawpd2zkb', 'user_2pxYwQX74hlZFq0Gq9S8jlZDzb4', 'cm4yr32wm00005wsp82p73dmh', 'ATTENDEE', 'PENDING'),
	('cm4yrdu7l0005cn1hok5q3lsw', 'user_2qXt7LzZ0LOmwKl2JE69DwLedP8', 'cm4yr32wm00005wsp82p73dmh', 'ATTENDEE', 'PENDING'),
	('cm4yrmu7l00085wspphx6mfkh', 'user_2qXtyFh0WjaumIDaw0Hk9IDpOqO', 'cm4yr32wm00005wsp82p73dmh', 'ATTENDEE', 'PENDING'),
	('cm4yr6ba50001cn1hnmofgzad', 'user_2pxIlNKSih8keDNvHBki7nqmUr3', 'cm4yr32wm00005wsp82p73dmh', 'MODERATOR', 'PENDING'),
	('cm4ys2qeh0001wdeb13ruist7', 'user_2qXvT5BncbJT6BDHsxjCBpxDaqd', 'cm4yr32wm00005wsp82p73dmh', 'ATTENDEE', 'PENDING'),
	('cm4ys84st0003wdebsec4vtgf', 'user_2qXvz3F7XfVS5yzIrhKIseuQhTe', 'cm4yr32wm00005wsp82p73dmh', 'ATTENDEE', 'PENDING'),
	('cm4yscuq40007cn1h8uumrasq', 'user_2qXu7cIYYq2504jctuGgbYP9jrd', 'cm4yr32wm00005wsp82p73dmh', 'ATTENDEE', 'PENDING'),
	('cm4ysf6ou0009cn1h4qd8ndu4', 'user_2pxNU8dtcBksO1LOGn5DLjhmGRi', 'cm4yr32wm00005wsp82p73dmh', 'ATTENDEE', 'PENDING'),
	('cm4ywyby1000191j7igys8pzt', 'user_2q0juo4kcPfzE9WkHtQgMjmyPdR', 'cm4yr32wm00005wsp82p73dmh', 'ATTENDEE', 'PENDING'),
	('cm4zlvnnu00037coh67szjhtw', 'user_2qZYvrzPvteX8RQATXArIMoxldY', 'cm4yr32wm00005wsp82p73dmh', 'ATTENDEE', 'PENDING'),
	('cm4zojm3p00016mn51e3iwg4s', 'user_2qZi0jvxsdzkVNqwobjRlQ3iskm', 'cm4yr32wm00005wsp82p73dmh', 'ATTENDEE', 'PENDING'),
	('cm5114e4t00014nyco3pc71gl', 'user_2qcNO0ow3jyVp2um93Z1uyppoYq', 'cm4yr32wm00005wsp82p73dmh', 'ATTENDEE', 'PENDING'),
	('cm51fwwde0001qfbl5w292p03', 'user_2qdBkHvtNG7it25tGKwVfu1IHu0', 'cm4yr32wm00005wsp82p73dmh', 'ATTENDEE', 'PENDING'),
	('cm51ggiut00011skgwp7zhs31', 'user_2qdDEkCj1VqK2Yyv3zFCzhCqnvK', 'cm4yr32wm00005wsp82p73dmh', 'ATTENDEE', 'PENDING'),
	('cm52pw94k0001103usd4r4jhf', 'user_2qfiEOnVDHXCiD0hnntCR7z0Yd3', 'cm4yr32wm00005wsp82p73dmh', 'ATTENDEE', 'PENDING'),
	('cm54h6x4q0001m1klp6a0kybu', 'user_2qjBm0v67GGf3FEHYG9A4f0OeD5', 'cm4yr32wm00005wsp82p73dmh', 'ATTENDEE', 'PENDING'),
	('cm54i420j0001w7clru0eod3f', 'user_2iclueh2BAT0p0lUhxBy0XhMelK', 'cm4yr32wm00005wsp82p73dmh', 'ATTENDEE', 'PENDING'),
	('cm54lskep000195khi2ufbbyx', 'user_2qJCBirAPGiPA3s7sw2nKLxOA4J', 'cm4yr32wm00005wsp82p73dmh', 'ATTENDEE', 'PENDING'),
	('cm55dm7700001taed0ze2m7cj', 'user_2qky9kslcsW1Ul1QItKSD4NtznZ', 'cm4yr32wm00005wsp82p73dmh', 'ATTENDEE', 'PENDING'),
	('cm55ofky30001yxsm7vj6yob0', 'user_2qlYyXYE4eRckN1EF1zZOByeBjs', 'cm4yr32wm00005wsp82p73dmh', 'ATTENDEE', 'PENDING'),
	('cm565hlp90003ijirmo1l13g7', 'user_2qmV1kIlw8Mrbah7hC0ZpwRzqk1', 'cm4yr32wm00005wsp82p73dmh', 'ATTENDEE', 'PENDING'),
	('cm568you70001fxremq97bxov', 'user_2qmgsExeQBYnKRY9pJSUCOBqiUk', 'cm4yr32wm00005wsp82p73dmh', 'ATTENDEE', 'PENDING'),
	('cm578fjxc00011410gyg0mul5', 'user_2qodcrTO89FebG5hPQ0M5MxVc5j', 'cm4yr32wm00005wsp82p73dmh', 'ATTENDEE', 'PENDING'),
	('cm59yb2xi0003yo6jpqdx26af', 'user_2qu0pYUFO17XJivy1BxnSUsSodQ', 'cm4yr32wm00005wsp82p73dmh', 'ATTENDEE', 'PENDING'),
	('cm5byye5v0002ffltkqsndp99', 'user_2pxOSIQe1zOYF35MUm3eVcGBHxm', 'cm5byye5t0000fflt05mqcskk', 'ORGANIZER', 'YES'),
	('cm5bz037m00033jei4y2ast0w', 'user_2pxIlNKSih8keDNvHBki7nqmUr3', 'cm5byye5t0000fflt05mqcskk', 'ATTENDEE', 'PENDING'),
	('cm5bzf30j00012ay5so6yrh56', 'user_2pxYwQX74hlZFq0Gq9S8jlZDzb4', 'cm5byye5t0000fflt05mqcskk', 'ATTENDEE', 'PENDING'),
	('cm5cgwfc300011ybv8mbre2hj', 'user_2q8Br8MyR8xsueKX2v4X6xLWQrK', 'cm5byye5t0000fflt05mqcskk', 'ATTENDEE', 'PENDING'),
	('cm5cprfs1000111j1gogtzacf', 'user_2qXt7LzZ0LOmwKl2JE69DwLedP8', 'cm5byye5t0000fflt05mqcskk', 'ATTENDEE', 'PENDING'),
	('cm5cq0s760001u9memg7jpvcc', 'user_2qzUHgaehnYT0Ukjj55uLItOkCo', 'cm4yr32wm00005wsp82p73dmh', 'ATTENDEE', 'PENDING'),
	('cm5fpitqd0002a67h3fyscl41', 'user_2pxYwQX74hlZFq0Gq9S8jlZDzb4', 'cm5fpitqc0000a67hfqeu7f8i', 'ORGANIZER', 'YES'),
	('cm5fpt8mt0001au2gtf11d0ix', 'user_2pxIlNKSih8keDNvHBki7nqmUr3', 'cm5fpitqc0000a67hfqeu7f8i', 'ATTENDEE', 'PENDING'),
	('cm5fq4h7k00011jizosagx17c', 'user_2pxOSIQe1zOYF35MUm3eVcGBHxm', 'cm5fpitqc0000a67hfqeu7f8i', 'ATTENDEE', 'PENDING'),
	('cm5fq4upv00031jizej6atmig', 'user_2pxNU8dtcBksO1LOGn5DLjhmGRi', 'cm5fpitqc0000a67hfqeu7f8i', 'ATTENDEE', 'PENDING'),
	('cm5fq8b2i00051jizazz0uxud', 'user_2pxNU8dtcBksO1LOGn5DLjhmGRi', 'cm5byye5t0000fflt05mqcskk', 'ATTENDEE', 'PENDING'),
	('cm5ft7yjz000110yrio2let5s', 'user_2q8Br8MyR8xsueKX2v4X6xLWQrK', 'cm5fpitqc0000a67hfqeu7f8i', 'ATTENDEE', 'PENDING'),
	('cm5fudt800001d7xv4bzozuxk', 'user_2iclMU63hXRNSSAtVCEhusch9Yu', 'cm5fpitqc0000a67hfqeu7f8i', 'ATTENDEE', 'PENDING'),
	('cm5fv8xm70001lsr3s9skko81', 'user_2qXu7cIYYq2504jctuGgbYP9jrd', 'cm5fpitqc0000a67hfqeu7f8i', 'ATTENDEE', 'PENDING'),
	('cm5fwu4xv00013xy3sxslo1tq', 'user_2qJCBirAPGiPA3s7sw2nKLxOA4J', 'cm5fpitqc0000a67hfqeu7f8i', 'ATTENDEE', 'PENDING'),
	('cm5gcd6jn0001w2jsayvdymcd', 'user_2qXu7cIYYq2504jctuGgbYP9jrd', 'cm4g901jk0000h3kbnb3vboot', 'ATTENDEE', 'PENDING'),
	('cm5jw4s6p00015wky0p47whdu', 'user_2qZYvrzPvteX8RQATXArIMoxldY', 'cm5fpitqc0000a67hfqeu7f8i', 'ATTENDEE', 'PENDING'),
	('cm5ndshxf00012dbpl7870egl', 'user_2rKYnUt5MwIw3OtjpGwpRI6MvXq', 'cm4yr32wm00005wsp82p73dmh', 'ATTENDEE', 'PENDING'),
	('cm5u3yeog00015n069cdhbo6w', 'user_2pxOSIQe1zOYF35MUm3eVcGBHxm', 'cm4yr32wm00005wsp82p73dmh', 'ATTENDEE', 'PENDING'),
	('cm5u6kpo50001mfrypa1tqy39', 'user_2rXg2CSKL3GLj7W4HzmIqCXyTkp', 'cm4yr32wm00005wsp82p73dmh', 'ATTENDEE', 'PENDING'),
	('cm6jjw1ym0001naqqpbfd4zhy', 'user_2sM9R4fBQIoNerhMTg4FQca9ea3', 'cm4yr32wm00005wsp82p73dmh', 'ATTENDEE', 'PENDING'),
	('cm6tizchh000511vxd4sgqf52', 'user_2iclueh2BAT0p0lUhxBy0XhMelK', 'cm5fpitqc0000a67hfqeu7f8i', 'ATTENDEE', 'PENDING'),
	('cm6tj2oeb00011cqwkhf9bp5t', 'user_2qXt7LzZ0LOmwKl2JE69DwLedP8', 'cm5fpitqc0000a67hfqeu7f8i', 'ATTENDEE', 'PENDING'),
	('cm6tjihbn0001kkfft9v8ikns', 'user_2qlYyXYE4eRckN1EF1zZOByeBjs', 'cm5fpitqc0000a67hfqeu7f8i', 'ATTENDEE', 'PENDING'),
	('cm6tjrew80001nf6qokd6pm33', 'user_2sM9R4fBQIoNerhMTg4FQca9ea3', 'cm5fpitqc0000a67hfqeu7f8i', 'ATTENDEE', 'PENDING'),
	('cm7203m5a0002qc1bwzz4b701', 'user_2pxOSIQe1zOYF35MUm3eVcGBHxm', 'cm7203m590000qc1bl1jnu57e', 'ORGANIZER', 'YES'),
	('cm720jhyh0005yi4s5w8q41gv', 'user_2q8Br8MyR8xsueKX2v4X6xLWQrK', 'cm7203m590000qc1bl1jnu57e', 'ATTENDEE', 'PENDING'),
	('cm73ka53f0001bg0vbi6twedd', 'user_2qXu7cIYYq2504jctuGgbYP9jrd', 'cm7203m590000qc1bl1jnu57e', 'ATTENDEE', 'PENDING'),
	('cm73kiveb0001yh1kogybfhig', 'user_2qlYyXYE4eRckN1EF1zZOByeBjs', 'cm7203m590000qc1bl1jnu57e', 'ATTENDEE', 'PENDING'),
	('cm7arilhi0002ihd25huqr6r2', 'user_2qXvT5BncbJT6BDHsxjCBpxDaqd', 'cm7arilhh0000ihd2qqtwhtx4', 'ORGANIZER', 'YES'),
	('cm7arkfvf0001h7mi7rlmo3r2', 'user_2pxIlNKSih8keDNvHBki7nqmUr3', 'cm7arilhh0000ihd2qqtwhtx4', 'ATTENDEE', 'PENDING'),
	('cm7arlezf0014ihd2y99c3ixp', 'user_2qlYyXYE4eRckN1EF1zZOByeBjs', 'cm7arilhh0000ihd2qqtwhtx4', 'ATTENDEE', 'PENDING'),
	('cm7cbedhb00011dgh0x7p0478', 'user_2qky9kslcsW1Ul1QItKSD4NtznZ', 'cm7arilhh0000ihd2qqtwhtx4', 'ATTENDEE', 'PENDING'),
	('cm7gpyiwk00025u9eaaplafso', 'user_2tPhzkgjSYu4os8ZsUVt3QaO0fQ', 'cm7gpyiwi00005u9e6feteilp', 'ORGANIZER', 'YES'),
	('cm7p9v9o60002e4ksizjkt5ul', 'user_2qJCBirAPGiPA3s7sw2nKLxOA4J', 'cm7p9v9o50000e4kss1kvq5v9', 'ORGANIZER', 'YES'),
	('cm7pa0c9f00059g6tmng9cqfc', 'user_2tgdFbz4ZpdAMNoeH5ZHtOGiI6d', 'cm7p9v9o50000e4kss1kvq5v9', 'ATTENDEE', 'PENDING'),
	('cm7pa64p90001kzixrwbtnol2', 'user_2tgdnaonBhZgH5rAdERtV3lociH', 'cm7p9v9o50000e4kss1kvq5v9', 'ATTENDEE', 'PENDING'),
	('cm7pfjthg0001uxsyaw41qon0', 'user_2tgw7KndhCmBXHvq5ptSVfXTgi5', 'cm7p9v9o50000e4kss1kvq5v9', 'ATTENDEE', 'PENDING'),
	('cm7pfris30005uxsyi0ifte43', 'user_2tgwqYfWHJ4rhY6SzeO5hpxpkQY', 'cm7p9v9o50000e4kss1kvq5v9', 'ATTENDEE', 'PENDING'),
	('cm7qslmub0001ktw7vcr1wcy8', 'user_2tjd6RBRG29OhX1EvjuA1lse4at', 'cm7p9v9o50000e4kss1kvq5v9', 'ATTENDEE', 'PENDING'),
	('cm7rv8j8l00015idqw3hrjawq', 'user_2tlkdUBuIbjVJpUS4L2ocBvGi07', 'cm7p9v9o50000e4kss1kvq5v9', 'ATTENDEE', 'PENDING'),
	('cm7y5tqkw0001128sq1pyj0ig', 'user_2iclMU63hXRNSSAtVCEhusch9Yu', 'cm7p9v9o50000e4kss1kvq5v9', 'ATTENDEE', 'PENDING'),
	('cm7y654ke0002hio5h58s9cc0', 'user_2qJCBirAPGiPA3s7sw2nKLxOA4J', 'cm7y654kc0000hio58nrkjmhs', 'ORGANIZER', 'YES'),
	('cm7y6chrp0009hio5mnndmgla', 'user_2q0juo4kcPfzE9WkHtQgMjmyPdR', 'cm7y6chrp0007hio5n6cd6bdn', 'ORGANIZER', 'YES'),
	('cm83dud6w0002d5jv6mn8ezn9', 'user_2qlYyXYE4eRckN1EF1zZOByeBjs', 'cm83dud6t0000d5jv0idvbmyb', 'ORGANIZER', 'YES'),
	('cm83ewzse00016tto6ehwhxn5', 'user_2u8XaTVn8zZSY8vQzy6fMeMTSon', 'cm83dud6t0000d5jv0idvbmyb', 'ATTENDEE', 'PENDING'),
	('cm84rg8670001nsreo1p119xn', 'user_2qXvT5BncbJT6BDHsxjCBpxDaqd', 'cm83dud6t0000d5jv0idvbmyb', 'ATTENDEE', 'PENDING'),
	('cm87kk4s50002aksdsuoygg93', 'user_2iclMU63hXRNSSAtVCEhusch9Yu', 'cm87kk4s30000aksdjlhfgplu', 'ORGANIZER', 'YES'),
	('cm87y9v5n0001o83yjwsp0x4u', 'user_2pxOSIQe1zOYF35MUm3eVcGBHxm', 'cm87kk4s30000aksdjlhfgplu', 'ATTENDEE', 'YES'),
	('cm87krsdx0004ynw7ecke4fb9', 'user_2sM9R4fBQIoNerhMTg4FQca9ea3', 'cm87kk4s30000aksdjlhfgplu', 'ATTENDEE', 'YES'),
	('cm89kbohr000114i5cv6sl7xm', 'user_2qZYvrzPvteX8RQATXArIMoxldY', 'cm7arilhh0000ihd2qqtwhtx4', 'ATTENDEE', 'PENDING'),
	('cm7208z360001z6e7s0jtbczw', 'user_2pxIlNKSih8keDNvHBki7nqmUr3', 'cm7203m590000qc1bl1jnu57e', 'ATTENDEE', 'MAYBE'),
	('cm83dy7id00012vnz464a4899', 'user_2pxIlNKSih8keDNvHBki7nqmUr3', 'cm83dud6t0000d5jv0idvbmyb', 'ATTENDEE', 'YES'),
	('cm7206o7b0003yi4s9m67tvx8', 'user_2pxNU8dtcBksO1LOGn5DLjhmGRi', 'cm7203m590000qc1bl1jnu57e', 'ATTENDEE', 'YES'),
	('cm84omt570001oxh5wyjfs89c', 'user_2pxOSIQe1zOYF35MUm3eVcGBHxm', 'cm83dud6t0000d5jv0idvbmyb', 'ATTENDEE', 'YES'),
	('cm86hpi890001f2w3tmajr3nu', 'user_2uEewolUDfRp3mtPudecURebPXP', 'cm7203m590000qc1bl1jnu57e', 'ATTENDEE', 'YES'),
	('cm9fqtvla0001l3n98h4kiyic', 'user_2uEewolUDfRp3mtPudecURebPXP', 'cm9ezf38o000012ma65kbooqn', 'ATTENDEE', 'MAYBE'),
	('cm725b99q00016y95k6twj8dc', 'user_2qjBm0v67GGf3FEHYG9A4f0OeD5', 'cm7203m590000qc1bl1jnu57e', 'ATTENDEE', 'YES'),
	('cm84pi10k0001b9qljdhcedj5', 'user_2qjBm0v67GGf3FEHYG9A4f0OeD5', 'cm83dud6t0000d5jv0idvbmyb', 'ATTENDEE', 'NO'),
	('cm8ema9r00001kqmmdl2dij4m', 'user_2sM9R4fBQIoNerhMTg4FQca9ea3', 'cm7203m590000qc1bl1jnu57e', 'ATTENDEE', 'NO'),
	('cm8lyzl9k0002efcwrmg2owwa', 'user_2qJCBirAPGiPA3s7sw2nKLxOA4J', 'cm8lyzl9j0000efcw8l60ezt1', 'ORGANIZER', 'YES'),
	('cm8m1yrhl0001kb85cyjm4z4v', 'user_2ujQHT3LPFcpWezbNgZ1D93CR7Z', 'cm8lyzl9j0000efcw8l60ezt1', 'ATTENDEE', 'PENDING'),
	('cm8m47fpd0001qdiv5o6qy7cp', 'user_2ujXv8tbDgbCRTLpw5mJ2oMdqz4', 'cm8lyzl9j0000efcw8l60ezt1', 'ATTENDEE', 'PENDING'),
	('cm88qpecl0001bbfoztf2seol', 'user_2qXvT5BncbJT6BDHsxjCBpxDaqd', 'cm87kk4s30000aksdjlhfgplu', 'ATTENDEE', 'YES'),
	('cm87orx8f000110br68xgelo8', 'user_2pxNU8dtcBksO1LOGn5DLjhmGRi', 'cm87kk4s30000aksdjlhfgplu', 'ATTENDEE', 'YES'),
	('cm87uyr4n000110eev1m13p0z', 'user_2qjBm0v67GGf3FEHYG9A4f0OeD5', 'cm87kk4s30000aksdjlhfgplu', 'ATTENDEE', 'YES'),
	('cm87kp95j0004w8oseiqqvwfp', 'user_2pxIlNKSih8keDNvHBki7nqmUr3', 'cm87kk4s30000aksdjlhfgplu', 'MODERATOR', 'YES'),
	('cm87kss3i000hw8osd5zy64ad', 'user_2qky9kslcsW1Ul1QItKSD4NtznZ', 'cm87kk4s30000aksdjlhfgplu', 'MODERATOR', 'YES'),
	('cm87kp8l90001w8ost4vbqivd', 'user_2qZYvrzPvteX8RQATXArIMoxldY', 'cm87kk4s30000aksdjlhfgplu', 'ATTENDEE', 'NO'),
	('cm8m39hso0001fpz2p0p3h8op', 'user_2qJCBirAPGiPA3s7sw2nKLxOA4J', 'cm87kk4s30000aksdjlhfgplu', 'ATTENDEE', 'NO'),
	('cm87kopqi0003zk7q31fly70r', 'user_2q8Br8MyR8xsueKX2v4X6xLWQrK', 'cm87kk4s30000aksdjlhfgplu', 'ATTENDEE', 'NO'),
	('cm8ncaqmd0001uie657i7quff', 'user_2uly1bOmcrAmtLqlsXxnOfDEPTI', 'cm8lyzl9j0000efcw8l60ezt1', 'ATTENDEE', 'PENDING'),
	('cm8npcu68000112s7pjz0v3o8', 'user_2umgQCaiAFjWbPmEysY2D7kAlKM', 'cm8lyzl9j0000efcw8l60ezt1', 'ATTENDEE', 'PENDING'),
	('cm89kid670005pvlgl654phon', 'user_2qXu7cIYYq2504jctuGgbYP9jrd', 'cm87kk4s30000aksdjlhfgplu', 'ATTENDEE', 'YES'),
	('cm8nphpxg0004dgs7uss23sfo', 'user_2umgvmr8HL6154Y2D9IJ7lHavJH', 'cm8lyzl9j0000efcw8l60ezt1', 'ATTENDEE', 'PENDING'),
	('cm8nshbqj0002n807yr24hnag', 'user_2qXu7cIYYq2504jctuGgbYP9jrd', 'cm8nshbqc0000n80739swshdx', 'ORGANIZER', 'YES'),
	('cm8nskny00001v2qyc1bf3vc0', 'user_2uEewolUDfRp3mtPudecURebPXP', 'cm8nshbqc0000n80739swshdx', 'ATTENDEE', 'PENDING'),
	('cm8nsm4g80001zf6gb5n68wzn', 'user_2sM9R4fBQIoNerhMTg4FQca9ea3', 'cm8nshbqc0000n80739swshdx', 'ATTENDEE', 'PENDING'),
	('cm8nsu6xg0004zf6gdl5o8hfg', 'user_2pxOSIQe1zOYF35MUm3eVcGBHxm', 'cm8nshbqc0000n80739swshdx', 'ATTENDEE', 'PENDING'),
	('cm8cgfzem0001oz4k2ug989gk', 'user_2iclueh2BAT0p0lUhxBy0XhMelK', 'cm87kk4s30000aksdjlhfgplu', 'ATTENDEE', 'NO'),
	('cm8ahxprs0001yi8trolahrx6', 'user_2qdBkHvtNG7it25tGKwVfu1IHu0', 'cm87kk4s30000aksdjlhfgplu', 'ATTENDEE', 'YES'),
	('cm9ezf38p000212makmvx9hji', 'user_2pxOSIQe1zOYF35MUm3eVcGBHxm', 'cm9ezf38o000012ma65kbooqn', 'ORGANIZER', 'YES'),
	('cm9ezgveg0001fyol6w8leonq', 'user_2pxIlNKSih8keDNvHBki7nqmUr3', 'cm9ezf38o000012ma65kbooqn', 'ATTENDEE', 'PENDING'),
	('cm9fr87js0001xey1ihuj1895', 'user_2sM9R4fBQIoNerhMTg4FQca9ea3', 'cm9ezf38o000012ma65kbooqn', 'ATTENDEE', 'PENDING'),
	('cm87kork80001ynw7th3zc9uh', 'user_2uEewolUDfRp3mtPudecURebPXP', 'cm87kk4s30000aksdjlhfgplu', 'ATTENDEE', 'YES'),
	('cma1chgu3000111xkandzwq7q', 'user_2q8Br8MyR8xsueKX2v4X6xLWQrK', 'cm9ezf38o000012ma65kbooqn', 'ATTENDEE', 'YES'),
	('cm9fqvsfk00017rjo6axcqg3t', 'user_2qXu7cIYYq2504jctuGgbYP9jrd', 'cm9ezf38o000012ma65kbooqn', 'ATTENDEE', 'YES'),
	('cmapn9iw60002jxyxbpss9gaf', 'user_2q8Br8MyR8xsueKX2v4X6xLWQrK', 'cmapn9iw50000jxyxiogk3ek1', 'ORGANIZER', 'YES'),
	('cmapnc8pr0003oc0ddin7btq6', 'user_2pxOSIQe1zOYF35MUm3eVcGBHxm', 'cmapn9iw50000jxyxiogk3ek1', 'ATTENDEE', 'NO'),
	('cmavezcmc0002sf0az9aybpru', 'user_2sM9R4fBQIoNerhMTg4FQca9ea3', 'cmavezcma0000sf0a5pk9zdsw', 'ORGANIZER', 'YES'),
	('cmezo7ole0002107lmmw821yb', 'user_2pxOSIQe1zOYF35MUm3eVcGBHxm', 'cmezo7old0000107ljj3ia8v8', 'ORGANIZER', 'YES'),
	('cmfbp1vlr00044bxegcuojo0b', 'user_2pxOSIQe1zOYF35MUm3eVcGBHxm', 'cmfbn2e2s0000pr2jecf3cgs7', 'ATTENDEE', 'PENDING'),
	('cmfbqzkd00001w9zm7223miib', 'user_2uEewolUDfRp3mtPudecURebPXP', 'cmfbn2e2s0000pr2jecf3cgs7', 'ATTENDEE', 'PENDING'),
	('cmfbrmx9u0001ex99clv9g3pm', 'user_2qjBm0v67GGf3FEHYG9A4f0OeD5', 'cmfbn2e2s0000pr2jecf3cgs7', 'ATTENDEE', 'PENDING'),
	('cmfbujl2g0002fah813ryowvl', 'user_32LWIRyhLW8dvKuheIGYCNe1quP', 'cmfbujl2e0000fah8gj00evpu', 'ORGANIZER', 'YES'),
	('cmbmytz5c0002y0d68nd9bo8a', 'user_2pxOSIQe1zOYF35MUm3eVcGBHxm', 'cmbmytz5b0000y0d6gnx73itf', 'ORGANIZER', 'YES'),
	('cmbmyx7440007y0d6j1iykhj1', 'user_2pxIlNKSih8keDNvHBki7nqmUr3', 'cmbmytz5b0000y0d6gnx73itf', 'ATTENDEE', 'PENDING'),
	('cmbsp6kiv0001b46y1zb8swar', 'user_2sM9R4fBQIoNerhMTg4FQca9ea3', 'cmbmytz5b0000y0d6gnx73itf', 'ATTENDEE', 'PENDING'),
	('cmbssp2hb0002dakdu01n67d0', 'user_2q0j71oqqBn0ZCtnuhjfQzwUXi1', 'cmbssp2ha0000dakd588jnnsv', 'ORGANIZER', 'YES'),
	('cmezodeui0001o6f0bx7ggnna', 'user_2q8Br8MyR8xsueKX2v4X6xLWQrK', 'cmezo7old0000107ljj3ia8v8', 'ATTENDEE', 'PENDING'),
	('cmezqd8170001v5961iirj76i', 'user_2pxIlNKSih8keDNvHBki7nqmUr3', 'cmezo7old0000107ljj3ia8v8', 'ATTENDEE', 'PENDING'),
	('cmbmz1pjt00038atbdornkn1u', 'user_2qjBm0v67GGf3FEHYG9A4f0OeD5', 'cmbmytz5b0000y0d6gnx73itf', 'ATTENDEE', 'YES'),
	('cmcy6cimp000214fx7c59di45', 'user_2iclueh2BAT0p0lUhxBy0XhMelK', 'cmcy6cimo000014fxrf0bsojq', 'ORGANIZER', 'YES'),
	('cmcy6s4lu0001ahdq1vhhrdal', 'user_2zi3efgsNvTa2mr0AMyKPK0iBDK', 'cmcy6cimo000014fxrf0bsojq', 'ATTENDEE', 'PENDING'),
	('cmczj3d5o0001nznkfegnu6nv', 'user_2qlYyXYE4eRckN1EF1zZOByeBjs', 'cmcy6cimo000014fxrf0bsojq', 'ATTENDEE', 'PENDING'),
	('cmcy6gwyp000d14fxcio1l3bx', 'user_2pxIlNKSih8keDNvHBki7nqmUr3', 'cmcy6cimo000014fxrf0bsojq', 'MODERATOR', 'YES'),
	('cmdezx0s10002zwaypcouw3cl', 'user_2zi3efgsNvTa2mr0AMyKPK0iBDK', 'cmdezx0s00000zwayypj5plos', 'ORGANIZER', 'YES'),
	('cmf0834de0001woiquovkjhni', 'user_2qjBm0v67GGf3FEHYG9A4f0OeD5', 'cmezo7old0000107ljj3ia8v8', 'ATTENDEE', 'PENDING'),
	('cmdgo6fec0001i4dhp8d5n7ul', 'user_2qlYyXYE4eRckN1EF1zZOByeBjs', 'cmdezx0s00000zwayypj5plos', 'ATTENDEE', 'PENDING'),
	('cmdezxz590001kw3qmnmi8q0j', 'user_2pxIlNKSih8keDNvHBki7nqmUr3', 'cmdezx0s00000zwayypj5plos', 'ATTENDEE', 'PENDING'),
	('cmdezxunm000nzwayotnz93r3', 'user_2iclueh2BAT0p0lUhxBy0XhMelK', 'cmdezx0s00000zwayypj5plos', 'ATTENDEE', 'YES'),
	('cmeaouplm0002cbvr2hvssa9r', 'user_2pxOSIQe1zOYF35MUm3eVcGBHxm', 'cmeaoupll0000cbvr3dgd7iu5', 'ORGANIZER', 'YES'),
	('cmeap3scx00016njzs2n05ip5', 'user_2zi3efgsNvTa2mr0AMyKPK0iBDK', 'cmeaoupll0000cbvr3dgd7iu5', 'ATTENDEE', 'PENDING'),
	('cmeapctht0003yom3bk8ivoj5', 'user_2pxIlNKSih8keDNvHBki7nqmUr3', 'cmeaoupll0000cbvr3dgd7iu5', 'ATTENDEE', 'PENDING'),
	('cmf9ur297000293hu8lhn5j7e', 'user_32LWIRyhLW8dvKuheIGYCNe1quP', 'cmf9ur295000093huc3trpf9n', 'ORGANIZER', 'YES'),
	('cmf9zr72900012helnb1s04ix', 'user_32NbO199kC2l6n1sxyS69OHF4jU', 'cmf9ur295000093huc3trpf9n', 'ATTENDEE', 'PENDING'),
	('cmf9zsgbq0001rfqopnwawc52', 'user_32NirbPSV4d7rQm4GeKjXrvyEP6', 'cmf9ur295000093huc3trpf9n', 'ATTENDEE', 'YES'),
	('cmfa0aep600042hel7jo9qa6i', 'user_32NkBS2HRLYo7AGkEq33ZbSo7Tj', 'cmf9ur295000093huc3trpf9n', 'ATTENDEE', 'PENDING'),
	('cmfb6z0vb000244afl2211c7i', 'user_32LWIRyhLW8dvKuheIGYCNe1quP', 'cmfb6z0va000044afs32iqnej', 'ORGANIZER', 'YES'),
	('cmezxez2i000113wbi1hn1e61', 'user_2qXt7LzZ0LOmwKl2JE69DwLedP8', 'cmezo7old0000107ljj3ia8v8', 'ATTENDEE', 'YES'),
	('cmfbn0mrj0002r44a49egmuw5', 'user_2qZYvrzPvteX8RQATXArIMoxldY', 'cmfbn0mra0000r44am8tor68i', 'ORGANIZER', 'YES'),
	('cmfbn2e2u0002pr2j91jdrocn', 'user_2qZYvrzPvteX8RQATXArIMoxldY', 'cmfbn2e2s0000pr2jecf3cgs7', 'ORGANIZER', 'YES'),
	('cmfbn519f0003hinzr216nij5', 'user_2pxNU8dtcBksO1LOGn5DLjhmGRi', 'cmfbn2e2s0000pr2jecf3cgs7', 'ATTENDEE', 'PENDING'),
	('cmfbn6zl50001my2t5ta7o9jo', 'user_2pxIlNKSih8keDNvHBki7nqmUr3', 'cmfbn2e2s0000pr2jecf3cgs7', 'ATTENDEE', 'PENDING'),
	('cmfbozg6b00014bxe613cho4a', 'user_2qXt7LzZ0LOmwKl2JE69DwLedP8', 'cmfbn2e2s0000pr2jecf3cgs7', 'ATTENDEE', 'PENDING'),
	('cmfbumz2s0001gzw9ddcs8avv', 'user_32NbO199kC2l6n1sxyS69OHF4jU', 'cmfbujl2e0000fah8gj00evpu', 'ATTENDEE', 'YES'),
	('cmfbwatz00001gpb541uap42e', 'user_32NkBS2HRLYo7AGkEq33ZbSo7Tj', 'cmfb6z0va000044afs32iqnej', 'ATTENDEE', 'PENDING'),
	('cmfc0oxp100018azlpoj90q5n', 'user_32Rj4egreFNfMN6eo53Lm7oWXNY', 'cmf9ur295000093huc3trpf9n', 'ATTENDEE', 'PENDING'),
	('cmfcnep6n0001qr6o96oly4xq', 'user_32NkBS2HRLYo7AGkEq33ZbSo7Tj', 'cmfbujl2e0000fah8gj00evpu', 'ATTENDEE', 'PENDING'),
	('cmfdywwp10002uehmtv80nojy', 'user_2pxOSIQe1zOYF35MUm3eVcGBHxm', 'cmfdywwp00000uehmywecd977', 'ORGANIZER', 'YES'),
	('cmfdzttx00001vhkg3hnx445t', 'user_32VdFXKNsEeDm5hBfZfTvmIwoIb', 'cmfdywwp00000uehmywecd977', 'ATTENDEE', 'PENDING'),
	('cmffvonwx0001rnlfasb05sml', 'user_32ZMFC2aJGu9DDWfYUsFfncdf7r', 'cmfdywwp00000uehmywecd977', 'ATTENDEE', 'PENDING'),
	('cmf0892fe0004woiqs238j1pd', 'user_2qXu7cIYYq2504jctuGgbYP9jrd', 'cmezo7old0000107ljj3ia8v8', 'ATTENDEE', 'MAYBE'),
	('cmgjqxixt0002fq3p67cqecvl', 'user_2iclMU63hXRNSSAtVCEhusch9Yu', 'cmgjqxixr0000fq3pmb16lg2v', 'ORGANIZER', 'YES'),
	('cmgjr11n90003jjj9c602dwlk', 'user_2qXvT5BncbJT6BDHsxjCBpxDaqd', 'cmgjqxixr0000fq3pmb16lg2v', 'ATTENDEE', 'PENDING'),
	('cmgk5b9w10001gpue9mjiqeby', 'user_2pxIlNKSih8keDNvHBki7nqmUr3', 'cmgjqxixr0000fq3pmb16lg2v', 'ATTENDEE', 'PENDING'),
	('cmgl761c10001sw5tc64jzepv', 'user_2qky9kslcsW1Ul1QItKSD4NtznZ', 'cmgjqxixr0000fq3pmb16lg2v', 'ATTENDEE', 'PENDING'),
	('cmgl78qa80005sw5tyoq6zon5', 'user_2qky9kslcsW1Ul1QItKSD4NtznZ', 'cmgl78qa70003sw5tqr2l4o4o', 'ORGANIZER', 'YES'),
	('cmgl79u740003oknul56sy7ob', 'user_2pxIlNKSih8keDNvHBki7nqmUr3', 'cmgl78qa70003sw5tqr2l4o4o', 'ATTENDEE', 'PENDING'),
	('cmgl9c3d900015v8ns9rdkn6r', 'user_2qXvT5BncbJT6BDHsxjCBpxDaqd', 'cmgl78qa70003sw5tqr2l4o4o', 'ATTENDEE', 'PENDING'),
	('cmgnz9m2g0001vz1r7zlcbanu', 'user_2iclueh2BAT0p0lUhxBy0XhMelK', 'cmgl78qa70003sw5tqr2l4o4o', 'ATTENDEE', 'PENDING'),
	('cmgsh9aii0002u908n5tkl9cl', 'user_2pxOSIQe1zOYF35MUm3eVcGBHxm', 'cmgsh9aig0000u9086pjzuspt', 'ORGANIZER', 'YES'),
	('cmgshf3wi0007u908qy6mgbjb', 'user_2uEewolUDfRp3mtPudecURebPXP', 'cmgsh9aig0000u9086pjzuspt', 'ATTENDEE', 'PENDING'),
	('cmgsi53bm000183g0rvhrcw5c', 'user_2pxNU8dtcBksO1LOGn5DLjhmGRi', 'cmgsh9aig0000u9086pjzuspt', 'ATTENDEE', 'PENDING'),
	('cmgsi9ri400012f3bpui5qwin', 'user_2sM9R4fBQIoNerhMTg4FQca9ea3', 'cmgsh9aig0000u9086pjzuspt', 'ATTENDEE', 'PENDING'),
	('cmgtibn6j000113l8arsrzjzz', 'user_2q8Br8MyR8xsueKX2v4X6xLWQrK', 'cmgsh9aig0000u9086pjzuspt', 'ATTENDEE', 'PENDING'),
	('cmgtoyge60001qr5u0hedlmjh', 'user_2qXt7LzZ0LOmwKl2JE69DwLedP8', 'cmgsh9aig0000u9086pjzuspt', 'ATTENDEE', 'PENDING'),
	('cmgv3r8540001hjdbjgga81no', 'user_2qXu7cIYYq2504jctuGgbYP9jrd', 'cmgsh9aig0000u9086pjzuspt', 'ATTENDEE', 'PENDING'),
	('cmgskptb200011rs5hfjyj4og', 'user_2qjBm0v67GGf3FEHYG9A4f0OeD5', 'cmgsh9aig0000u9086pjzuspt', 'ATTENDEE', 'YES'),
	('cmgshnjr50003q2kgufxvv78q', 'user_2pxIlNKSih8keDNvHBki7nqmUr3', 'cmgsh9aig0000u9086pjzuspt', 'ATTENDEE', 'YES'),
	('cmgvxrqy50002hjn5uvxoq13z', 'user_2pxOSIQe1zOYF35MUm3eVcGBHxm', 'cmgvxrqy40000hjn50qfw45ex', 'ORGANIZER', 'YES'),
	('cmgw4tkel0001ex1zdx0g3ear', 'user_2sM9R4fBQIoNerhMTg4FQca9ea3', 'cmgvxrqy40000hjn50qfw45ex', 'ATTENDEE', 'PENDING'),
	('cmgwcqb4u0001ips4voy2kjqd', 'user_2pxIlNKSih8keDNvHBki7nqmUr3', 'cmgvxrqy40000hjn50qfw45ex', 'ATTENDEE', 'PENDING'),
	('cmgl7fspv000fsw5tvqsxoyzy', 'user_2iclMU63hXRNSSAtVCEhusch9Yu', 'cmgl78qa70003sw5tqr2l4o4o', 'ATTENDEE', 'YES'),
	('cmgygytr20003hxem68ixu9ld', 'user_2iclMU63hXRNSSAtVCEhusch9Yu', 'cmgygytr20001hxemi7w11g8p', 'ORGANIZER', 'YES'),
	('cmgyh0yp70004ghpdsftfreuv', 'user_32LWIRyhLW8dvKuheIGYCNe1quP', 'cmgygytr20001hxemi7w11g8p', 'ATTENDEE', 'PENDING'),
	('cmgylaslc00018vyv3j4wncb9', 'user_2qXu7cIYYq2504jctuGgbYP9jrd', 'cmgygytr20001hxemi7w11g8p', 'ATTENDEE', 'PENDING'),
	('cmgyzdam60001usxcob3x43t9', 'user_2qjBm0v67GGf3FEHYG9A4f0OeD5', 'cmgygytr20001hxemi7w11g8p', 'ATTENDEE', 'PENDING'),
	('cmgzaiobn0007apxlhix4r32l', 'user_2pxIlNKSih8keDNvHBki7nqmUr3', 'cmgygytr20001hxemi7w11g8p', 'ATTENDEE', 'PENDING'),
	('cmgzamxiz0001b9dkui7f4a1y', 'user_2uEewolUDfRp3mtPudecURebPXP', 'cmgvxrqy40000hjn50qfw45ex', 'ATTENDEE', 'PENDING'),
	('cmgzb5ns10001rnain64qozfm', 'user_2qjBm0v67GGf3FEHYG9A4f0OeD5', 'cmgvxrqy40000hjn50qfw45ex', 'ATTENDEE', 'PENDING'),
	('cmh1dk9ge0002yuh57rvm3qc7', 'user_2qky9kslcsW1Ul1QItKSD4NtznZ', 'cmh1dk9gd0000yuh5ha77co36', 'ORGANIZER', 'YES'),
	('cmh1dm5fq0001bvz8gz2t494g', 'user_2pxIlNKSih8keDNvHBki7nqmUr3', 'cmh1dk9gd0000yuh5ha77co36', 'ATTENDEE', 'PENDING'),
	('cmh1elxly0001qhl3lt4225ke', 'user_2qXvT5BncbJT6BDHsxjCBpxDaqd', 'cmh1dk9gd0000yuh5ha77co36', 'ATTENDEE', 'PENDING'),
	('cmgymiksf0001eyfif3acuend', 'user_2uEewolUDfRp3mtPudecURebPXP', 'cmgygytr20001hxemi7w11g8p', 'ATTENDEE', 'YES'),
	('cmhyvue8w0002xvp77ag0wnf6', 'user_2pxOSIQe1zOYF35MUm3eVcGBHxm', 'cmhyvue8o0000xvp7dndqh2z6', 'ORGANIZER', 'YES'),
	('cmhywn0o40001my8r6lsc0b5x', 'user_2q8Br8MyR8xsueKX2v4X6xLWQrK', 'cmhyvue8o0000xvp7dndqh2z6', 'ATTENDEE', 'PENDING'),
	('cmhz3ahbl000121pz0a66apjo', 'user_2pxIlNKSih8keDNvHBki7nqmUr3', 'cmhyvue8o0000xvp7dndqh2z6', 'ATTENDEE', 'PENDING'),
	('cmhz4wy4a00013ugjmm3c81lp', 'user_2uEewolUDfRp3mtPudecURebPXP', 'cmhyvue8o0000xvp7dndqh2z6', 'ATTENDEE', 'PENDING'),
	('cmk1hnpyk00026dq686ojgrdr', 'user_2pxOSIQe1zOYF35MUm3eVcGBHxm', 'cmk1hnpyi00006dq6p0j88ptm', 'ORGANIZER', 'YES'),
	('cmk1hrbmj0003bknttmc44s3z', 'user_2qjBm0v67GGf3FEHYG9A4f0OeD5', 'cmk1hnpyi00006dq6p0j88ptm', 'ATTENDEE', 'PENDING'),
	('cmk2ult4k0001lprx0aatoj09', 'user_2q8Br8MyR8xsueKX2v4X6xLWQrK', 'cmk1hnpyi00006dq6p0j88ptm', 'ATTENDEE', 'PENDING'),
	('cmkg5c0gm0002qctztyoi8o1y', 'user_2iclMU63hXRNSSAtVCEhusch9Yu', 'cmkg5c0gl0000qctzypb7dxrd', 'ORGANIZER', 'YES');


--
-- Data for Name: PotentialDateTime; Type: TABLE DATA; Schema: public; Owner: postgres
--

INSERT INTO "public"."PotentialDateTime" ("id", "eventId", "dateTime") VALUES
	('cm84qhj1300003chabtmn65jg', 'cm83dud6t0000d5jv0idvbmyb', '2025-03-21 22:00:00'),
	('cm84qhj1500013chap421gltj', 'cm83dud6t0000d5jv0idvbmyb', '2025-03-22 17:00:00'),
	('cm84qhj1500023cha4vnkfsi3', 'cm83dud6t0000d5jv0idvbmyb', '2025-03-23 17:00:00'),
	('cm84qhj1500033chah5opedux', 'cm83dud6t0000d5jv0idvbmyb', '2025-03-28 22:00:00'),
	('cm84qhj1500043cha60ovphvt', 'cm83dud6t0000d5jv0idvbmyb', '2025-03-29 17:00:00'),
	('cm84qhj1500053chagea902w1', 'cm83dud6t0000d5jv0idvbmyb', '2025-03-30 17:00:00'),
	('cm84qhj1500063cha5x9wpdja', 'cm83dud6t0000d5jv0idvbmyb', '2025-04-04 22:00:00'),
	('cm84qhj1500073chagje28evu', 'cm83dud6t0000d5jv0idvbmyb', '2025-04-05 16:00:00'),
	('cm84qhj1500083chaacf09fq2', 'cm83dud6t0000d5jv0idvbmyb', '2025-04-06 16:00:00'),
	('cm84qhj1500093chatj6uzpt8', 'cm83dud6t0000d5jv0idvbmyb', '2025-04-11 22:00:00'),
	('cm84qhj15000a3chawp80a9b6', 'cm83dud6t0000d5jv0idvbmyb', '2025-04-13 16:00:00'),
	('cm87kpriw0006w8osmz9h4gl6', 'cm87kk4s30000aksdjlhfgplu', '2025-04-24 23:00:00'),
	('cm87kpriw0007w8os5uj7w3et', 'cm87kk4s30000aksdjlhfgplu', '2025-05-01 23:00:00'),
	('cm87kpriw0008w8os2k5n9ugx', 'cm87kk4s30000aksdjlhfgplu', '2025-05-08 23:00:00'),
	('cm87kpriw0009w8os1pw162jt', 'cm87kk4s30000aksdjlhfgplu', '2025-05-15 23:00:00'),
	('cm87kpriw000aw8os9y9d0vfm', 'cm87kk4s30000aksdjlhfgplu', '2025-05-22 23:00:00'),
	('cm87kpriw000bw8osagdxe6k6', 'cm87kk4s30000aksdjlhfgplu', '2025-05-29 23:00:00'),
	('cm9ezf3a6000312ma67ganaej', 'cm9ezf38o000012ma65kbooqn', '2025-04-26 18:00:00'),
	('cm9ezf3a6000412mapgm2b9rm', 'cm9ezf38o000012ma65kbooqn', '2025-04-27 18:00:00'),
	('cm9ezf3a6000512maprz7o9xd', 'cm9ezf38o000012ma65kbooqn', '2025-05-25 18:00:00'),
	('cm9ezf3a6000612ma3fkob8ty', 'cm9ezf38o000012ma65kbooqn', '2025-05-26 18:00:00'),
	('cm4g901k80003h3kba7ke2ti4', 'cm4g901jk0000h3kbnb3vboot', '2024-12-13 23:00:00'),
	('cm4g901k80004h3kb5kii0pzw', 'cm4g901jk0000h3kbnb3vboot', '2024-12-20 23:00:00'),
	('cm4g901k80005h3kbs80uapys', 'cm4g901jk0000h3kbnb3vboot', '2024-12-27 23:00:00'),
	('cm4g901k80006h3kb5o444xtk', 'cm4g901jk0000h3kbnb3vboot', '2024-12-28 23:00:00'),
	('cm4g901k80007h3kb04ffyxhz', 'cm4g901jk0000h3kbnb3vboot', '2025-01-03 23:00:00'),
	('cm4g901k80008h3kbxptpsldr', 'cm4g901jk0000h3kbnb3vboot', '2025-01-04 23:00:00'),
	('cm9ezf3a6000712majzsdf9dr', 'cm9ezf38o000012ma65kbooqn', '2025-05-31 18:00:00'),
	('cm9ezf3a6000812ma3mohj3tf', 'cm9ezf38o000012ma65kbooqn', '2025-06-01 18:00:00'),
	('cm5bzb4kg0000139ciizrnktc', 'cm5byye5t0000fflt05mqcskk', '2025-01-11 20:00:00'),
	('cm5bzb4kh0001139cccee0gxq', 'cm5byye5t0000fflt05mqcskk', '2025-01-12 20:00:00'),
	('cm5bzb4kh0002139cmmzcsbhn', 'cm5byye5t0000fflt05mqcskk', '2025-01-19 20:00:00'),
	('cm5bzb4kh0003139cvhlcs0ha', 'cm5byye5t0000fflt05mqcskk', '2025-01-25 20:00:00'),
	('cm5bzb4kh0004139cbk2078nx', 'cm5byye5t0000fflt05mqcskk', '2025-02-01 20:00:00'),
	('cm5bzb4kh0005139caxyvuh8g', 'cm5byye5t0000fflt05mqcskk', '2025-02-02 20:00:00'),
	('cm5srfls30000azt94zqh0bih', 'cm4yr32wm00005wsp82p73dmh', '2025-01-25 19:00:00'),
	('cm5srfls50001azt9wo4lb9r1', 'cm4yr32wm00005wsp82p73dmh', '2025-02-01 19:00:00'),
	('cm5srfls50002azt94qlv5en2', 'cm4yr32wm00005wsp82p73dmh', '2025-02-15 19:00:00'),
	('cm5srfls50003azt90oukpul0', 'cm4yr32wm00005wsp82p73dmh', '2025-02-22 19:00:00'),
	('cm6txb69x00003oujjeyd0s54', 'cm5fpitqc0000a67hfqeu7f8i', '2025-02-14 22:00:00'),
	('cm6txb69y00013ouj98pj7cxd', 'cm5fpitqc0000a67hfqeu7f8i', '2025-02-15 22:00:00'),
	('cm6txb69y00023oujytcq1so9', 'cm5fpitqc0000a67hfqeu7f8i', '2025-02-16 22:00:00'),
	('cm6txb69y00033oujzcv4cc8f', 'cm5fpitqc0000a67hfqeu7f8i', '2025-02-21 22:00:00'),
	('cm6txb69y00043oujmc4e8d8d', 'cm5fpitqc0000a67hfqeu7f8i', '2025-02-22 22:00:00'),
	('cm6txb69y00053ouj5jxcdy32', 'cm5fpitqc0000a67hfqeu7f8i', '2025-02-23 22:00:00'),
	('cm6txb69y00063oujfz32woe6', 'cm5fpitqc0000a67hfqeu7f8i', '2025-02-28 22:00:00'),
	('cm6txb69y00073oujg5m8x414', 'cm5fpitqc0000a67hfqeu7f8i', '2025-03-01 22:00:00'),
	('cm6txb69y00083ouj4nsmbe80', 'cm5fpitqc0000a67hfqeu7f8i', '2025-03-02 22:00:00'),
	('cm6txb69y00093oujj031omaf', 'cm5fpitqc0000a67hfqeu7f8i', '2025-03-07 22:00:00'),
	('cm6txb69y000a3oujpty2vvs5', 'cm5fpitqc0000a67hfqeu7f8i', '2025-03-08 22:00:00'),
	('cm6txb69y000b3oujrnx22m6k', 'cm5fpitqc0000a67hfqeu7f8i', '2025-03-09 21:00:00'),
	('cm86bslx30007xq5ix0astrrt', 'cm7203m590000qc1bl1jnu57e', '2025-03-21 22:00:00'),
	('cm86bslx30008xq5ibx4zwai2', 'cm7203m590000qc1bl1jnu57e', '2025-03-28 22:00:00'),
	('cm86bslx30009xq5i6auckrpl', 'cm7203m590000qc1bl1jnu57e', '2025-04-04 22:00:00'),
	('cm86bslx3000axq5ikj7kfdgf', 'cm7203m590000qc1bl1jnu57e', '2025-04-05 19:00:00'),
	('cm86bslx3000bxq5i49mj54k6', 'cm7203m590000qc1bl1jnu57e', '2025-04-11 22:00:00'),
	('cm86bslx3000cxq5ii0niir7k', 'cm7203m590000qc1bl1jnu57e', '2025-04-12 19:00:00'),
	('cm86bslx3000dxq5ixr6mcypz', 'cm7203m590000qc1bl1jnu57e', '2025-04-18 22:00:00'),
	('cm8lyzlay0003efcw6pzhlakj', 'cm8lyzl9j0000efcw8l60ezt1', '2025-03-30 19:00:00'),
	('cm8lyzlay0004efcwn3618byk', 'cm8lyzl9j0000efcw8l60ezt1', '2025-04-05 19:00:00'),
	('cm8lyzlay0005efcw0t694a7n', 'cm8lyzl9j0000efcw8l60ezt1', '2025-04-06 19:00:00'),
	('cm8lyzlay0006efcwxcij5ngv', 'cm8lyzl9j0000efcw8l60ezt1', '2025-04-26 19:00:00'),
	('cm8lyzlay0007efcwbo712woa', 'cm8lyzl9j0000efcw8l60ezt1', '2025-04-27 19:00:00'),
	('cm7gpyixu00035u9e8k2w9g2g', 'cm7gpyiwi00005u9e6feteilp', '2025-03-22 20:35:00'),
	('cm7gpyixu00045u9egidpab7w', 'cm7gpyiwi00005u9e6feteilp', '2025-03-29 20:35:00'),
	('cm7p9v9q20003e4ksjb3ncau6', 'cm7p9v9o50000e4kss1kvq5v9', '2025-03-08 01:00:00'),
	('cm7p9v9q20004e4ks15lsdez2', 'cm7p9v9o50000e4kss1kvq5v9', '2025-03-09 01:00:00'),
	('cm7p9v9q20005e4ks3tf5aixc', 'cm7p9v9o50000e4kss1kvq5v9', '2025-03-10 00:00:00'),
	('cm84plekj0000r6jmj94qusrp', 'cm7arilhh0000ihd2qqtwhtx4', '2025-03-14 22:00:00'),
	('cm84plekk0001r6jmsnlkymb2', 'cm7arilhh0000ihd2qqtwhtx4', '2025-03-14 23:00:00'),
	('cm84plekk0002r6jmxy6af2r0', 'cm7arilhh0000ihd2qqtwhtx4', '2025-03-19 22:00:00'),
	('cm84plekk0003r6jm9k6gq074', 'cm7arilhh0000ihd2qqtwhtx4', '2025-03-19 23:00:00'),
	('cm84plekk0004r6jmdav6choj', 'cm7arilhh0000ihd2qqtwhtx4', '2025-03-21 22:00:00'),
	('cm84plekk0005r6jm32e4ahsk', 'cm7arilhh0000ihd2qqtwhtx4', '2025-03-21 23:00:00'),
	('cm84plekk0006r6jm53dcgze5', 'cm7arilhh0000ihd2qqtwhtx4', '2025-03-22 16:00:00'),
	('cm84plekk0007r6jmb5q5jwx1', 'cm7arilhh0000ihd2qqtwhtx4', '2025-03-22 17:00:00'),
	('cm84plekk0008r6jmw7p9zj4c', 'cm7arilhh0000ihd2qqtwhtx4', '2025-03-22 18:00:00'),
	('cm84plekk0009r6jmqz0ufrul', 'cm7arilhh0000ihd2qqtwhtx4', '2025-03-22 19:00:00'),
	('cm84plekk000ar6jmn94kajgu', 'cm7arilhh0000ihd2qqtwhtx4', '2025-03-22 20:00:00'),
	('cm84plekk000br6jm91nz7km1', 'cm7arilhh0000ihd2qqtwhtx4', '2025-03-22 21:00:00'),
	('cm84plekk000cr6jmxnnvrsm5', 'cm7arilhh0000ihd2qqtwhtx4', '2025-03-22 22:00:00'),
	('cm84plekk000dr6jm7vb6f7rv', 'cm7arilhh0000ihd2qqtwhtx4', '2025-03-22 23:00:00'),
	('cm84plekk000er6jmaas5ts1k', 'cm7arilhh0000ihd2qqtwhtx4', '2025-03-26 22:00:00'),
	('cm84plekk000fr6jm9gavfpr0', 'cm7arilhh0000ihd2qqtwhtx4', '2025-03-26 23:00:00'),
	('cm84plekk000gr6jm8saidzxx', 'cm7arilhh0000ihd2qqtwhtx4', '2025-03-28 22:00:00'),
	('cm84plekk000hr6jmakjuhb78', 'cm7arilhh0000ihd2qqtwhtx4', '2025-03-28 23:00:00'),
	('cm84plekk000ir6jm7m5f1bqq', 'cm7arilhh0000ihd2qqtwhtx4', '2025-03-29 16:00:00'),
	('cm84plekk000jr6jmi784hv4z', 'cm7arilhh0000ihd2qqtwhtx4', '2025-03-29 17:00:00'),
	('cm84plekk000kr6jmilyt91ic', 'cm7arilhh0000ihd2qqtwhtx4', '2025-03-29 18:00:00'),
	('cm84plekk000lr6jm0suwdzea', 'cm7arilhh0000ihd2qqtwhtx4', '2025-03-29 19:00:00'),
	('cm84plekk000mr6jmnfsmhebs', 'cm7arilhh0000ihd2qqtwhtx4', '2025-03-29 20:00:00'),
	('cm84plekk000nr6jme313ilq6', 'cm7arilhh0000ihd2qqtwhtx4', '2025-03-29 21:00:00'),
	('cm84plekk000or6jm1tk6ddup', 'cm7arilhh0000ihd2qqtwhtx4', '2025-03-29 22:00:00'),
	('cm84plekk000pr6jmi6bf46wv', 'cm7arilhh0000ihd2qqtwhtx4', '2025-03-29 23:00:00'),
	('cm84plekk000qr6jmrzbhcync', 'cm7arilhh0000ihd2qqtwhtx4', '2025-03-30 16:00:00'),
	('cm84plekk000rr6jmal6n4pcq', 'cm7arilhh0000ihd2qqtwhtx4', '2025-03-30 17:00:00'),
	('cm84plekk000sr6jm80cnqnij', 'cm7arilhh0000ihd2qqtwhtx4', '2025-03-30 18:00:00'),
	('cm84plekk000tr6jmabe29gf2', 'cm7arilhh0000ihd2qqtwhtx4', '2025-03-30 19:00:00'),
	('cm84plekk000ur6jmdl5pn37j', 'cm7arilhh0000ihd2qqtwhtx4', '2025-03-30 20:00:00'),
	('cm84plekk000vr6jmtsuolm49', 'cm7arilhh0000ihd2qqtwhtx4', '2025-03-30 21:00:00'),
	('cm84plekk000wr6jm37onxcz8', 'cm7arilhh0000ihd2qqtwhtx4', '2025-03-30 22:00:00'),
	('cm84plekk000xr6jmo8mjyy7n', 'cm7arilhh0000ihd2qqtwhtx4', '2025-03-30 23:00:00'),
	('cm84plekk000yr6jmb0qqni2d', 'cm7arilhh0000ihd2qqtwhtx4', '2025-04-02 22:00:00'),
	('cm84plekk000zr6jmxjharx0d', 'cm7arilhh0000ihd2qqtwhtx4', '2025-04-02 23:00:00'),
	('cm84plekk0010r6jmkgpfcmam', 'cm7arilhh0000ihd2qqtwhtx4', '2025-04-04 22:00:00'),
	('cm84plekk0011r6jms8sli10s', 'cm7arilhh0000ihd2qqtwhtx4', '2025-04-04 23:00:00'),
	('cm84plekk0012r6jm811a4jqg', 'cm7arilhh0000ihd2qqtwhtx4', '2025-04-05 16:00:00'),
	('cm84plekk0013r6jmrto8g25g', 'cm7arilhh0000ihd2qqtwhtx4', '2025-04-05 17:00:00'),
	('cm84plekk0014r6jm0czdbp1e', 'cm7arilhh0000ihd2qqtwhtx4', '2025-04-05 18:00:00'),
	('cm84plekk0015r6jmnjgoo4v6', 'cm7arilhh0000ihd2qqtwhtx4', '2025-04-05 19:00:00'),
	('cm84plekk0016r6jmr07hclx3', 'cm7arilhh0000ihd2qqtwhtx4', '2025-04-05 20:00:00'),
	('cm84plekk0017r6jm9l02h82x', 'cm7arilhh0000ihd2qqtwhtx4', '2025-04-05 21:00:00'),
	('cm84plekk0018r6jmbk2pekb9', 'cm7arilhh0000ihd2qqtwhtx4', '2025-04-05 22:00:00'),
	('cm84plekk0019r6jmukktxyc3', 'cm7arilhh0000ihd2qqtwhtx4', '2025-04-05 23:00:00'),
	('cm84plekk001ar6jmx300im7w', 'cm7arilhh0000ihd2qqtwhtx4', '2025-04-06 16:00:00'),
	('cm84plekk001br6jmiivw5sjz', 'cm7arilhh0000ihd2qqtwhtx4', '2025-04-06 17:00:00'),
	('cm84plekk001cr6jmbnqrekk6', 'cm7arilhh0000ihd2qqtwhtx4', '2025-04-06 18:00:00'),
	('cm84plekk001dr6jm2s8z1t7b', 'cm7arilhh0000ihd2qqtwhtx4', '2025-04-06 19:00:00'),
	('cm84plekk001er6jmb7b1owrg', 'cm7arilhh0000ihd2qqtwhtx4', '2025-04-06 20:00:00'),
	('cm84plekk001fr6jmsdvf3jhe', 'cm7arilhh0000ihd2qqtwhtx4', '2025-04-06 21:00:00'),
	('cm84plekk001gr6jmfli6rw1b', 'cm7arilhh0000ihd2qqtwhtx4', '2025-04-06 22:00:00'),
	('cm84plekk001hr6jmtj473qh1', 'cm7arilhh0000ihd2qqtwhtx4', '2025-04-06 23:00:00'),
	('cm8nshbs00003n807zoaw2t1f', 'cm8nshbqc0000n80739swshdx', '2025-03-25 12:00:00'),
	('cm8nshbs00004n807gfx9jplh', 'cm8nshbqc0000n80739swshdx', '2025-03-25 16:00:00'),
	('cm8nshbs00005n807o6aikbh1', 'cm8nshbqc0000n80739swshdx', '2025-03-25 20:00:00'),
	('cmbmytz6e0003y0d6t0rms3b4', 'cmbmytz5b0000y0d6gnx73itf', '2025-07-25 21:00:00'),
	('cmbmytz6e0004y0d66rjaznfl', 'cmbmytz5b0000y0d6gnx73itf', '2025-07-26 16:00:00'),
	('cmbmytz6e0005y0d6368f152d', 'cmbmytz5b0000y0d6gnx73itf', '2025-07-27 16:00:00'),
	('cmcy6cinu000314fxv731jg3y', 'cmcy6cimo000014fxrf0bsojq', '2025-07-14 21:00:00'),
	('cmcy6cinu000414fxg6nxw0qk', 'cmcy6cimo000014fxrf0bsojq', '2025-07-16 21:00:00'),
	('cmcy6cinu000514fxdums5noe', 'cmcy6cimo000014fxrf0bsojq', '2025-07-18 21:00:00'),
	('cmcy6cinu000614fxrbc57tkj', 'cmcy6cimo000014fxrf0bsojq', '2025-07-21 21:00:00'),
	('cmcy6cinu000714fxue0yh7ub', 'cmcy6cimo000014fxrf0bsojq', '2025-07-23 21:00:00'),
	('cmcy6cinu000814fxly0u7hrz', 'cmcy6cimo000014fxrf0bsojq', '2025-07-25 21:00:00'),
	('cmcy6cinu000914fxmgzjmqhd', 'cmcy6cimo000014fxrf0bsojq', '2025-07-28 21:00:00'),
	('cmcy6cinu000a14fx7z9x5z2q', 'cmcy6cimo000014fxrf0bsojq', '2025-07-30 21:00:00'),
	('cmcy6cinu000b14fx2pg5u370', 'cmcy6cimo000014fxrf0bsojq', '2025-08-01 21:00:00'),
	('cmdnzn85w0000sgrbmogocyx3', 'cmdezx0s00000zwayypj5plos', '2025-07-22 21:00:00'),
	('cmdnzn85x0001sgrbd5h53ayl', 'cmdezx0s00000zwayypj5plos', '2025-07-23 21:00:00'),
	('cmdnzn85x0002sgrbd29kbs1t', 'cmdezx0s00000zwayypj5plos', '2025-07-24 21:00:00'),
	('cmdnzn85x0003sgrb9y5ilmvd', 'cmdezx0s00000zwayypj5plos', '2025-07-25 21:00:00'),
	('cmdnzn85x0004sgrb004qklfe', 'cmdezx0s00000zwayypj5plos', '2025-07-26 21:00:00'),
	('cmdnzn85x0005sgrbu8f6hwr5', 'cmdezx0s00000zwayypj5plos', '2025-07-27 21:00:00'),
	('cmdnzn85x0006sgrbg5geql8o', 'cmdezx0s00000zwayypj5plos', '2025-07-28 21:00:00'),
	('cmdnzn85x0007sgrby2yspeu4', 'cmdezx0s00000zwayypj5plos', '2025-07-29 21:00:00'),
	('cmdnzn85x0008sgrb2p1u37cf', 'cmdezx0s00000zwayypj5plos', '2025-07-30 21:00:00'),
	('cmdnzn85x0009sgrbsdtkoll4', 'cmdezx0s00000zwayypj5plos', '2025-07-31 21:00:00'),
	('cmdnzn85x000asgrbmfa5vwwh', 'cmdezx0s00000zwayypj5plos', '2025-08-01 21:00:00'),
	('cmdnzn85x000bsgrbu6iwclqb', 'cmdezx0s00000zwayypj5plos', '2025-08-02 21:00:00'),
	('cmdnzn85x000csgrb6g9a5m5r', 'cmdezx0s00000zwayypj5plos', '2025-08-03 21:00:00'),
	('cmdnzn85x000dsgrbsiqbv1oj', 'cmdezx0s00000zwayypj5plos', '2025-08-04 21:00:00'),
	('cmdnzn85x000esgrbr8qw9sac', 'cmdezx0s00000zwayypj5plos', '2025-08-05 21:00:00'),
	('cmdnzn85x000fsgrbd1fbv9e1', 'cmdezx0s00000zwayypj5plos', '2025-08-06 21:00:00'),
	('cmdnzn85x000gsgrbyltlbtl2', 'cmdezx0s00000zwayypj5plos', '2025-08-07 21:00:00'),
	('cmdnzn85x000hsgrbx89p7oja', 'cmdezx0s00000zwayypj5plos', '2025-08-08 21:00:00'),
	('cmdnzn85x000isgrbouy62fwo', 'cmdezx0s00000zwayypj5plos', '2025-08-09 21:00:00'),
	('cmdnzn85x000jsgrbvvn7np0r', 'cmdezx0s00000zwayypj5plos', '2025-08-10 21:00:00'),
	('cmdnzn85x000ksgrb5f1oned3', 'cmdezx0s00000zwayypj5plos', '2025-08-11 21:00:00'),
	('cmdnzn85x000lsgrbbw6t2i81', 'cmdezx0s00000zwayypj5plos', '2025-08-12 21:00:00'),
	('cmdnzn85x000msgrb3txxfprn', 'cmdezx0s00000zwayypj5plos', '2025-08-13 21:00:00'),
	('cmdnzn85x000nsgrbnqqg4v72', 'cmdezx0s00000zwayypj5plos', '2025-08-14 21:00:00'),
	('cmdnzn85x000osgrb2eccd9v2', 'cmdezx0s00000zwayypj5plos', '2025-08-15 21:00:00'),
	('cmdnzn85x000psgrbunklfeaq', 'cmdezx0s00000zwayypj5plos', '2025-08-16 21:00:00'),
	('cmeaoupn90003cbvrx18j26kj', 'cmeaoupll0000cbvr3dgd7iu5', '2025-08-17 22:00:00'),
	('cmeaoupn90004cbvrws0sthdk', 'cmeaoupll0000cbvr3dgd7iu5', '2025-08-23 22:00:00'),
	('cmeaoupn90005cbvrzm7rqn2f', 'cmeaoupll0000cbvr3dgd7iu5', '2025-08-24 22:00:00'),
	('cmezo7on10003107lg7bkheot', 'cmezo7old0000107ljj3ia8v8', '2025-08-31 17:00:00'),
	('cmezo7on10004107lee03sn9e', 'cmezo7old0000107ljj3ia8v8', '2025-09-07 17:00:00'),
	('cmezo7on10005107lpupcd3px', 'cmezo7old0000107ljj3ia8v8', '2025-09-13 17:00:00'),
	('cmezo7on10006107lxv2mq9ex', 'cmezo7old0000107ljj3ia8v8', '2025-09-21 17:00:00'),
	('cmezo7on10007107laadcvb5f', 'cmezo7old0000107ljj3ia8v8', '2025-09-27 17:00:00'),
	('cmezo7on10008107l8lo05lp1', 'cmezo7old0000107ljj3ia8v8', '2025-09-28 17:00:00'),
	('cmezo7on10009107lzn0vmdh5', 'cmezo7old0000107ljj3ia8v8', '2025-10-04 17:00:00'),
	('cmezo7on1000a107lcv4w4il5', 'cmezo7old0000107ljj3ia8v8', '2025-10-05 17:00:00'),
	('cmezo7on1000b107lrb4sf0e3', 'cmezo7old0000107ljj3ia8v8', '2025-10-11 17:00:00'),
	('cmezo7on1000c107ll4fnuil1', 'cmezo7old0000107ljj3ia8v8', '2025-10-12 17:00:00'),
	('cmfbn2e3q0003pr2j9q1nt8cv', 'cmfbn2e2s0000pr2jecf3cgs7', '2025-09-20 21:00:00'),
	('cmfbn2e3q0004pr2jntuklt0f', 'cmfbn2e2s0000pr2jecf3cgs7', '2025-09-27 21:00:00'),
	('cmfdywwqa0003uehm0ktqb42y', 'cmfdywwp00000uehmywecd977', '2025-09-21 23:00:00'),
	('cmfdywwqa0004uehm7epdmf5j', 'cmfdywwp00000uehmywecd977', '2025-09-26 23:00:00'),
	('cmfdywwqa0005uehmoqkvp3s4', 'cmfdywwp00000uehmywecd977', '2025-09-28 23:00:00'),
	('cmfdywwqa0006uehmkhkgr0uv', 'cmfdywwp00000uehmywecd977', '2025-10-03 23:00:00'),
	('cmfdywwqa0007uehm1bkyfckx', 'cmfdywwp00000uehmywecd977', '2025-10-04 23:00:00'),
	('cmfdywwqa0008uehmqy5u50sz', 'cmfdywwp00000uehmywecd977', '2025-10-05 23:00:00'),
	('cmfdywwqa0009uehm7sa86j32', 'cmfdywwp00000uehmywecd977', '2025-10-10 23:00:00'),
	('cmfdywwqa000auehmnmrjqc48', 'cmfdywwp00000uehmywecd977', '2025-10-11 23:00:00'),
	('cmfdywwqa000buehm1xyjcebq', 'cmfdywwp00000uehmywecd977', '2025-10-12 23:00:00'),
	('cmgjqxj050003fq3phk9espp8', 'cmgjqxixr0000fq3pmb16lg2v', '2025-10-25 19:00:00'),
	('cmgjqxj050004fq3pslihs0bo', 'cmgjqxixr0000fq3pmb16lg2v', '2025-10-25 22:00:00'),
	('cmgjqxj050005fq3ps5goukj9', 'cmgjqxixr0000fq3pmb16lg2v', '2025-10-26 19:00:00'),
	('cmgjqxj050006fq3poz0fczl0', 'cmgjqxixr0000fq3pmb16lg2v', '2025-10-26 22:00:00'),
	('cmgjqxj050007fq3p02b3k5zg', 'cmgjqxixr0000fq3pmb16lg2v', '2025-11-01 19:00:00'),
	('cmgjqxj050008fq3pkx5l24sf', 'cmgjqxixr0000fq3pmb16lg2v', '2025-11-01 22:00:00'),
	('cmgjqxj050009fq3plro90p9v', 'cmgjqxixr0000fq3pmb16lg2v', '2025-11-02 20:00:00'),
	('cmgjqxj05000afq3p31drqi31', 'cmgjqxixr0000fq3pmb16lg2v', '2025-11-02 23:00:00'),
	('cmgjqxj05000bfq3psbkusgda', 'cmgjqxixr0000fq3pmb16lg2v', '2025-11-08 20:00:00'),
	('cmgjqxj05000cfq3px1s1uj19', 'cmgjqxixr0000fq3pmb16lg2v', '2025-11-08 23:00:00'),
	('cmgjqxj05000dfq3p1zujzti7', 'cmgjqxixr0000fq3pmb16lg2v', '2025-11-09 20:00:00'),
	('cmgjqxj05000efq3pzikr8yp9', 'cmgjqxixr0000fq3pmb16lg2v', '2025-11-09 23:00:00'),
	('cmgjqxj05000ffq3pp80ltvtu', 'cmgjqxixr0000fq3pmb16lg2v', '2025-11-15 20:00:00'),
	('cmgjqxj05000gfq3p4jyllxlk', 'cmgjqxixr0000fq3pmb16lg2v', '2025-11-15 23:00:00'),
	('cmgjqxj05000hfq3p1n4pi4sl', 'cmgjqxixr0000fq3pmb16lg2v', '2025-11-16 20:00:00'),
	('cmgjqxj05000ifq3pff5uf19h', 'cmgjqxixr0000fq3pmb16lg2v', '2025-11-16 23:00:00'),
	('cmgl78qb40006sw5tjodnqyuc', 'cmgl78qa70003sw5tqr2l4o4o', '2025-10-13 23:00:00'),
	('cmgl78qb40007sw5t5em6y83x', 'cmgl78qa70003sw5tqr2l4o4o', '2025-10-14 23:00:00'),
	('cmgl78qb40008sw5txhr03zng', 'cmgl78qa70003sw5tqr2l4o4o', '2025-10-15 23:00:00'),
	('cmgl78qb40009sw5t9vou94xm', 'cmgl78qa70003sw5tqr2l4o4o', '2025-10-17 23:00:00'),
	('cmgl78qb4000asw5tlty6f7io', 'cmgl78qa70003sw5tqr2l4o4o', '2025-10-20 23:00:00'),
	('cmgl78qb4000bsw5tfqz4zjbq', 'cmgl78qa70003sw5tqr2l4o4o', '2025-10-21 23:00:00'),
	('cmgl78qb4000csw5t6enitktc', 'cmgl78qa70003sw5tqr2l4o4o', '2025-10-22 23:00:00'),
	('cmgl78qb4000dsw5te73p3axf', 'cmgl78qa70003sw5tqr2l4o4o', '2025-10-23 23:00:00'),
	('cmgsh9ak20003u908aut5g8xp', 'cmgsh9aig0000u9086pjzuspt', '2025-11-22 22:00:00'),
	('cmgsh9ak20004u908kuhgpehl', 'cmgsh9aig0000u9086pjzuspt', '2025-11-29 22:00:00'),
	('cmgsh9ak20005u908g5j5bfns', 'cmgsh9aig0000u9086pjzuspt', '2025-12-06 22:00:00'),
	('cmgvxrqz40003hjn5asgk7ll3', 'cmgvxrqy40000hjn50qfw45ex', '2025-11-08 19:00:00'),
	('cmgvxrqz40004hjn5cwk12wdx', 'cmgvxrqy40000hjn50qfw45ex', '2025-11-09 19:00:00'),
	('cmgvxrqz40005hjn5eibnlhej', 'cmgvxrqy40000hjn50qfw45ex', '2025-11-15 19:00:00'),
	('cmgvxrqz40006hjn5llwp9i41', 'cmgvxrqy40000hjn50qfw45ex', '2025-11-16 19:00:00'),
	('cmgvxrqz40007hjn5dbqe39q2', 'cmgvxrqy40000hjn50qfw45ex', '2025-11-22 19:00:00'),
	('cmgvxrqz40008hjn5rsxziouc', 'cmgvxrqy40000hjn50qfw45ex', '2025-11-23 19:00:00'),
	('cmgygytrs0004hxemaf1u31ke', 'cmgygytr20001hxemi7w11g8p', '2025-11-06 01:00:00'),
	('cmgygytrs0005hxem2p80s2rs', 'cmgygytr20001hxemi7w11g8p', '2025-11-13 01:00:00'),
	('cmgygytrs0006hxemdasi0ht5', 'cmgygytr20001hxemi7w11g8p', '2025-11-20 01:00:00'),
	('cmh1dk9hj0003yuh5ebvpkte7', 'cmh1dk9gd0000yuh5ha77co36', '2025-11-04 00:00:00'),
	('cmh1dk9hj0004yuh5wbgq6ecm', 'cmh1dk9gd0000yuh5ha77co36', '2025-11-05 00:00:00'),
	('cmh1dk9hj0005yuh5ubi976ho', 'cmh1dk9gd0000yuh5ha77co36', '2025-11-06 00:00:00'),
	('cmh1dk9hj0006yuh5szl2dh1w', 'cmh1dk9gd0000yuh5ha77co36', '2025-11-07 00:00:00'),
	('cmh1dk9hj0007yuh58wnqnkyo', 'cmh1dk9gd0000yuh5ha77co36', '2025-11-08 00:00:00'),
	('cmh1dk9hj0008yuh5himg6gpw', 'cmh1dk9gd0000yuh5ha77co36', '2025-11-11 00:00:00'),
	('cmh1dk9hj0009yuh5mb7tlecm', 'cmh1dk9gd0000yuh5ha77co36', '2025-11-12 00:00:00'),
	('cmh1dk9hj000ayuh5m8p1tho2', 'cmh1dk9gd0000yuh5ha77co36', '2025-11-13 00:00:00'),
	('cmh1dk9hj000byuh5cz4mzc5a', 'cmh1dk9gd0000yuh5ha77co36', '2025-11-14 00:00:00'),
	('cmh1dk9hj000cyuh5fcpk7mp5', 'cmh1dk9gd0000yuh5ha77co36', '2025-11-15 00:00:00'),
	('cmhyvueax0003xvp7i1guoqzc', 'cmhyvue8o0000xvp7dndqh2z6', '2025-11-22 19:00:00'),
	('cmhyvueax0004xvp7eho3fv02', 'cmhyvue8o0000xvp7dndqh2z6', '2025-11-29 19:00:00'),
	('cmhyvueax0005xvp73znpqlju', 'cmhyvue8o0000xvp7dndqh2z6', '2025-11-30 19:00:00'),
	('cmhyvueax0006xvp7lxudxs95', 'cmhyvue8o0000xvp7dndqh2z6', '2025-12-07 19:00:00'),
	('cmk1hnq0r00036dq6ymjrm7w8', 'cmk1hnpyi00006dq6p0j88ptm', '2026-01-10 00:00:00'),
	('cmk1hnq0r00046dq6e26kuyr2', 'cmk1hnpyi00006dq6p0j88ptm', '2026-01-10 21:00:00'),
	('cmk1hnq0r00056dq6zqmttqit', 'cmk1hnpyi00006dq6p0j88ptm', '2026-01-11 21:00:00'),
	('cmk1hnq0r00066dq68hozdets', 'cmk1hnpyi00006dq6p0j88ptm', '2026-01-17 00:00:00'),
	('cmk1hnq0r00076dq6yo06dmz8', 'cmk1hnpyi00006dq6p0j88ptm', '2026-01-17 21:00:00'),
	('cmk1hnq0r00086dq624yo5m4k', 'cmk1hnpyi00006dq6p0j88ptm', '2026-01-18 21:00:00');


--
-- Data for Name: Availability; Type: TABLE DATA; Schema: public; Owner: postgres
--

INSERT INTO "public"."Availability" ("membershipId", "potentialDateTimeId", "status") VALUES
	('cm4yr6ba50001cn1hnmofgzad', 'cm5srfls30000azt94zqh0bih', 'YES'),
	('cm4yr6ba50001cn1hnmofgzad', 'cm5srfls50001azt9wo4lb9r1', 'YES'),
	('cm4yr6ba50001cn1hnmofgzad', 'cm5srfls50002azt94qlv5en2', 'YES'),
	('cm4yr6ba50001cn1hnmofgzad', 'cm5srfls50003azt90oukpul0', 'YES'),
	('cm4ywyby1000191j7igys8pzt', 'cm5srfls30000azt94zqh0bih', 'NO'),
	('cm4ywyby1000191j7igys8pzt', 'cm5srfls50001azt9wo4lb9r1', 'YES'),
	('cm4ywyby1000191j7igys8pzt', 'cm5srfls50002azt94qlv5en2', 'MAYBE'),
	('cm4ywyby1000191j7igys8pzt', 'cm5srfls50003azt90oukpul0', 'MAYBE'),
	('cm578fjxc00011410gyg0mul5', 'cm5srfls30000azt94zqh0bih', 'YES'),
	('cm578fjxc00011410gyg0mul5', 'cm5srfls50001azt9wo4lb9r1', 'YES'),
	('cm578fjxc00011410gyg0mul5', 'cm5srfls50002azt94qlv5en2', 'YES'),
	('cm578fjxc00011410gyg0mul5', 'cm5srfls50003azt90oukpul0', 'YES'),
	('cm4yrmu7l00085wspphx6mfkh', 'cm5srfls30000azt94zqh0bih', 'NO'),
	('cm4yrmu7l00085wspphx6mfkh', 'cm5srfls50001azt9wo4lb9r1', 'MAYBE'),
	('cm4yrmu7l00085wspphx6mfkh', 'cm5srfls50002azt94qlv5en2', 'NO'),
	('cm4yrmu7l00085wspphx6mfkh', 'cm5srfls50003azt90oukpul0', 'NO'),
	('cm59yb2xi0003yo6jpqdx26af', 'cm5srfls30000azt94zqh0bih', 'NO'),
	('cm4g901jl0002h3kbf99v9o0d', 'cm4g901k80003h3kba7ke2ti4', 'YES'),
	('cm4g901jl0002h3kbf99v9o0d', 'cm4g901k80004h3kb5kii0pzw', 'YES'),
	('cm4g901jl0002h3kbf99v9o0d', 'cm4g901k80005h3kbs80uapys', 'YES'),
	('cm4g901jl0002h3kbf99v9o0d', 'cm4g901k80006h3kb5o444xtk', 'YES'),
	('cm4g901jl0002h3kbf99v9o0d', 'cm4g901k80007h3kb04ffyxhz', 'YES'),
	('cm4g901jl0002h3kbf99v9o0d', 'cm4g901k80008h3kbxptpsldr', 'YES'),
	('cm4g9468f0001cq6ge5tm29w2', 'cm4g901k80003h3kba7ke2ti4', 'MAYBE'),
	('cm4g9468f0001cq6ge5tm29w2', 'cm4g901k80004h3kb5kii0pzw', 'MAYBE'),
	('cm4g9468f0001cq6ge5tm29w2', 'cm4g901k80005h3kbs80uapys', 'MAYBE'),
	('cm4g9468f0001cq6ge5tm29w2', 'cm4g901k80006h3kb5o444xtk', 'YES'),
	('cm4g9468f0001cq6ge5tm29w2', 'cm4g901k80007h3kb04ffyxhz', 'MAYBE'),
	('cm4g9468f0001cq6ge5tm29w2', 'cm4g901k80008h3kbxptpsldr', 'YES'),
	('cm4gagzcs00015f26brduxs0d', 'cm4g901k80003h3kba7ke2ti4', 'YES'),
	('cm4gagzcs00015f26brduxs0d', 'cm4g901k80004h3kb5kii0pzw', 'YES'),
	('cm4gagzcs00015f26brduxs0d', 'cm4g901k80005h3kbs80uapys', 'YES'),
	('cm4gagzcs00015f26brduxs0d', 'cm4g901k80006h3kb5o444xtk', 'YES'),
	('cm4gagzcs00015f26brduxs0d', 'cm4g901k80007h3kb04ffyxhz', 'YES'),
	('cm4gagzcs00015f26brduxs0d', 'cm4g901k80008h3kbxptpsldr', 'YES'),
	('cm4gar7iy00037qitc48ujr4y', 'cm4g901k80003h3kba7ke2ti4', 'YES'),
	('cm4gar7iy00037qitc48ujr4y', 'cm4g901k80004h3kb5kii0pzw', 'NO'),
	('cm4gar7iy00037qitc48ujr4y', 'cm4g901k80005h3kbs80uapys', 'NO'),
	('cm4gar7iy00037qitc48ujr4y', 'cm4g901k80006h3kb5o444xtk', 'NO'),
	('cm4gar7iy00037qitc48ujr4y', 'cm4g901k80007h3kb04ffyxhz', 'YES'),
	('cm4gar7iy00037qitc48ujr4y', 'cm4g901k80008h3kbxptpsldr', 'YES'),
	('cm4gdufqw0001ga58o59fy9bw', 'cm4g901k80003h3kba7ke2ti4', 'YES'),
	('cm4gdufqw0001ga58o59fy9bw', 'cm4g901k80004h3kb5kii0pzw', 'YES'),
	('cm4gdufqw0001ga58o59fy9bw', 'cm4g901k80005h3kbs80uapys', 'YES'),
	('cm4gdufqw0001ga58o59fy9bw', 'cm4g901k80006h3kb5o444xtk', 'YES'),
	('cm4gdufqw0001ga58o59fy9bw', 'cm4g901k80007h3kb04ffyxhz', 'YES'),
	('cm4gdufqw0001ga58o59fy9bw', 'cm4g901k80008h3kbxptpsldr', 'YES'),
	('cm4gf4cc00001mqmp6j7i0wb7', 'cm4g901k80003h3kba7ke2ti4', 'YES'),
	('cm4gf4cc00001mqmp6j7i0wb7', 'cm4g901k80004h3kb5kii0pzw', 'YES'),
	('cm4gf4cc00001mqmp6j7i0wb7', 'cm4g901k80005h3kbs80uapys', 'MAYBE'),
	('cm4gf4cc00001mqmp6j7i0wb7', 'cm4g901k80006h3kb5o444xtk', 'MAYBE'),
	('cm4gf4cc00001mqmp6j7i0wb7', 'cm4g901k80007h3kb04ffyxhz', 'YES'),
	('cm4gf4cc00001mqmp6j7i0wb7', 'cm4g901k80008h3kbxptpsldr', 'YES'),
	('cm4hzpcdu0001fqcy55mzcero', 'cm4g901k80003h3kba7ke2ti4', 'NO'),
	('cm4hzpcdu0001fqcy55mzcero', 'cm4g901k80004h3kb5kii0pzw', 'YES'),
	('cm4hzpcdu0001fqcy55mzcero', 'cm4g901k80005h3kbs80uapys', 'MAYBE'),
	('cm4hzpcdu0001fqcy55mzcero', 'cm4g901k80006h3kb5o444xtk', 'YES'),
	('cm4hzpcdu0001fqcy55mzcero', 'cm4g901k80007h3kb04ffyxhz', 'YES'),
	('cm4hzpcdu0001fqcy55mzcero', 'cm4g901k80008h3kbxptpsldr', 'MAYBE'),
	('cm59yb2xi0003yo6jpqdx26af', 'cm5srfls50001azt9wo4lb9r1', 'YES'),
	('cm59yb2xi0003yo6jpqdx26af', 'cm5srfls50002azt94qlv5en2', 'MAYBE'),
	('cm59yb2xi0003yo6jpqdx26af', 'cm5srfls50003azt90oukpul0', 'MAYBE'),
	('cm51ggiut00011skgwp7zhs31', 'cm5srfls30000azt94zqh0bih', 'NO'),
	('cm51ggiut00011skgwp7zhs31', 'cm5srfls50001azt9wo4lb9r1', 'NO'),
	('cm51ggiut00011skgwp7zhs31', 'cm5srfls50002azt94qlv5en2', 'MAYBE'),
	('cm51ggiut00011skgwp7zhs31', 'cm5srfls50003azt90oukpul0', 'YES'),
	('cm4ysf6ou0009cn1h4qd8ndu4', 'cm5srfls30000azt94zqh0bih', 'YES'),
	('cm4ysf6ou0009cn1h4qd8ndu4', 'cm5srfls50001azt9wo4lb9r1', 'YES'),
	('cm4ysf6ou0009cn1h4qd8ndu4', 'cm5srfls50002azt94qlv5en2', 'YES'),
	('cm4ysf6ou0009cn1h4qd8ndu4', 'cm5srfls50003azt90oukpul0', 'YES'),
	('cm4yr9nup0003ns6c33mru4jc', 'cm5srfls30000azt94zqh0bih', 'MAYBE'),
	('cm4yr9nup0003ns6c33mru4jc', 'cm5srfls50001azt9wo4lb9r1', 'YES'),
	('cm4yr9nup0003ns6c33mru4jc', 'cm5srfls50002azt94qlv5en2', 'YES'),
	('cm4yr9nup0003ns6c33mru4jc', 'cm5srfls50003azt90oukpul0', 'YES'),
	('cm4yscuq40007cn1h8uumrasq', 'cm5srfls30000azt94zqh0bih', 'MAYBE'),
	('cm4yscuq40007cn1h8uumrasq', 'cm5srfls50001azt9wo4lb9r1', 'MAYBE'),
	('cm4yscuq40007cn1h8uumrasq', 'cm5srfls50002azt94qlv5en2', 'MAYBE'),
	('cm4yscuq40007cn1h8uumrasq', 'cm5srfls50003azt90oukpul0', 'MAYBE'),
	('cm55dm7700001taed0ze2m7cj', 'cm5srfls30000azt94zqh0bih', 'YES'),
	('cm55dm7700001taed0ze2m7cj', 'cm5srfls50001azt9wo4lb9r1', 'NO'),
	('cm55dm7700001taed0ze2m7cj', 'cm5srfls50002azt94qlv5en2', 'YES'),
	('cm55dm7700001taed0ze2m7cj', 'cm5srfls50003azt90oukpul0', 'YES'),
	('cm54i420j0001w7clru0eod3f', 'cm5srfls30000azt94zqh0bih', 'MAYBE'),
	('cm54i420j0001w7clru0eod3f', 'cm5srfls50001azt9wo4lb9r1', 'YES'),
	('cm54i420j0001w7clru0eod3f', 'cm5srfls50002azt94qlv5en2', 'YES'),
	('cm54i420j0001w7clru0eod3f', 'cm5srfls50003azt90oukpul0', 'YES'),
	('cm55ofky30001yxsm7vj6yob0', 'cm5srfls30000azt94zqh0bih', 'NO'),
	('cm55ofky30001yxsm7vj6yob0', 'cm5srfls50001azt9wo4lb9r1', 'YES'),
	('cm55ofky30001yxsm7vj6yob0', 'cm5srfls50002azt94qlv5en2', 'YES'),
	('cm55ofky30001yxsm7vj6yob0', 'cm5srfls50003azt90oukpul0', 'NO'),
	('cm54h6x4q0001m1klp6a0kybu', 'cm5srfls50002azt94qlv5en2', 'YES'),
	('cm54h6x4q0001m1klp6a0kybu', 'cm5srfls50003azt90oukpul0', 'YES'),
	('cm4zojm3p00016mn51e3iwg4s', 'cm5srfls50001azt9wo4lb9r1', 'NO'),
	('cm4zojm3p00016mn51e3iwg4s', 'cm5srfls50002azt94qlv5en2', 'YES'),
	('cm4zojm3p00016mn51e3iwg4s', 'cm5srfls50003azt90oukpul0', 'NO'),
	('cm565hlp90003ijirmo1l13g7', 'cm5srfls30000azt94zqh0bih', 'YES'),
	('cm565hlp90003ijirmo1l13g7', 'cm5srfls50001azt9wo4lb9r1', 'YES'),
	('cm565hlp90003ijirmo1l13g7', 'cm5srfls50002azt94qlv5en2', 'YES'),
	('cm565hlp90003ijirmo1l13g7', 'cm5srfls50003azt90oukpul0', 'YES'),
	('cm4zlvnnu00037coh67szjhtw', 'cm5srfls30000azt94zqh0bih', 'YES'),
	('cm4zlvnnu00037coh67szjhtw', 'cm5srfls50001azt9wo4lb9r1', 'YES'),
	('cm4zlvnnu00037coh67szjhtw', 'cm5srfls50002azt94qlv5en2', 'YES'),
	('cm4zlvnnu00037coh67szjhtw', 'cm5srfls50003azt90oukpul0', 'YES'),
	('cm54lskep000195khi2ufbbyx', 'cm5srfls30000azt94zqh0bih', 'YES'),
	('cm54lskep000195khi2ufbbyx', 'cm5srfls50001azt9wo4lb9r1', 'YES'),
	('cm54lskep000195khi2ufbbyx', 'cm5srfls50002azt94qlv5en2', 'NO'),
	('cm54lskep000195khi2ufbbyx', 'cm5srfls50003azt90oukpul0', 'NO'),
	('cm4yrbaf70001subgawpd2zkb', 'cm5srfls30000azt94zqh0bih', 'YES'),
	('cm4yrbaf70001subgawpd2zkb', 'cm5srfls50001azt9wo4lb9r1', 'NO'),
	('cm4yrbaf70001subgawpd2zkb', 'cm5srfls50002azt94qlv5en2', 'NO'),
	('cm4yrbaf70001subgawpd2zkb', 'cm5srfls50003azt90oukpul0', 'YES'),
	('cm4ys2qeh0001wdeb13ruist7', 'cm5srfls30000azt94zqh0bih', 'NO'),
	('cm4ys2qeh0001wdeb13ruist7', 'cm5srfls50001azt9wo4lb9r1', 'YES'),
	('cm4ys2qeh0001wdeb13ruist7', 'cm5srfls50002azt94qlv5en2', 'YES'),
	('cm4ys2qeh0001wdeb13ruist7', 'cm5srfls50003azt90oukpul0', 'YES'),
	('cm5114e4t00014nyco3pc71gl', 'cm5srfls30000azt94zqh0bih', 'NO'),
	('cm5114e4t00014nyco3pc71gl', 'cm5srfls50001azt9wo4lb9r1', 'MAYBE'),
	('cm5114e4t00014nyco3pc71gl', 'cm5srfls50002azt94qlv5en2', 'YES'),
	('cm5114e4t00014nyco3pc71gl', 'cm5srfls50003azt90oukpul0', 'YES'),
	('cm5u3yeog00015n069cdhbo6w', 'cm5srfls30000azt94zqh0bih', 'NO'),
	('cm5u3yeog00015n069cdhbo6w', 'cm5srfls50001azt9wo4lb9r1', 'YES'),
	('cm5u3yeog00015n069cdhbo6w', 'cm5srfls50002azt94qlv5en2', 'YES'),
	('cm5u3yeog00015n069cdhbo6w', 'cm5srfls50003azt90oukpul0', 'NO'),
	('cm5u6kpo50001mfrypa1tqy39', 'cm5srfls30000azt94zqh0bih', 'YES'),
	('cm5u6kpo50001mfrypa1tqy39', 'cm5srfls50001azt9wo4lb9r1', 'NO'),
	('cm5u6kpo50001mfrypa1tqy39', 'cm5srfls50002azt94qlv5en2', 'NO'),
	('cm5u6kpo50001mfrypa1tqy39', 'cm5srfls50003azt90oukpul0', 'YES'),
	('cm568you70001fxremq97bxov', 'cm5srfls30000azt94zqh0bih', 'YES'),
	('cm568you70001fxremq97bxov', 'cm5srfls50001azt9wo4lb9r1', 'MAYBE'),
	('cm568you70001fxremq97bxov', 'cm5srfls50002azt94qlv5en2', 'NO'),
	('cm568you70001fxremq97bxov', 'cm5srfls50003azt90oukpul0', 'YES'),
	('cm4ys84st0003wdebsec4vtgf', 'cm5srfls30000azt94zqh0bih', 'NO'),
	('cm4ys84st0003wdebsec4vtgf', 'cm5srfls50001azt9wo4lb9r1', 'YES'),
	('cm5byye5v0002ffltkqsndp99', 'cm5bzb4kg0000139ciizrnktc', 'YES'),
	('cm5byye5v0002ffltkqsndp99', 'cm5bzb4kh0001139cccee0gxq', 'YES'),
	('cm5byye5v0002ffltkqsndp99', 'cm5bzb4kh0002139cmmzcsbhn', 'YES'),
	('cm5byye5v0002ffltkqsndp99', 'cm5bzb4kh0003139cvhlcs0ha', 'YES'),
	('cm5byye5v0002ffltkqsndp99', 'cm5bzb4kh0004139cbk2078nx', 'YES'),
	('cm5byye5v0002ffltkqsndp99', 'cm5bzb4kh0005139caxyvuh8g', 'YES'),
	('cm5bz037m00033jei4y2ast0w', 'cm5bzb4kg0000139ciizrnktc', 'YES'),
	('cm5bz037m00033jei4y2ast0w', 'cm5bzb4kh0001139cccee0gxq', 'YES'),
	('cm5bz037m00033jei4y2ast0w', 'cm5bzb4kh0002139cmmzcsbhn', 'YES'),
	('cm5bz037m00033jei4y2ast0w', 'cm5bzb4kh0003139cvhlcs0ha', 'YES'),
	('cm5bz037m00033jei4y2ast0w', 'cm5bzb4kh0004139cbk2078nx', 'YES'),
	('cm5bz037m00033jei4y2ast0w', 'cm5bzb4kh0005139caxyvuh8g', 'YES'),
	('cm5bzf30j00012ay5so6yrh56', 'cm5bzb4kg0000139ciizrnktc', 'YES'),
	('cm5bzf30j00012ay5so6yrh56', 'cm5bzb4kh0001139cccee0gxq', 'YES'),
	('cm5bzf30j00012ay5so6yrh56', 'cm5bzb4kh0002139cmmzcsbhn', 'MAYBE'),
	('cm5bzf30j00012ay5so6yrh56', 'cm5bzb4kh0003139cvhlcs0ha', 'YES'),
	('cm5bzf30j00012ay5so6yrh56', 'cm5bzb4kh0004139cbk2078nx', 'MAYBE'),
	('cm5bzf30j00012ay5so6yrh56', 'cm5bzb4kh0005139caxyvuh8g', 'NO'),
	('cm5cgwfc300011ybv8mbre2hj', 'cm5bzb4kg0000139ciizrnktc', 'MAYBE'),
	('cm5cgwfc300011ybv8mbre2hj', 'cm5bzb4kh0001139cccee0gxq', 'MAYBE'),
	('cm5cgwfc300011ybv8mbre2hj', 'cm5bzb4kh0002139cmmzcsbhn', 'MAYBE'),
	('cm5cgwfc300011ybv8mbre2hj', 'cm5bzb4kh0003139cvhlcs0ha', 'MAYBE'),
	('cm5cgwfc300011ybv8mbre2hj', 'cm5bzb4kh0004139cbk2078nx', 'YES'),
	('cm5cgwfc300011ybv8mbre2hj', 'cm5bzb4kh0005139caxyvuh8g', 'YES'),
	('cm5cprfs1000111j1gogtzacf', 'cm5bzb4kg0000139ciizrnktc', 'MAYBE'),
	('cm5cprfs1000111j1gogtzacf', 'cm5bzb4kh0001139cccee0gxq', 'YES'),
	('cm5cprfs1000111j1gogtzacf', 'cm5bzb4kh0002139cmmzcsbhn', 'YES'),
	('cm5cprfs1000111j1gogtzacf', 'cm5bzb4kh0003139cvhlcs0ha', 'NO'),
	('cm5cprfs1000111j1gogtzacf', 'cm5bzb4kh0004139cbk2078nx', 'YES'),
	('cm5cprfs1000111j1gogtzacf', 'cm5bzb4kh0005139caxyvuh8g', 'MAYBE'),
	('cm5fpt8mt0001au2gtf11d0ix', 'cm6txb69x00003oujjeyd0s54', 'NO'),
	('cm5fpt8mt0001au2gtf11d0ix', 'cm6txb69y00013ouj98pj7cxd', 'YES'),
	('cm5fpt8mt0001au2gtf11d0ix', 'cm6txb69y00023oujytcq1so9', 'NO'),
	('cm5fpt8mt0001au2gtf11d0ix', 'cm6txb69y00033oujzcv4cc8f', 'MAYBE'),
	('cm5fpitqd0002a67h3fyscl41', 'cm6txb69x00003oujjeyd0s54', 'YES'),
	('cm5fpitqd0002a67h3fyscl41', 'cm6txb69y00013ouj98pj7cxd', 'YES'),
	('cm5fpitqd0002a67h3fyscl41', 'cm6txb69y00023oujytcq1so9', 'YES'),
	('cm5fpitqd0002a67h3fyscl41', 'cm6txb69y00033oujzcv4cc8f', 'YES'),
	('cm5fpitqd0002a67h3fyscl41', 'cm6txb69y00043oujmc4e8d8d', 'YES'),
	('cm5fpitqd0002a67h3fyscl41', 'cm6txb69y00053ouj5jxcdy32', 'YES'),
	('cm5fpitqd0002a67h3fyscl41', 'cm6txb69y00063oujfz32woe6', 'YES'),
	('cm5fpitqd0002a67h3fyscl41', 'cm6txb69y00073oujg5m8x414', 'YES'),
	('cm5fpitqd0002a67h3fyscl41', 'cm6txb69y00083ouj4nsmbe80', 'YES'),
	('cm5fpitqd0002a67h3fyscl41', 'cm6txb69y00093oujj031omaf', 'YES'),
	('cm4ys84st0003wdebsec4vtgf', 'cm5srfls50002azt94qlv5en2', 'NO'),
	('cm4ys84st0003wdebsec4vtgf', 'cm5srfls50003azt90oukpul0', 'MAYBE'),
	('cm54h6x4q0001m1klp6a0kybu', 'cm5srfls30000azt94zqh0bih', 'YES'),
	('cm54h6x4q0001m1klp6a0kybu', 'cm5srfls50001azt9wo4lb9r1', 'NO'),
	('cm5fpitqd0002a67h3fyscl41', 'cm6txb69y000a3oujpty2vvs5', 'YES'),
	('cm5fpitqd0002a67h3fyscl41', 'cm6txb69y000b3oujrnx22m6k', 'YES'),
	('cm5fpt8mt0001au2gtf11d0ix', 'cm6txb69y00043oujmc4e8d8d', 'YES'),
	('cm5fpt8mt0001au2gtf11d0ix', 'cm6txb69y00053ouj5jxcdy32', 'YES'),
	('cm5fpt8mt0001au2gtf11d0ix', 'cm6txb69y00063oujfz32woe6', 'MAYBE'),
	('cm5fpt8mt0001au2gtf11d0ix', 'cm6txb69y00073oujg5m8x414', 'NO'),
	('cm5fpt8mt0001au2gtf11d0ix', 'cm6txb69y00083ouj4nsmbe80', 'YES'),
	('cm5fpt8mt0001au2gtf11d0ix', 'cm6txb69y00093oujj031omaf', 'MAYBE'),
	('cm5fpt8mt0001au2gtf11d0ix', 'cm6txb69y000a3oujpty2vvs5', 'YES'),
	('cm5fpt8mt0001au2gtf11d0ix', 'cm6txb69y000b3oujrnx22m6k', 'YES'),
	('cm5fq8b2i00051jizazz0uxud', 'cm5bzb4kg0000139ciizrnktc', 'YES'),
	('cm5fq8b2i00051jizazz0uxud', 'cm5bzb4kh0001139cccee0gxq', 'YES'),
	('cm5fq8b2i00051jizazz0uxud', 'cm5bzb4kh0002139cmmzcsbhn', 'YES'),
	('cm5fq8b2i00051jizazz0uxud', 'cm5bzb4kh0003139cvhlcs0ha', 'YES'),
	('cm5fq8b2i00051jizazz0uxud', 'cm5bzb4kh0004139cbk2078nx', 'YES'),
	('cm5fq8b2i00051jizazz0uxud', 'cm5bzb4kh0005139caxyvuh8g', 'YES'),
	('cm6tjrew80001nf6qokd6pm33', 'cm6txb69x00003oujjeyd0s54', 'NO'),
	('cm6tjrew80001nf6qokd6pm33', 'cm6txb69y00013ouj98pj7cxd', 'NO'),
	('cm6tjrew80001nf6qokd6pm33', 'cm6txb69y00023oujytcq1so9', 'NO'),
	('cm6tjrew80001nf6qokd6pm33', 'cm6txb69y00033oujzcv4cc8f', 'MAYBE'),
	('cm6tjrew80001nf6qokd6pm33', 'cm6txb69y00043oujmc4e8d8d', 'YES'),
	('cm6tjrew80001nf6qokd6pm33', 'cm6txb69y00053ouj5jxcdy32', 'YES'),
	('cm6tjrew80001nf6qokd6pm33', 'cm6txb69y00063oujfz32woe6', 'YES'),
	('cm6tjrew80001nf6qokd6pm33', 'cm6txb69y00073oujg5m8x414', 'YES'),
	('cm6tjrew80001nf6qokd6pm33', 'cm6txb69y00083ouj4nsmbe80', 'YES'),
	('cm6tjrew80001nf6qokd6pm33', 'cm6txb69y00093oujj031omaf', 'YES'),
	('cm6tjrew80001nf6qokd6pm33', 'cm6txb69y000a3oujpty2vvs5', 'YES'),
	('cm6tjrew80001nf6qokd6pm33', 'cm6txb69y000b3oujrnx22m6k', 'YES'),
	('cm5ft7yjz000110yrio2let5s', 'cm6txb69x00003oujjeyd0s54', 'NO'),
	('cm5ft7yjz000110yrio2let5s', 'cm6txb69y00013ouj98pj7cxd', 'YES'),
	('cm5ft7yjz000110yrio2let5s', 'cm6txb69y00023oujytcq1so9', 'YES'),
	('cm5ft7yjz000110yrio2let5s', 'cm6txb69y00033oujzcv4cc8f', 'MAYBE'),
	('cm5ft7yjz000110yrio2let5s', 'cm6txb69y00043oujmc4e8d8d', 'YES'),
	('cm5ft7yjz000110yrio2let5s', 'cm6txb69y00053ouj5jxcdy32', 'YES'),
	('cm5ft7yjz000110yrio2let5s', 'cm6txb69y00063oujfz32woe6', 'MAYBE'),
	('cm5ft7yjz000110yrio2let5s', 'cm6txb69y00073oujg5m8x414', 'YES'),
	('cm5ft7yjz000110yrio2let5s', 'cm6txb69y00083ouj4nsmbe80', 'YES'),
	('cm5ft7yjz000110yrio2let5s', 'cm6txb69y00093oujj031omaf', 'MAYBE'),
	('cm5ft7yjz000110yrio2let5s', 'cm6txb69y000a3oujpty2vvs5', 'YES'),
	('cm5ft7yjz000110yrio2let5s', 'cm6txb69y000b3oujrnx22m6k', 'YES'),
	('cm5jw4s6p00015wky0p47whdu', 'cm6txb69x00003oujjeyd0s54', 'NO'),
	('cm5jw4s6p00015wky0p47whdu', 'cm6txb69y00013ouj98pj7cxd', 'NO'),
	('cm5jw4s6p00015wky0p47whdu', 'cm6txb69y00023oujytcq1so9', 'YES'),
	('cm5jw4s6p00015wky0p47whdu', 'cm6txb69y00033oujzcv4cc8f', 'MAYBE'),
	('cm5jw4s6p00015wky0p47whdu', 'cm6txb69y00043oujmc4e8d8d', 'YES'),
	('cm5jw4s6p00015wky0p47whdu', 'cm6txb69y00053ouj5jxcdy32', 'YES'),
	('cm5jw4s6p00015wky0p47whdu', 'cm6txb69y00063oujfz32woe6', 'MAYBE'),
	('cm5jw4s6p00015wky0p47whdu', 'cm6txb69y00073oujg5m8x414', 'YES'),
	('cm5jw4s6p00015wky0p47whdu', 'cm6txb69y00083ouj4nsmbe80', 'YES'),
	('cm5jw4s6p00015wky0p47whdu', 'cm6txb69y00093oujj031omaf', 'MAYBE'),
	('cm5jw4s6p00015wky0p47whdu', 'cm6txb69y000a3oujpty2vvs5', 'YES'),
	('cm5jw4s6p00015wky0p47whdu', 'cm6txb69y000b3oujrnx22m6k', 'YES'),
	('cm5fq4h7k00011jizosagx17c', 'cm6txb69x00003oujjeyd0s54', 'YES'),
	('cm5fq4h7k00011jizosagx17c', 'cm6txb69y00013ouj98pj7cxd', 'YES'),
	('cm5fq4h7k00011jizosagx17c', 'cm6txb69y00023oujytcq1so9', 'YES'),
	('cm5fq4h7k00011jizosagx17c', 'cm6txb69y00033oujzcv4cc8f', 'NO'),
	('cm5fq4h7k00011jizosagx17c', 'cm6txb69y00043oujmc4e8d8d', 'NO'),
	('cm5fq4h7k00011jizosagx17c', 'cm6txb69y00053ouj5jxcdy32', 'NO'),
	('cm5fq4h7k00011jizosagx17c', 'cm6txb69y00063oujfz32woe6', 'YES'),
	('cm5fq4h7k00011jizosagx17c', 'cm6txb69y00073oujg5m8x414', 'NO'),
	('cm5fq4h7k00011jizosagx17c', 'cm6txb69y00083ouj4nsmbe80', 'YES'),
	('cm5fq4h7k00011jizosagx17c', 'cm6txb69y00093oujj031omaf', 'YES'),
	('cm5fq4h7k00011jizosagx17c', 'cm6txb69y000a3oujpty2vvs5', 'YES'),
	('cm5fq4h7k00011jizosagx17c', 'cm6txb69y000b3oujrnx22m6k', 'YES'),
	('cm6tj2oeb00011cqwkhf9bp5t', 'cm6txb69x00003oujjeyd0s54', 'NO'),
	('cm6tj2oeb00011cqwkhf9bp5t', 'cm6txb69y00013ouj98pj7cxd', 'MAYBE'),
	('cm6tj2oeb00011cqwkhf9bp5t', 'cm6txb69y00023oujytcq1so9', 'YES'),
	('cm6tj2oeb00011cqwkhf9bp5t', 'cm6txb69y00033oujzcv4cc8f', 'YES'),
	('cm6tj2oeb00011cqwkhf9bp5t', 'cm6txb69y00043oujmc4e8d8d', 'NO'),
	('cm6tj2oeb00011cqwkhf9bp5t', 'cm6txb69y00053ouj5jxcdy32', 'YES'),
	('cm6tj2oeb00011cqwkhf9bp5t', 'cm6txb69y00063oujfz32woe6', 'MAYBE'),
	('cm6tj2oeb00011cqwkhf9bp5t', 'cm6txb69y00073oujg5m8x414', 'MAYBE'),
	('cm6tj2oeb00011cqwkhf9bp5t', 'cm6txb69y00083ouj4nsmbe80', 'YES'),
	('cm6tj2oeb00011cqwkhf9bp5t', 'cm6txb69y00093oujj031omaf', 'YES'),
	('cm6tj2oeb00011cqwkhf9bp5t', 'cm6txb69y000a3oujpty2vvs5', 'YES'),
	('cm6tj2oeb00011cqwkhf9bp5t', 'cm6txb69y000b3oujrnx22m6k', 'YES'),
	('cm6tizchh000511vxd4sgqf52', 'cm6txb69x00003oujjeyd0s54', 'NO'),
	('cm6tizchh000511vxd4sgqf52', 'cm6txb69y00013ouj98pj7cxd', 'YES'),
	('cm6tizchh000511vxd4sgqf52', 'cm6txb69y00023oujytcq1so9', 'NO'),
	('cm4yr32wo00025wsphv2hh76o', 'cm5srfls30000azt94zqh0bih', 'YES'),
	('cm4yr32wo00025wsphv2hh76o', 'cm5srfls50001azt9wo4lb9r1', 'YES'),
	('cm4yr32wo00025wsphv2hh76o', 'cm5srfls50002azt94qlv5en2', 'YES'),
	('cm4yr32wo00025wsphv2hh76o', 'cm5srfls50003azt90oukpul0', 'YES'),
	('cm4yrdu7l0005cn1hok5q3lsw', 'cm5srfls30000azt94zqh0bih', 'NO'),
	('cm4yrdu7l0005cn1hok5q3lsw', 'cm5srfls50001azt9wo4lb9r1', 'MAYBE'),
	('cm4yrdu7l0005cn1hok5q3lsw', 'cm5srfls50002azt94qlv5en2', 'YES'),
	('cm4yrdu7l0005cn1hok5q3lsw', 'cm5srfls50003azt90oukpul0', 'NO'),
	('cm51fwwde0001qfbl5w292p03', 'cm5srfls30000azt94zqh0bih', 'NO'),
	('cm51fwwde0001qfbl5w292p03', 'cm5srfls50001azt9wo4lb9r1', 'MAYBE'),
	('cm51fwwde0001qfbl5w292p03', 'cm5srfls50002azt94qlv5en2', 'MAYBE'),
	('cm51fwwde0001qfbl5w292p03', 'cm5srfls50003azt90oukpul0', 'MAYBE'),
	('cm6tizchh000511vxd4sgqf52', 'cm6txb69y00033oujzcv4cc8f', 'YES'),
	('cm6tizchh000511vxd4sgqf52', 'cm6txb69y00043oujmc4e8d8d', 'YES'),
	('cm6tizchh000511vxd4sgqf52', 'cm6txb69y00053ouj5jxcdy32', 'NO'),
	('cm6tizchh000511vxd4sgqf52', 'cm6txb69y00063oujfz32woe6', 'NO'),
	('cm6tizchh000511vxd4sgqf52', 'cm6txb69y00073oujg5m8x414', 'YES'),
	('cm6tizchh000511vxd4sgqf52', 'cm6txb69y00083ouj4nsmbe80', 'YES'),
	('cm6tizchh000511vxd4sgqf52', 'cm6txb69y00093oujj031omaf', 'NO'),
	('cm6tizchh000511vxd4sgqf52', 'cm6txb69y000a3oujpty2vvs5', 'YES'),
	('cm6tizchh000511vxd4sgqf52', 'cm6txb69y000b3oujrnx22m6k', 'YES'),
	('cm4zojm3p00016mn51e3iwg4s', 'cm5srfls30000azt94zqh0bih', 'YES'),
	('cm5fq4upv00031jizej6atmig', 'cm6txb69x00003oujjeyd0s54', 'YES'),
	('cm5fq4upv00031jizej6atmig', 'cm6txb69y00013ouj98pj7cxd', 'YES'),
	('cm5fq4upv00031jizej6atmig', 'cm6txb69y00023oujytcq1so9', 'YES'),
	('cm5fq4upv00031jizej6atmig', 'cm6txb69y00033oujzcv4cc8f', 'YES'),
	('cm5fq4upv00031jizej6atmig', 'cm6txb69y00043oujmc4e8d8d', 'YES'),
	('cm5fq4upv00031jizej6atmig', 'cm6txb69y00053ouj5jxcdy32', 'YES'),
	('cm5fq4upv00031jizej6atmig', 'cm6txb69y00063oujfz32woe6', 'YES'),
	('cm5fq4upv00031jizej6atmig', 'cm6txb69y00073oujg5m8x414', 'YES'),
	('cm5fq4upv00031jizej6atmig', 'cm6txb69y00083ouj4nsmbe80', 'YES'),
	('cm5fq4upv00031jizej6atmig', 'cm6txb69y00093oujj031omaf', 'MAYBE'),
	('cm5fq4upv00031jizej6atmig', 'cm6txb69y000a3oujpty2vvs5', 'MAYBE'),
	('cm5fq4upv00031jizej6atmig', 'cm6txb69y000b3oujrnx22m6k', 'MAYBE'),
	('cm5fudt800001d7xv4bzozuxk', 'cm6txb69x00003oujjeyd0s54', 'NO'),
	('cm5fudt800001d7xv4bzozuxk', 'cm6txb69y00013ouj98pj7cxd', 'YES'),
	('cm5fudt800001d7xv4bzozuxk', 'cm6txb69y00023oujytcq1so9', 'MAYBE'),
	('cm5fudt800001d7xv4bzozuxk', 'cm6txb69y00033oujzcv4cc8f', 'YES'),
	('cm5fudt800001d7xv4bzozuxk', 'cm6txb69y00043oujmc4e8d8d', 'YES'),
	('cm5fudt800001d7xv4bzozuxk', 'cm6txb69y00053ouj5jxcdy32', 'YES'),
	('cm5fudt800001d7xv4bzozuxk', 'cm6txb69y00063oujfz32woe6', 'YES'),
	('cm5fudt800001d7xv4bzozuxk', 'cm6txb69y00073oujg5m8x414', 'MAYBE'),
	('cm5fudt800001d7xv4bzozuxk', 'cm6txb69y00083ouj4nsmbe80', 'YES'),
	('cm5fudt800001d7xv4bzozuxk', 'cm6txb69y00093oujj031omaf', 'YES'),
	('cm5fudt800001d7xv4bzozuxk', 'cm6txb69y000a3oujpty2vvs5', 'YES'),
	('cm5fudt800001d7xv4bzozuxk', 'cm6txb69y000b3oujrnx22m6k', 'YES'),
	('cm5fv8xm70001lsr3s9skko81', 'cm6txb69x00003oujjeyd0s54', 'YES'),
	('cm5fv8xm70001lsr3s9skko81', 'cm6txb69y00013ouj98pj7cxd', 'YES'),
	('cm5fv8xm70001lsr3s9skko81', 'cm6txb69y00023oujytcq1so9', 'YES'),
	('cm5fv8xm70001lsr3s9skko81', 'cm6txb69y00033oujzcv4cc8f', 'YES'),
	('cm5fv8xm70001lsr3s9skko81', 'cm6txb69y00043oujmc4e8d8d', 'YES'),
	('cm5fv8xm70001lsr3s9skko81', 'cm6txb69y00053ouj5jxcdy32', 'YES'),
	('cm5fv8xm70001lsr3s9skko81', 'cm6txb69y00063oujfz32woe6', 'YES'),
	('cm5fv8xm70001lsr3s9skko81', 'cm6txb69y00073oujg5m8x414', 'MAYBE'),
	('cm5fv8xm70001lsr3s9skko81', 'cm6txb69y00083ouj4nsmbe80', 'MAYBE'),
	('cm5fv8xm70001lsr3s9skko81', 'cm6txb69y00093oujj031omaf', 'MAYBE'),
	('cm5fv8xm70001lsr3s9skko81', 'cm6txb69y000a3oujpty2vvs5', 'MAYBE'),
	('cm5fv8xm70001lsr3s9skko81', 'cm6txb69y000b3oujrnx22m6k', 'MAYBE'),
	('cm6tjihbn0001kkfft9v8ikns', 'cm6txb69x00003oujjeyd0s54', 'NO'),
	('cm6tjihbn0001kkfft9v8ikns', 'cm6txb69y00013ouj98pj7cxd', 'YES'),
	('cm6tjihbn0001kkfft9v8ikns', 'cm6txb69y00023oujytcq1so9', 'YES'),
	('cm6tjihbn0001kkfft9v8ikns', 'cm6txb69y00033oujzcv4cc8f', 'MAYBE'),
	('cm6tjihbn0001kkfft9v8ikns', 'cm6txb69y00043oujmc4e8d8d', 'MAYBE'),
	('cm6tjihbn0001kkfft9v8ikns', 'cm6txb69y00053ouj5jxcdy32', 'MAYBE'),
	('cm6tjihbn0001kkfft9v8ikns', 'cm6txb69y00063oujfz32woe6', 'MAYBE'),
	('cm6tjihbn0001kkfft9v8ikns', 'cm6txb69y00073oujg5m8x414', 'YES'),
	('cm6tjihbn0001kkfft9v8ikns', 'cm6txb69y00083ouj4nsmbe80', 'YES'),
	('cm6tjihbn0001kkfft9v8ikns', 'cm6txb69y00093oujj031omaf', 'YES'),
	('cm6tjihbn0001kkfft9v8ikns', 'cm6txb69y000a3oujpty2vvs5', 'NO'),
	('cm6tjihbn0001kkfft9v8ikns', 'cm6txb69y000b3oujrnx22m6k', 'MAYBE'),
	('cm7arkfvf0001h7mi7rlmo3r2', 'cm84plekj0000r6jmj94qusrp', 'MAYBE'),
	('cm7arkfvf0001h7mi7rlmo3r2', 'cm84plekk0001r6jmsnlkymb2', 'MAYBE'),
	('cm7arkfvf0001h7mi7rlmo3r2', 'cm84plekk0002r6jmxy6af2r0', 'MAYBE'),
	('cm7arkfvf0001h7mi7rlmo3r2', 'cm84plekk0003r6jm9k6gq074', 'MAYBE'),
	('cm7arkfvf0001h7mi7rlmo3r2', 'cm84plekk0004r6jmdav6choj', 'MAYBE'),
	('cm7arkfvf0001h7mi7rlmo3r2', 'cm84plekk0005r6jm32e4ahsk', 'MAYBE'),
	('cm7arkfvf0001h7mi7rlmo3r2', 'cm84plekk0006r6jm53dcgze5', 'NO'),
	('cm7arkfvf0001h7mi7rlmo3r2', 'cm84plekk0007r6jmb5q5jwx1', 'NO'),
	('cm7arkfvf0001h7mi7rlmo3r2', 'cm84plekk0008r6jmw7p9zj4c', 'NO'),
	('cm7arkfvf0001h7mi7rlmo3r2', 'cm84plekk0009r6jmqz0ufrul', 'NO'),
	('cm7arkfvf0001h7mi7rlmo3r2', 'cm84plekk000ar6jmn94kajgu', 'NO'),
	('cm7arkfvf0001h7mi7rlmo3r2', 'cm84plekk000br6jm91nz7km1', 'NO'),
	('cm7arkfvf0001h7mi7rlmo3r2', 'cm84plekk000cr6jmxnnvrsm5', 'NO'),
	('cm7arkfvf0001h7mi7rlmo3r2', 'cm84plekk000dr6jm7vb6f7rv', 'NO'),
	('cm7arkfvf0001h7mi7rlmo3r2', 'cm84plekk000er6jmaas5ts1k', 'MAYBE'),
	('cm7arkfvf0001h7mi7rlmo3r2', 'cm84plekk000fr6jm9gavfpr0', 'MAYBE'),
	('cm7arkfvf0001h7mi7rlmo3r2', 'cm84plekk000gr6jm8saidzxx', 'MAYBE'),
	('cm7arkfvf0001h7mi7rlmo3r2', 'cm84plekk000hr6jmakjuhb78', 'MAYBE'),
	('cm7arkfvf0001h7mi7rlmo3r2', 'cm84plekk000ir6jm7m5f1bqq', 'NO'),
	('cm7arkfvf0001h7mi7rlmo3r2', 'cm84plekk000jr6jmi784hv4z', 'NO'),
	('cm7arkfvf0001h7mi7rlmo3r2', 'cm84plekk000kr6jmilyt91ic', 'NO'),
	('cm7arkfvf0001h7mi7rlmo3r2', 'cm84plekk000lr6jm0suwdzea', 'NO'),
	('cm7arkfvf0001h7mi7rlmo3r2', 'cm84plekk000mr6jmnfsmhebs', 'NO'),
	('cm7arkfvf0001h7mi7rlmo3r2', 'cm84plekk000nr6jme313ilq6', 'NO'),
	('cm7arkfvf0001h7mi7rlmo3r2', 'cm84plekk000or6jm1tk6ddup', 'NO'),
	('cm7arkfvf0001h7mi7rlmo3r2', 'cm84plekk000pr6jmi6bf46wv', 'NO'),
	('cm7arkfvf0001h7mi7rlmo3r2', 'cm84plekk000qr6jmrzbhcync', 'NO'),
	('cm7arkfvf0001h7mi7rlmo3r2', 'cm84plekk000rr6jmal6n4pcq', 'NO'),
	('cm7arkfvf0001h7mi7rlmo3r2', 'cm84plekk000sr6jm80cnqnij', 'NO'),
	('cm7arkfvf0001h7mi7rlmo3r2', 'cm84plekk000tr6jmabe29gf2', 'YES'),
	('cm7arkfvf0001h7mi7rlmo3r2', 'cm84plekk000ur6jmdl5pn37j', 'YES'),
	('cm7arkfvf0001h7mi7rlmo3r2', 'cm84plekk000vr6jmtsuolm49', 'YES'),
	('cm7arkfvf0001h7mi7rlmo3r2', 'cm84plekk000wr6jm37onxcz8', 'YES'),
	('cm7arkfvf0001h7mi7rlmo3r2', 'cm84plekk000xr6jmo8mjyy7n', 'MAYBE'),
	('cm7arkfvf0001h7mi7rlmo3r2', 'cm84plekk000yr6jmb0qqni2d', 'MAYBE'),
	('cm7arkfvf0001h7mi7rlmo3r2', 'cm84plekk000zr6jmxjharx0d', 'MAYBE'),
	('cm7arkfvf0001h7mi7rlmo3r2', 'cm84plekk0010r6jmkgpfcmam', 'MAYBE'),
	('cm7arkfvf0001h7mi7rlmo3r2', 'cm84plekk0011r6jms8sli10s', 'MAYBE'),
	('cm7arkfvf0001h7mi7rlmo3r2', 'cm84plekk0012r6jm811a4jqg', 'YES'),
	('cm7arkfvf0001h7mi7rlmo3r2', 'cm84plekk0013r6jmrto8g25g', 'YES'),
	('cm7arkfvf0001h7mi7rlmo3r2', 'cm84plekk0014r6jm0czdbp1e', 'YES'),
	('cm7arkfvf0001h7mi7rlmo3r2', 'cm84plekk0015r6jmnjgoo4v6', 'YES'),
	('cm7arkfvf0001h7mi7rlmo3r2', 'cm84plekk0016r6jmr07hclx3', 'YES'),
	('cm7arkfvf0001h7mi7rlmo3r2', 'cm84plekk0017r6jm9l02h82x', 'YES'),
	('cm7arkfvf0001h7mi7rlmo3r2', 'cm84plekk0018r6jmbk2pekb9', 'YES'),
	('cm7arkfvf0001h7mi7rlmo3r2', 'cm84plekk0019r6jmukktxyc3', 'YES'),
	('cm7arkfvf0001h7mi7rlmo3r2', 'cm84plekk001ar6jmx300im7w', 'YES'),
	('cm7arkfvf0001h7mi7rlmo3r2', 'cm84plekk001br6jmiivw5sjz', 'YES'),
	('cm7arkfvf0001h7mi7rlmo3r2', 'cm84plekk001cr6jmbnqrekk6', 'YES'),
	('cm7arkfvf0001h7mi7rlmo3r2', 'cm84plekk001dr6jm2s8z1t7b', 'YES'),
	('cm7arkfvf0001h7mi7rlmo3r2', 'cm84plekk001er6jmb7b1owrg', 'YES'),
	('cm7arkfvf0001h7mi7rlmo3r2', 'cm84plekk001fr6jmsdvf3jhe', 'YES'),
	('cm7arkfvf0001h7mi7rlmo3r2', 'cm84plekk001gr6jmfli6rw1b', 'YES'),
	('cm7arkfvf0001h7mi7rlmo3r2', 'cm84plekk001hr6jmtj473qh1', 'YES'),
	('cm87uyr4n000110eev1m13p0z', 'cm87kpriw0006w8osmz9h4gl6', 'YES'),
	('cm87uyr4n000110eev1m13p0z', 'cm87kpriw0007w8os5uj7w3et', 'NO'),
	('cm87uyr4n000110eev1m13p0z', 'cm87kpriw0008w8os2k5n9ugx', 'YES'),
	('cm87uyr4n000110eev1m13p0z', 'cm87kpriw0009w8os1pw162jt', 'YES'),
	('cm87uyr4n000110eev1m13p0z', 'cm87kpriw000aw8os9y9d0vfm', 'YES'),
	('cm87uyr4n000110eev1m13p0z', 'cm87kpriw000bw8osagdxe6k6', 'YES'),
	('cm8m39hso0001fpz2p0p3h8op', 'cm87kpriw0006w8osmz9h4gl6', 'MAYBE'),
	('cm8m39hso0001fpz2p0p3h8op', 'cm87kpriw000bw8osagdxe6k6', 'MAYBE'),
	('cm8ncaqmd0001uie657i7quff', 'cm8lyzlay0003efcw6pzhlakj', 'YES'),
	('cm8ncaqmd0001uie657i7quff', 'cm8lyzlay0004efcwn3618byk', 'NO'),
	('cm8ncaqmd0001uie657i7quff', 'cm8lyzlay0005efcw0t694a7n', 'NO'),
	('cm8ncaqmd0001uie657i7quff', 'cm8lyzlay0006efcwxcij5ngv', 'YES'),
	('cm86hpi890001f2w3tmajr3nu', 'cm86bslx30007xq5ix0astrrt', 'YES'),
	('cm86hpi890001f2w3tmajr3nu', 'cm86bslx30008xq5ibx4zwai2', 'YES'),
	('cm86hpi890001f2w3tmajr3nu', 'cm86bslx30009xq5i6auckrpl', 'YES'),
	('cm86hpi890001f2w3tmajr3nu', 'cm86bslx3000axq5ikj7kfdgf', 'YES'),
	('cm86hpi890001f2w3tmajr3nu', 'cm86bslx3000bxq5i49mj54k6', 'YES'),
	('cm86hpi890001f2w3tmajr3nu', 'cm86bslx3000cxq5ii0niir7k', 'YES'),
	('cm86hpi890001f2w3tmajr3nu', 'cm86bslx3000dxq5ixr6mcypz', 'YES'),
	('cm8ahxprs0001yi8trolahrx6', 'cm87kpriw0006w8osmz9h4gl6', 'MAYBE'),
	('cm8ahxprs0001yi8trolahrx6', 'cm87kpriw0007w8os5uj7w3et', 'NO'),
	('cm8ahxprs0001yi8trolahrx6', 'cm87kpriw0008w8os2k5n9ugx', 'YES'),
	('cm8ahxprs0001yi8trolahrx6', 'cm87kpriw0009w8os1pw162jt', 'NO'),
	('cm8ahxprs0001yi8trolahrx6', 'cm87kpriw000aw8os9y9d0vfm', 'NO'),
	('cm8ahxprs0001yi8trolahrx6', 'cm87kpriw000bw8osagdxe6k6', 'YES'),
	('cm8ncaqmd0001uie657i7quff', 'cm8lyzlay0007efcwbo712woa', 'YES'),
	('cm8nskny00001v2qyc1bf3vc0', 'cm8nshbs00003n807zoaw2t1f', 'YES'),
	('cm8nskny00001v2qyc1bf3vc0', 'cm8nshbs00004n807gfx9jplh', 'YES'),
	('cm8nskny00001v2qyc1bf3vc0', 'cm8nshbs00005n807o6aikbh1', 'YES'),
	('cm8nsu6xg0004zf6gdl5o8hfg', 'cm8nshbs00003n807zoaw2t1f', 'NO'),
	('cm8nsu6xg0004zf6gdl5o8hfg', 'cm8nshbs00004n807gfx9jplh', 'NO'),
	('cm8nsu6xg0004zf6gdl5o8hfg', 'cm8nshbs00005n807o6aikbh1', 'NO'),
	('cm9ezgveg0001fyol6w8leonq', 'cm9ezf3a6000312ma67ganaej', 'NO'),
	('cm9ezgveg0001fyol6w8leonq', 'cm9ezf3a6000412mapgm2b9rm', 'MAYBE'),
	('cm9ezgveg0001fyol6w8leonq', 'cm9ezf3a6000512maprz7o9xd', 'YES'),
	('cm9ezgveg0001fyol6w8leonq', 'cm9ezf3a6000612ma3fkob8ty', 'YES'),
	('cm9ezgveg0001fyol6w8leonq', 'cm9ezf3a6000712majzsdf9dr', 'YES'),
	('cm9ezgveg0001fyol6w8leonq', 'cm9ezf3a6000812ma3mohj3tf', 'YES'),
	('cm9fr87js0001xey1ihuj1895', 'cm9ezf3a6000312ma67ganaej', 'YES'),
	('cm83dud6w0002d5jv6mn8ezn9', 'cm84qhj1300003chabtmn65jg', 'YES'),
	('cm83dud6w0002d5jv6mn8ezn9', 'cm84qhj1500013chap421gltj', 'YES'),
	('cm83dud6w0002d5jv6mn8ezn9', 'cm84qhj1500023cha4vnkfsi3', 'YES'),
	('cm83dud6w0002d5jv6mn8ezn9', 'cm84qhj1500033chah5opedux', 'YES'),
	('cm83dud6w0002d5jv6mn8ezn9', 'cm84qhj1500043cha60ovphvt', 'YES'),
	('cm83dud6w0002d5jv6mn8ezn9', 'cm84qhj1500053chagea902w1', 'YES'),
	('cm83dud6w0002d5jv6mn8ezn9', 'cm84qhj1500063cha5x9wpdja', 'YES'),
	('cm83dud6w0002d5jv6mn8ezn9', 'cm84qhj1500073chagje28evu', 'YES'),
	('cm83dud6w0002d5jv6mn8ezn9', 'cm84qhj1500083chaacf09fq2', 'YES'),
	('cm83dud6w0002d5jv6mn8ezn9', 'cm84qhj1500093chatj6uzpt8', 'YES'),
	('cm83dud6w0002d5jv6mn8ezn9', 'cm84qhj15000a3chawp80a9b6', 'YES'),
	('cm7203m5a0002qc1bwzz4b701', 'cm86bslx30007xq5ix0astrrt', 'YES'),
	('cm7203m5a0002qc1bwzz4b701', 'cm86bslx30008xq5ibx4zwai2', 'YES'),
	('cm7203m5a0002qc1bwzz4b701', 'cm86bslx30009xq5i6auckrpl', 'YES'),
	('cm7203m5a0002qc1bwzz4b701', 'cm86bslx3000axq5ikj7kfdgf', 'YES'),
	('cm7203m5a0002qc1bwzz4b701', 'cm86bslx3000bxq5i49mj54k6', 'YES'),
	('cm7203m5a0002qc1bwzz4b701', 'cm86bslx3000cxq5ii0niir7k', 'YES'),
	('cm7203m5a0002qc1bwzz4b701', 'cm86bslx3000dxq5ixr6mcypz', 'YES'),
	('cm87kork80001ynw7th3zc9uh', 'cm87kpriw0006w8osmz9h4gl6', 'MAYBE'),
	('cm87kork80001ynw7th3zc9uh', 'cm87kpriw0007w8os5uj7w3et', 'YES'),
	('cm87kork80001ynw7th3zc9uh', 'cm87kpriw0008w8os2k5n9ugx', 'YES'),
	('cm87kork80001ynw7th3zc9uh', 'cm87kpriw0009w8os1pw162jt', 'YES'),
	('cm87kork80001ynw7th3zc9uh', 'cm87kpriw000aw8os9y9d0vfm', 'YES'),
	('cm87kork80001ynw7th3zc9uh', 'cm87kpriw000bw8osagdxe6k6', 'YES'),
	('cm87krsdx0004ynw7ecke4fb9', 'cm87kpriw0006w8osmz9h4gl6', 'YES'),
	('cm87krsdx0004ynw7ecke4fb9', 'cm87kpriw0007w8os5uj7w3et', 'YES'),
	('cm87krsdx0004ynw7ecke4fb9', 'cm87kpriw0008w8os2k5n9ugx', 'YES'),
	('cm87krsdx0004ynw7ecke4fb9', 'cm87kpriw0009w8os1pw162jt', 'YES'),
	('cm87krsdx0004ynw7ecke4fb9', 'cm87kpriw000aw8os9y9d0vfm', 'YES'),
	('cm87krsdx0004ynw7ecke4fb9', 'cm87kpriw000bw8osagdxe6k6', 'YES'),
	('cm87y9v5n0001o83yjwsp0x4u', 'cm87kpriw0006w8osmz9h4gl6', 'YES'),
	('cm87y9v5n0001o83yjwsp0x4u', 'cm87kpriw0007w8os5uj7w3et', 'NO'),
	('cm87y9v5n0001o83yjwsp0x4u', 'cm87kpriw0008w8os2k5n9ugx', 'YES'),
	('cm87y9v5n0001o83yjwsp0x4u', 'cm87kpriw0009w8os1pw162jt', 'NO'),
	('cm87y9v5n0001o83yjwsp0x4u', 'cm87kpriw000aw8os9y9d0vfm', 'YES'),
	('cm87y9v5n0001o83yjwsp0x4u', 'cm87kpriw000bw8osagdxe6k6', 'YES'),
	('cm8cgfzem0001oz4k2ug989gk', 'cm87kpriw0006w8osmz9h4gl6', 'NO'),
	('cm8cgfzem0001oz4k2ug989gk', 'cm87kpriw0007w8os5uj7w3et', 'YES'),
	('cm8cgfzem0001oz4k2ug989gk', 'cm87kpriw0008w8os2k5n9ugx', 'YES'),
	('cm8cgfzem0001oz4k2ug989gk', 'cm87kpriw0009w8os1pw162jt', 'MAYBE'),
	('cm8cgfzem0001oz4k2ug989gk', 'cm87kpriw000aw8os9y9d0vfm', 'MAYBE'),
	('cm8cgfzem0001oz4k2ug989gk', 'cm87kpriw000bw8osagdxe6k6', 'YES'),
	('cm8m47fpd0001qdiv5o6qy7cp', 'cm8lyzlay0003efcw6pzhlakj', 'NO'),
	('cm8m47fpd0001qdiv5o6qy7cp', 'cm8lyzlay0004efcwn3618byk', 'NO'),
	('cm8m47fpd0001qdiv5o6qy7cp', 'cm8lyzlay0005efcw0t694a7n', 'YES'),
	('cm8m47fpd0001qdiv5o6qy7cp', 'cm8lyzlay0006efcwxcij5ngv', 'YES'),
	('cm8m47fpd0001qdiv5o6qy7cp', 'cm8lyzlay0007efcwbo712woa', 'YES'),
	('cm8npcu68000112s7pjz0v3o8', 'cm8lyzlay0003efcw6pzhlakj', 'NO'),
	('cm8npcu68000112s7pjz0v3o8', 'cm8lyzlay0004efcwn3618byk', 'MAYBE'),
	('cm8npcu68000112s7pjz0v3o8', 'cm8lyzlay0005efcw0t694a7n', 'NO'),
	('cm8npcu68000112s7pjz0v3o8', 'cm8lyzlay0006efcwxcij5ngv', 'MAYBE'),
	('cm8npcu68000112s7pjz0v3o8', 'cm8lyzlay0007efcwbo712woa', 'YES'),
	('cm8m1yrhl0001kb85cyjm4z4v', 'cm8lyzlay0003efcw6pzhlakj', 'YES'),
	('cm8m1yrhl0001kb85cyjm4z4v', 'cm8lyzlay0004efcwn3618byk', 'YES'),
	('cm8m1yrhl0001kb85cyjm4z4v', 'cm8lyzlay0005efcw0t694a7n', 'YES'),
	('cm8m1yrhl0001kb85cyjm4z4v', 'cm8lyzlay0006efcwxcij5ngv', 'YES'),
	('cm8m1yrhl0001kb85cyjm4z4v', 'cm8lyzlay0007efcwbo712woa', 'YES'),
	('cm8nphpxg0004dgs7uss23sfo', 'cm8lyzlay0003efcw6pzhlakj', 'NO'),
	('cm8nphpxg0004dgs7uss23sfo', 'cm8lyzlay0004efcwn3618byk', 'YES'),
	('cm8nphpxg0004dgs7uss23sfo', 'cm8lyzlay0005efcw0t694a7n', 'YES'),
	('cm8nphpxg0004dgs7uss23sfo', 'cm8lyzlay0006efcwxcij5ngv', 'YES'),
	('cm8nphpxg0004dgs7uss23sfo', 'cm8lyzlay0007efcwbo712woa', 'NO'),
	('cm9fqtvla0001l3n98h4kiyic', 'cm9ezf3a6000312ma67ganaej', 'NO'),
	('cm9fqtvla0001l3n98h4kiyic', 'cm9ezf3a6000412mapgm2b9rm', 'NO'),
	('cm9fqtvla0001l3n98h4kiyic', 'cm9ezf3a6000512maprz7o9xd', 'YES'),
	('cm9fqtvla0001l3n98h4kiyic', 'cm9ezf3a6000612ma3fkob8ty', 'NO'),
	('cm9fqtvla0001l3n98h4kiyic', 'cm9ezf3a6000712majzsdf9dr', 'YES'),
	('cm9fqtvla0001l3n98h4kiyic', 'cm9ezf3a6000812ma3mohj3tf', 'YES'),
	('cm9fqvsfk00017rjo6axcqg3t', 'cm9ezf3a6000312ma67ganaej', 'YES'),
	('cm9fqvsfk00017rjo6axcqg3t', 'cm9ezf3a6000412mapgm2b9rm', 'YES'),
	('cm9fqvsfk00017rjo6axcqg3t', 'cm9ezf3a6000512maprz7o9xd', 'MAYBE'),
	('cm9fqvsfk00017rjo6axcqg3t', 'cm9ezf3a6000612ma3fkob8ty', 'MAYBE'),
	('cm9fqvsfk00017rjo6axcqg3t', 'cm9ezf3a6000712majzsdf9dr', 'MAYBE'),
	('cm9fqvsfk00017rjo6axcqg3t', 'cm9ezf3a6000812ma3mohj3tf', 'MAYBE'),
	('cm9fr87js0001xey1ihuj1895', 'cm9ezf3a6000412mapgm2b9rm', 'YES'),
	('cm9fr87js0001xey1ihuj1895', 'cm9ezf3a6000512maprz7o9xd', 'YES'),
	('cm9fr87js0001xey1ihuj1895', 'cm9ezf3a6000612ma3fkob8ty', 'NO'),
	('cm9fr87js0001xey1ihuj1895', 'cm9ezf3a6000712majzsdf9dr', 'YES'),
	('cm9fr87js0001xey1ihuj1895', 'cm9ezf3a6000812ma3mohj3tf', 'YES'),
	('cm83dy7id00012vnz464a4899', 'cm84qhj1300003chabtmn65jg', 'MAYBE'),
	('cm83dy7id00012vnz464a4899', 'cm84qhj1500013chap421gltj', 'YES'),
	('cm83dy7id00012vnz464a4899', 'cm84qhj1500023cha4vnkfsi3', 'YES'),
	('cm83dy7id00012vnz464a4899', 'cm84qhj1500033chah5opedux', 'MAYBE'),
	('cm83dy7id00012vnz464a4899', 'cm84qhj1500043cha60ovphvt', 'NO'),
	('cm83dy7id00012vnz464a4899', 'cm84qhj1500053chagea902w1', 'YES'),
	('cm83dy7id00012vnz464a4899', 'cm84qhj1500063cha5x9wpdja', 'MAYBE'),
	('cm83dy7id00012vnz464a4899', 'cm84qhj1500073chagje28evu', 'YES'),
	('cm83dy7id00012vnz464a4899', 'cm84qhj1500083chaacf09fq2', 'YES'),
	('cm83dy7id00012vnz464a4899', 'cm84qhj1500093chatj6uzpt8', 'MAYBE'),
	('cm83dy7id00012vnz464a4899', 'cm84qhj15000a3chawp80a9b6', 'YES'),
	('cm720jhyh0005yi4s5w8q41gv', 'cm86bslx30007xq5ix0astrrt', 'YES'),
	('cm720jhyh0005yi4s5w8q41gv', 'cm86bslx30008xq5ibx4zwai2', 'YES'),
	('cm720jhyh0005yi4s5w8q41gv', 'cm86bslx30009xq5i6auckrpl', 'YES'),
	('cm720jhyh0005yi4s5w8q41gv', 'cm86bslx3000axq5ikj7kfdgf', 'YES'),
	('cm720jhyh0005yi4s5w8q41gv', 'cm86bslx3000bxq5i49mj54k6', 'YES'),
	('cm720jhyh0005yi4s5w8q41gv', 'cm86bslx3000cxq5ii0niir7k', 'YES'),
	('cm720jhyh0005yi4s5w8q41gv', 'cm86bslx3000dxq5ixr6mcypz', 'YES'),
	('cm7208z360001z6e7s0jtbczw', 'cm86bslx30007xq5ix0astrrt', 'MAYBE'),
	('cm7208z360001z6e7s0jtbczw', 'cm86bslx30008xq5ibx4zwai2', 'MAYBE'),
	('cm7208z360001z6e7s0jtbczw', 'cm86bslx30009xq5i6auckrpl', 'MAYBE'),
	('cm7208z360001z6e7s0jtbczw', 'cm86bslx3000axq5ikj7kfdgf', 'YES'),
	('cm7208z360001z6e7s0jtbczw', 'cm86bslx3000bxq5i49mj54k6', 'MAYBE'),
	('cm7208z360001z6e7s0jtbczw', 'cm86bslx3000cxq5ii0niir7k', 'YES'),
	('cm7208z360001z6e7s0jtbczw', 'cm86bslx3000dxq5ixr6mcypz', 'MAYBE'),
	('cm87kk4s50002aksdsuoygg93', 'cm87kpriw0006w8osmz9h4gl6', 'YES'),
	('cm87kk4s50002aksdsuoygg93', 'cm87kpriw0007w8os5uj7w3et', 'YES'),
	('cm87kk4s50002aksdsuoygg93', 'cm87kpriw0008w8os2k5n9ugx', 'YES'),
	('cm87kk4s50002aksdsuoygg93', 'cm87kpriw0009w8os1pw162jt', 'YES'),
	('cm87kk4s50002aksdsuoygg93', 'cm87kpriw000aw8os9y9d0vfm', 'YES'),
	('cm87kk4s50002aksdsuoygg93', 'cm87kpriw000bw8osagdxe6k6', 'YES'),
	('cm87kss3i000hw8osd5zy64ad', 'cm87kpriw0006w8osmz9h4gl6', 'YES'),
	('cm87kss3i000hw8osd5zy64ad', 'cm87kpriw0007w8os5uj7w3et', 'YES'),
	('cm87kss3i000hw8osd5zy64ad', 'cm87kpriw0008w8os2k5n9ugx', 'YES'),
	('cm87kss3i000hw8osd5zy64ad', 'cm87kpriw0009w8os1pw162jt', 'YES'),
	('cm87kss3i000hw8osd5zy64ad', 'cm87kpriw000aw8os9y9d0vfm', 'NO'),
	('cm87kss3i000hw8osd5zy64ad', 'cm87kpriw000bw8osagdxe6k6', 'MAYBE'),
	('cm88qpecl0001bbfoztf2seol', 'cm87kpriw0006w8osmz9h4gl6', 'YES'),
	('cm88qpecl0001bbfoztf2seol', 'cm87kpriw0007w8os5uj7w3et', 'YES'),
	('cm88qpecl0001bbfoztf2seol', 'cm87kpriw0008w8os2k5n9ugx', 'YES'),
	('cm88qpecl0001bbfoztf2seol', 'cm87kpriw0009w8os1pw162jt', 'YES'),
	('cm88qpecl0001bbfoztf2seol', 'cm87kpriw000aw8os9y9d0vfm', 'YES'),
	('cm88qpecl0001bbfoztf2seol', 'cm87kpriw000bw8osagdxe6k6', 'NO'),
	('cm8lyzl9k0002efcwrmg2owwa', 'cm8lyzlay0003efcw6pzhlakj', 'YES'),
	('cm8lyzl9k0002efcwrmg2owwa', 'cm8lyzlay0004efcwn3618byk', 'YES'),
	('cm8lyzl9k0002efcwrmg2owwa', 'cm8lyzlay0005efcw0t694a7n', 'YES'),
	('cm8lyzl9k0002efcwrmg2owwa', 'cm8lyzlay0006efcwxcij5ngv', 'YES'),
	('cm8lyzl9k0002efcwrmg2owwa', 'cm8lyzlay0007efcwbo712woa', 'YES'),
	('cm87kopqi0003zk7q31fly70r', 'cm87kpriw0006w8osmz9h4gl6', 'YES'),
	('cm87kopqi0003zk7q31fly70r', 'cm87kpriw000aw8os9y9d0vfm', 'NO'),
	('cm8nshbqj0002n807yr24hnag', 'cm8nshbs00003n807zoaw2t1f', 'YES'),
	('cm8nshbqj0002n807yr24hnag', 'cm8nshbs00004n807gfx9jplh', 'YES'),
	('cm8nshbqj0002n807yr24hnag', 'cm8nshbs00005n807o6aikbh1', 'YES'),
	('cm8nsm4g80001zf6gb5n68wzn', 'cm8nshbs00003n807zoaw2t1f', 'YES'),
	('cm8nsm4g80001zf6gb5n68wzn', 'cm8nshbs00004n807gfx9jplh', 'YES'),
	('cm8nsm4g80001zf6gb5n68wzn', 'cm8nshbs00005n807o6aikbh1', 'YES'),
	('cm9ezf38p000212makmvx9hji', 'cm9ezf3a6000312ma67ganaej', 'YES'),
	('cm9ezf38p000212makmvx9hji', 'cm9ezf3a6000412mapgm2b9rm', 'YES'),
	('cm9ezf38p000212makmvx9hji', 'cm9ezf3a6000512maprz7o9xd', 'YES'),
	('cm9ezf38p000212makmvx9hji', 'cm9ezf3a6000612ma3fkob8ty', 'YES'),
	('cm9ezf38p000212makmvx9hji', 'cm9ezf3a6000712majzsdf9dr', 'YES'),
	('cm9ezf38p000212makmvx9hji', 'cm9ezf3a6000812ma3mohj3tf', 'YES'),
	('cm84omt570001oxh5wyjfs89c', 'cm84qhj1300003chabtmn65jg', 'YES'),
	('cm84omt570001oxh5wyjfs89c', 'cm84qhj1500013chap421gltj', 'YES'),
	('cm84omt570001oxh5wyjfs89c', 'cm84qhj1500023cha4vnkfsi3', 'YES'),
	('cm84omt570001oxh5wyjfs89c', 'cm84qhj1500033chah5opedux', 'YES'),
	('cm84omt570001oxh5wyjfs89c', 'cm84qhj1500043cha60ovphvt', 'NO'),
	('cm84omt570001oxh5wyjfs89c', 'cm84qhj1500053chagea902w1', 'YES'),
	('cm84omt570001oxh5wyjfs89c', 'cm84qhj1500063cha5x9wpdja', 'YES'),
	('cm7gpyiwk00025u9eaaplafso', 'cm7gpyixu00035u9e8k2w9g2g', 'YES'),
	('cm7gpyiwk00025u9eaaplafso', 'cm7gpyixu00045u9egidpab7w', 'YES'),
	('cm7p9v9o60002e4ksizjkt5ul', 'cm7p9v9q20003e4ksjb3ncau6', 'YES'),
	('cm7p9v9o60002e4ksizjkt5ul', 'cm7p9v9q20004e4ks15lsdez2', 'YES'),
	('cm7p9v9o60002e4ksizjkt5ul', 'cm7p9v9q20005e4ks3tf5aixc', 'YES'),
	('cm7pa0c9f00059g6tmng9cqfc', 'cm7p9v9q20003e4ksjb3ncau6', 'MAYBE'),
	('cm7pa0c9f00059g6tmng9cqfc', 'cm7p9v9q20004e4ks15lsdez2', 'NO'),
	('cm7pa0c9f00059g6tmng9cqfc', 'cm7p9v9q20005e4ks3tf5aixc', 'YES'),
	('cm7pa64p90001kzixrwbtnol2', 'cm7p9v9q20003e4ksjb3ncau6', 'YES'),
	('cm7pa64p90001kzixrwbtnol2', 'cm7p9v9q20004e4ks15lsdez2', 'YES'),
	('cm7pa64p90001kzixrwbtnol2', 'cm7p9v9q20005e4ks3tf5aixc', 'YES'),
	('cm7pfjthg0001uxsyaw41qon0', 'cm7p9v9q20003e4ksjb3ncau6', 'YES'),
	('cm7pfjthg0001uxsyaw41qon0', 'cm7p9v9q20004e4ks15lsdez2', 'YES'),
	('cm7pfjthg0001uxsyaw41qon0', 'cm7p9v9q20005e4ks3tf5aixc', 'YES'),
	('cm7pfris30005uxsyi0ifte43', 'cm7p9v9q20003e4ksjb3ncau6', 'NO'),
	('cm7pfris30005uxsyi0ifte43', 'cm7p9v9q20004e4ks15lsdez2', 'YES'),
	('cm7pfris30005uxsyi0ifte43', 'cm7p9v9q20005e4ks3tf5aixc', 'YES'),
	('cm7rv8j8l00015idqw3hrjawq', 'cm7p9v9q20003e4ksjb3ncau6', 'NO'),
	('cm7rv8j8l00015idqw3hrjawq', 'cm7p9v9q20004e4ks15lsdez2', 'NO'),
	('cm7rv8j8l00015idqw3hrjawq', 'cm7p9v9q20005e4ks3tf5aixc', 'YES'),
	('cm84omt570001oxh5wyjfs89c', 'cm84qhj1500073chagje28evu', 'YES'),
	('cm84omt570001oxh5wyjfs89c', 'cm84qhj1500083chaacf09fq2', 'YES'),
	('cm7206o7b0003yi4s9m67tvx8', 'cm86bslx30007xq5ix0astrrt', 'YES'),
	('cm7206o7b0003yi4s9m67tvx8', 'cm86bslx30008xq5ibx4zwai2', 'YES'),
	('cm7206o7b0003yi4s9m67tvx8', 'cm86bslx30009xq5i6auckrpl', 'YES'),
	('cm7206o7b0003yi4s9m67tvx8', 'cm86bslx3000axq5ikj7kfdgf', 'YES'),
	('cm7arilhi0002ihd25huqr6r2', 'cm84plekj0000r6jmj94qusrp', 'YES'),
	('cm7arilhi0002ihd25huqr6r2', 'cm84plekk0001r6jmsnlkymb2', 'YES'),
	('cm7arilhi0002ihd25huqr6r2', 'cm84plekk0002r6jmxy6af2r0', 'YES'),
	('cm7arilhi0002ihd25huqr6r2', 'cm84plekk0003r6jm9k6gq074', 'YES'),
	('cm7arilhi0002ihd25huqr6r2', 'cm84plekk0004r6jmdav6choj', 'YES'),
	('cm7arilhi0002ihd25huqr6r2', 'cm84plekk0005r6jm32e4ahsk', 'YES'),
	('cm7arilhi0002ihd25huqr6r2', 'cm84plekk0006r6jm53dcgze5', 'YES'),
	('cm7arilhi0002ihd25huqr6r2', 'cm84plekk0007r6jmb5q5jwx1', 'YES'),
	('cm7arilhi0002ihd25huqr6r2', 'cm84plekk0008r6jmw7p9zj4c', 'YES'),
	('cm7arilhi0002ihd25huqr6r2', 'cm84plekk0009r6jmqz0ufrul', 'YES'),
	('cm7arilhi0002ihd25huqr6r2', 'cm84plekk000ar6jmn94kajgu', 'YES'),
	('cm7arilhi0002ihd25huqr6r2', 'cm84plekk000br6jm91nz7km1', 'YES'),
	('cm7arilhi0002ihd25huqr6r2', 'cm84plekk000cr6jmxnnvrsm5', 'YES'),
	('cm7arilhi0002ihd25huqr6r2', 'cm84plekk000dr6jm7vb6f7rv', 'YES'),
	('cm7arilhi0002ihd25huqr6r2', 'cm84plekk000er6jmaas5ts1k', 'YES'),
	('cm7arilhi0002ihd25huqr6r2', 'cm84plekk000fr6jm9gavfpr0', 'YES'),
	('cm7arilhi0002ihd25huqr6r2', 'cm84plekk000gr6jm8saidzxx', 'YES'),
	('cm7arilhi0002ihd25huqr6r2', 'cm84plekk000hr6jmakjuhb78', 'YES'),
	('cm7arilhi0002ihd25huqr6r2', 'cm84plekk000ir6jm7m5f1bqq', 'YES'),
	('cm7arilhi0002ihd25huqr6r2', 'cm84plekk000jr6jmi784hv4z', 'YES'),
	('cm7arilhi0002ihd25huqr6r2', 'cm84plekk000kr6jmilyt91ic', 'YES'),
	('cm7arilhi0002ihd25huqr6r2', 'cm84plekk000lr6jm0suwdzea', 'YES'),
	('cm7arilhi0002ihd25huqr6r2', 'cm84plekk000mr6jmnfsmhebs', 'YES'),
	('cm7arilhi0002ihd25huqr6r2', 'cm84plekk000nr6jme313ilq6', 'YES'),
	('cm7arilhi0002ihd25huqr6r2', 'cm84plekk000or6jm1tk6ddup', 'YES'),
	('cm7arilhi0002ihd25huqr6r2', 'cm84plekk000pr6jmi6bf46wv', 'YES'),
	('cm7arilhi0002ihd25huqr6r2', 'cm84plekk000qr6jmrzbhcync', 'YES'),
	('cm7arilhi0002ihd25huqr6r2', 'cm84plekk000rr6jmal6n4pcq', 'YES'),
	('cm7arilhi0002ihd25huqr6r2', 'cm84plekk000sr6jm80cnqnij', 'YES'),
	('cm7arilhi0002ihd25huqr6r2', 'cm84plekk000tr6jmabe29gf2', 'YES'),
	('cm7arilhi0002ihd25huqr6r2', 'cm84plekk000ur6jmdl5pn37j', 'YES'),
	('cm7arilhi0002ihd25huqr6r2', 'cm84plekk000vr6jmtsuolm49', 'YES'),
	('cm7arilhi0002ihd25huqr6r2', 'cm84plekk000wr6jm37onxcz8', 'YES'),
	('cm7arilhi0002ihd25huqr6r2', 'cm84plekk000xr6jmo8mjyy7n', 'YES'),
	('cm7arilhi0002ihd25huqr6r2', 'cm84plekk000yr6jmb0qqni2d', 'YES'),
	('cm7arilhi0002ihd25huqr6r2', 'cm84plekk000zr6jmxjharx0d', 'YES'),
	('cm7arilhi0002ihd25huqr6r2', 'cm84plekk0010r6jmkgpfcmam', 'YES'),
	('cm7arilhi0002ihd25huqr6r2', 'cm84plekk0011r6jms8sli10s', 'YES'),
	('cm7arilhi0002ihd25huqr6r2', 'cm84plekk0012r6jm811a4jqg', 'YES'),
	('cm7arilhi0002ihd25huqr6r2', 'cm84plekk0013r6jmrto8g25g', 'YES'),
	('cm7arilhi0002ihd25huqr6r2', 'cm84plekk0014r6jm0czdbp1e', 'YES'),
	('cm84omt570001oxh5wyjfs89c', 'cm84qhj1500093chatj6uzpt8', 'YES'),
	('cm84omt570001oxh5wyjfs89c', 'cm84qhj15000a3chawp80a9b6', 'YES'),
	('cm7206o7b0003yi4s9m67tvx8', 'cm86bslx3000bxq5i49mj54k6', 'YES'),
	('cm7206o7b0003yi4s9m67tvx8', 'cm86bslx3000cxq5ii0niir7k', 'YES'),
	('cm7206o7b0003yi4s9m67tvx8', 'cm86bslx3000dxq5ixr6mcypz', 'YES'),
	('cm87kp95j0004w8oseiqqvwfp', 'cm87kpriw0006w8osmz9h4gl6', 'YES'),
	('cm87kp95j0004w8oseiqqvwfp', 'cm87kpriw0007w8os5uj7w3et', 'YES'),
	('cm87kp95j0004w8oseiqqvwfp', 'cm87kpriw0008w8os2k5n9ugx', 'YES'),
	('cm87kp95j0004w8oseiqqvwfp', 'cm87kpriw0009w8os1pw162jt', 'YES'),
	('cm87kp95j0004w8oseiqqvwfp', 'cm87kpriw000aw8os9y9d0vfm', 'YES'),
	('cm87kp95j0004w8oseiqqvwfp', 'cm87kpriw000bw8osagdxe6k6', 'YES'),
	('cm89kbohr000114i5cv6sl7xm', 'cm84plekj0000r6jmj94qusrp', 'NO'),
	('cm89kbohr000114i5cv6sl7xm', 'cm84plekk0001r6jmsnlkymb2', 'NO'),
	('cm89kbohr000114i5cv6sl7xm', 'cm84plekk0002r6jmxy6af2r0', 'MAYBE'),
	('cm89kbohr000114i5cv6sl7xm', 'cm84plekk0003r6jm9k6gq074', 'MAYBE'),
	('cm89kbohr000114i5cv6sl7xm', 'cm84plekk0004r6jmdav6choj', 'NO'),
	('cm87kopqi0003zk7q31fly70r', 'cm87kpriw0007w8os5uj7w3et', 'YES'),
	('cm87kopqi0003zk7q31fly70r', 'cm87kpriw0008w8os2k5n9ugx', 'NO'),
	('cm87kopqi0003zk7q31fly70r', 'cm87kpriw0009w8os1pw162jt', 'NO'),
	('cm87kopqi0003zk7q31fly70r', 'cm87kpriw000bw8osagdxe6k6', 'YES'),
	('cm7arilhi0002ihd25huqr6r2', 'cm84plekk0015r6jmnjgoo4v6', 'YES'),
	('cm7arilhi0002ihd25huqr6r2', 'cm84plekk0016r6jmr07hclx3', 'YES'),
	('cm7arilhi0002ihd25huqr6r2', 'cm84plekk0017r6jm9l02h82x', 'YES'),
	('cm7arilhi0002ihd25huqr6r2', 'cm84plekk0018r6jmbk2pekb9', 'YES'),
	('cm7arilhi0002ihd25huqr6r2', 'cm84plekk0019r6jmukktxyc3', 'YES'),
	('cm7arilhi0002ihd25huqr6r2', 'cm84plekk001ar6jmx300im7w', 'YES'),
	('cm7arilhi0002ihd25huqr6r2', 'cm84plekk001br6jmiivw5sjz', 'YES'),
	('cm7arilhi0002ihd25huqr6r2', 'cm84plekk001cr6jmbnqrekk6', 'YES'),
	('cm7arilhi0002ihd25huqr6r2', 'cm84plekk001dr6jm2s8z1t7b', 'YES'),
	('cm7arilhi0002ihd25huqr6r2', 'cm84plekk001er6jmb7b1owrg', 'YES'),
	('cm7arilhi0002ihd25huqr6r2', 'cm84plekk001fr6jmsdvf3jhe', 'YES'),
	('cm7arilhi0002ihd25huqr6r2', 'cm84plekk001gr6jmfli6rw1b', 'YES'),
	('cm7arilhi0002ihd25huqr6r2', 'cm84plekk001hr6jmtj473qh1', 'YES'),
	('cm84pi10k0001b9qljdhcedj5', 'cm84qhj1300003chabtmn65jg', 'YES'),
	('cm84pi10k0001b9qljdhcedj5', 'cm84qhj1500013chap421gltj', 'MAYBE'),
	('cm84pi10k0001b9qljdhcedj5', 'cm84qhj1500023cha4vnkfsi3', 'MAYBE'),
	('cm84pi10k0001b9qljdhcedj5', 'cm84qhj1500033chah5opedux', 'NO'),
	('cm84pi10k0001b9qljdhcedj5', 'cm84qhj1500043cha60ovphvt', 'NO'),
	('cm84pi10k0001b9qljdhcedj5', 'cm84qhj1500053chagea902w1', 'NO'),
	('cm84pi10k0001b9qljdhcedj5', 'cm84qhj1500063cha5x9wpdja', 'NO'),
	('cm84pi10k0001b9qljdhcedj5', 'cm84qhj1500073chagje28evu', 'NO'),
	('cm84pi10k0001b9qljdhcedj5', 'cm84qhj1500083chaacf09fq2', 'NO'),
	('cm84pi10k0001b9qljdhcedj5', 'cm84qhj1500093chatj6uzpt8', 'NO'),
	('cm84pi10k0001b9qljdhcedj5', 'cm84qhj15000a3chawp80a9b6', 'NO'),
	('cm725b99q00016y95k6twj8dc', 'cm86bslx30007xq5ix0astrrt', 'YES'),
	('cm725b99q00016y95k6twj8dc', 'cm86bslx30008xq5ibx4zwai2', 'NO'),
	('cm725b99q00016y95k6twj8dc', 'cm86bslx30009xq5i6auckrpl', 'NO'),
	('cm725b99q00016y95k6twj8dc', 'cm86bslx3000axq5ikj7kfdgf', 'NO'),
	('cm725b99q00016y95k6twj8dc', 'cm86bslx3000bxq5i49mj54k6', 'NO'),
	('cm725b99q00016y95k6twj8dc', 'cm86bslx3000cxq5ii0niir7k', 'NO'),
	('cm725b99q00016y95k6twj8dc', 'cm86bslx3000dxq5ixr6mcypz', 'YES'),
	('cm87orx8f000110br68xgelo8', 'cm87kpriw0006w8osmz9h4gl6', 'NO'),
	('cm87orx8f000110br68xgelo8', 'cm87kpriw0007w8os5uj7w3et', 'YES'),
	('cm87orx8f000110br68xgelo8', 'cm87kpriw0008w8os2k5n9ugx', 'YES'),
	('cm87orx8f000110br68xgelo8', 'cm87kpriw0009w8os1pw162jt', 'NO'),
	('cm87orx8f000110br68xgelo8', 'cm87kpriw000aw8os9y9d0vfm', 'YES'),
	('cm87orx8f000110br68xgelo8', 'cm87kpriw000bw8osagdxe6k6', 'YES'),
	('cm89kbohr000114i5cv6sl7xm', 'cm84plekk0005r6jm32e4ahsk', 'NO'),
	('cm89kbohr000114i5cv6sl7xm', 'cm84plekk0006r6jm53dcgze5', 'YES'),
	('cm89kbohr000114i5cv6sl7xm', 'cm84plekk0007r6jmb5q5jwx1', 'YES'),
	('cm89kbohr000114i5cv6sl7xm', 'cm84plekk0008r6jmw7p9zj4c', 'YES'),
	('cm89kbohr000114i5cv6sl7xm', 'cm84plekk0009r6jmqz0ufrul', 'YES'),
	('cm89kbohr000114i5cv6sl7xm', 'cm84plekk000ar6jmn94kajgu', 'MAYBE'),
	('cm89kbohr000114i5cv6sl7xm', 'cm84plekk000br6jm91nz7km1', 'MAYBE'),
	('cm89kbohr000114i5cv6sl7xm', 'cm84plekk000cr6jmxnnvrsm5', 'MAYBE'),
	('cm89kbohr000114i5cv6sl7xm', 'cm84plekk000dr6jm7vb6f7rv', 'MAYBE'),
	('cm89kbohr000114i5cv6sl7xm', 'cm84plekk000er6jmaas5ts1k', 'MAYBE'),
	('cm89kbohr000114i5cv6sl7xm', 'cm84plekk000fr6jm9gavfpr0', 'MAYBE'),
	('cm89kbohr000114i5cv6sl7xm', 'cm84plekk000gr6jm8saidzxx', 'NO'),
	('cm89kbohr000114i5cv6sl7xm', 'cm84plekk000hr6jmakjuhb78', 'NO'),
	('cm89kbohr000114i5cv6sl7xm', 'cm84plekk000ir6jm7m5f1bqq', 'YES'),
	('cm89kbohr000114i5cv6sl7xm', 'cm84plekk000jr6jmi784hv4z', 'YES'),
	('cm89kbohr000114i5cv6sl7xm', 'cm84plekk000kr6jmilyt91ic', 'YES'),
	('cm89kbohr000114i5cv6sl7xm', 'cm84plekk000lr6jm0suwdzea', 'YES'),
	('cm89kbohr000114i5cv6sl7xm', 'cm84plekk000mr6jmnfsmhebs', 'MAYBE'),
	('cm89kbohr000114i5cv6sl7xm', 'cm84plekk000nr6jme313ilq6', 'MAYBE'),
	('cm89kbohr000114i5cv6sl7xm', 'cm84plekk000or6jm1tk6ddup', 'MAYBE'),
	('cm89kbohr000114i5cv6sl7xm', 'cm84plekk000pr6jmi6bf46wv', 'MAYBE'),
	('cm89kbohr000114i5cv6sl7xm', 'cm84plekk000qr6jmrzbhcync', 'YES'),
	('cm89kbohr000114i5cv6sl7xm', 'cm84plekk000rr6jmal6n4pcq', 'YES'),
	('cm89kbohr000114i5cv6sl7xm', 'cm84plekk000sr6jm80cnqnij', 'YES'),
	('cm89kbohr000114i5cv6sl7xm', 'cm84plekk000tr6jmabe29gf2', 'YES'),
	('cm89kbohr000114i5cv6sl7xm', 'cm84plekk000ur6jmdl5pn37j', 'NO'),
	('cm89kbohr000114i5cv6sl7xm', 'cm84plekk000vr6jmtsuolm49', 'NO'),
	('cm89kbohr000114i5cv6sl7xm', 'cm84plekk000wr6jm37onxcz8', 'NO'),
	('cm89kbohr000114i5cv6sl7xm', 'cm84plekk000xr6jmo8mjyy7n', 'NO'),
	('cm89kbohr000114i5cv6sl7xm', 'cm84plekk000yr6jmb0qqni2d', 'NO'),
	('cm89kbohr000114i5cv6sl7xm', 'cm84plekk000zr6jmxjharx0d', 'NO'),
	('cm89kbohr000114i5cv6sl7xm', 'cm84plekk0010r6jmkgpfcmam', 'NO'),
	('cm89kbohr000114i5cv6sl7xm', 'cm84plekk0011r6jms8sli10s', 'NO'),
	('cm89kbohr000114i5cv6sl7xm', 'cm84plekk0012r6jm811a4jqg', 'MAYBE'),
	('cm89kbohr000114i5cv6sl7xm', 'cm84plekk0013r6jmrto8g25g', 'MAYBE'),
	('cm89kbohr000114i5cv6sl7xm', 'cm84plekk0014r6jm0czdbp1e', 'MAYBE'),
	('cm89kbohr000114i5cv6sl7xm', 'cm84plekk0015r6jmnjgoo4v6', 'MAYBE'),
	('cm89kbohr000114i5cv6sl7xm', 'cm84plekk0016r6jmr07hclx3', 'MAYBE'),
	('cm89kbohr000114i5cv6sl7xm', 'cm84plekk0017r6jm9l02h82x', 'MAYBE'),
	('cm89kbohr000114i5cv6sl7xm', 'cm84plekk0018r6jmbk2pekb9', 'MAYBE'),
	('cm89kbohr000114i5cv6sl7xm', 'cm84plekk0019r6jmukktxyc3', 'MAYBE'),
	('cm89kbohr000114i5cv6sl7xm', 'cm84plekk001ar6jmx300im7w', 'MAYBE'),
	('cm89kbohr000114i5cv6sl7xm', 'cm84plekk001br6jmiivw5sjz', 'MAYBE'),
	('cm89kbohr000114i5cv6sl7xm', 'cm84plekk001cr6jmbnqrekk6', 'MAYBE'),
	('cm89kbohr000114i5cv6sl7xm', 'cm84plekk001dr6jm2s8z1t7b', 'MAYBE'),
	('cm89kbohr000114i5cv6sl7xm', 'cm84plekk001er6jmb7b1owrg', 'NO'),
	('cm89kbohr000114i5cv6sl7xm', 'cm84plekk001fr6jmsdvf3jhe', 'NO'),
	('cm89kbohr000114i5cv6sl7xm', 'cm84plekk001gr6jmfli6rw1b', 'NO'),
	('cm89kbohr000114i5cv6sl7xm', 'cm84plekk001hr6jmtj473qh1', 'NO'),
	('cm89kid670005pvlgl654phon', 'cm87kpriw0006w8osmz9h4gl6', 'MAYBE'),
	('cm89kid670005pvlgl654phon', 'cm87kpriw0007w8os5uj7w3et', 'MAYBE'),
	('cm89kid670005pvlgl654phon', 'cm87kpriw0008w8os2k5n9ugx', 'MAYBE'),
	('cm89kid670005pvlgl654phon', 'cm87kpriw0009w8os1pw162jt', 'MAYBE'),
	('cm89kid670005pvlgl654phon', 'cm87kpriw000aw8os9y9d0vfm', 'MAYBE'),
	('cm89kid670005pvlgl654phon', 'cm87kpriw000bw8osagdxe6k6', 'MAYBE'),
	('cm8m39hso0001fpz2p0p3h8op', 'cm87kpriw0007w8os5uj7w3et', 'MAYBE'),
	('cm8m39hso0001fpz2p0p3h8op', 'cm87kpriw0008w8os2k5n9ugx', 'MAYBE'),
	('cm8m39hso0001fpz2p0p3h8op', 'cm87kpriw0009w8os1pw162jt', 'MAYBE'),
	('cm8m39hso0001fpz2p0p3h8op', 'cm87kpriw000aw8os9y9d0vfm', 'MAYBE'),
	('cmbmytz5c0002y0d68nd9bo8a', 'cmbmytz6e0003y0d6t0rms3b4', 'YES'),
	('cmbmytz5c0002y0d68nd9bo8a', 'cmbmytz6e0004y0d66rjaznfl', 'YES'),
	('cmbmytz5c0002y0d68nd9bo8a', 'cmbmytz6e0005y0d6368f152d', 'YES'),
	('cmbmyx7440007y0d6j1iykhj1', 'cmbmytz6e0003y0d6t0rms3b4', 'MAYBE'),
	('cmbmyx7440007y0d6j1iykhj1', 'cmbmytz6e0004y0d66rjaznfl', 'YES'),
	('cmbmyx7440007y0d6j1iykhj1', 'cmbmytz6e0005y0d6368f152d', 'YES'),
	('cmbmz1pjt00038atbdornkn1u', 'cmbmytz6e0003y0d6t0rms3b4', 'YES'),
	('cmbmz1pjt00038atbdornkn1u', 'cmbmytz6e0004y0d66rjaznfl', 'YES'),
	('cmbmz1pjt00038atbdornkn1u', 'cmbmytz6e0005y0d6368f152d', 'MAYBE'),
	('cmbsp6kiv0001b46y1zb8swar', 'cmbmytz6e0003y0d6t0rms3b4', 'YES'),
	('cmbsp6kiv0001b46y1zb8swar', 'cmbmytz6e0004y0d66rjaznfl', 'YES'),
	('cmbsp6kiv0001b46y1zb8swar', 'cmbmytz6e0005y0d6368f152d', 'YES'),
	('cmcy6cimp000214fx7c59di45', 'cmcy6cinu000314fxv731jg3y', 'YES'),
	('cmcy6cimp000214fx7c59di45', 'cmcy6cinu000414fxg6nxw0qk', 'YES'),
	('cmcy6cimp000214fx7c59di45', 'cmcy6cinu000514fxdums5noe', 'YES'),
	('cmcy6cimp000214fx7c59di45', 'cmcy6cinu000614fxrbc57tkj', 'YES'),
	('cmcy6cimp000214fx7c59di45', 'cmcy6cinu000714fxue0yh7ub', 'YES'),
	('cmcy6cimp000214fx7c59di45', 'cmcy6cinu000814fxly0u7hrz', 'YES'),
	('cmcy6cimp000214fx7c59di45', 'cmcy6cinu000914fxmgzjmqhd', 'YES'),
	('cmcy6cimp000214fx7c59di45', 'cmcy6cinu000a14fx7z9x5z2q', 'YES'),
	('cmcy6cimp000214fx7c59di45', 'cmcy6cinu000b14fx2pg5u370', 'YES'),
	('cmcy6gwyp000d14fxcio1l3bx', 'cmcy6cinu000314fxv731jg3y', 'YES'),
	('cmcy6gwyp000d14fxcio1l3bx', 'cmcy6cinu000414fxg6nxw0qk', 'YES'),
	('cmcy6gwyp000d14fxcio1l3bx', 'cmcy6cinu000514fxdums5noe', 'YES'),
	('cmcy6gwyp000d14fxcio1l3bx', 'cmcy6cinu000614fxrbc57tkj', 'YES'),
	('cmcy6gwyp000d14fxcio1l3bx', 'cmcy6cinu000714fxue0yh7ub', 'YES'),
	('cmcy6gwyp000d14fxcio1l3bx', 'cmcy6cinu000814fxly0u7hrz', 'YES'),
	('cmcy6gwyp000d14fxcio1l3bx', 'cmcy6cinu000914fxmgzjmqhd', 'YES'),
	('cmcy6gwyp000d14fxcio1l3bx', 'cmcy6cinu000a14fx7z9x5z2q', 'YES'),
	('cmcy6gwyp000d14fxcio1l3bx', 'cmcy6cinu000b14fx2pg5u370', 'YES'),
	('cmcy6s4lu0001ahdq1vhhrdal', 'cmcy6cinu000314fxv731jg3y', 'YES'),
	('cmcy6s4lu0001ahdq1vhhrdal', 'cmcy6cinu000414fxg6nxw0qk', 'YES'),
	('cmcy6s4lu0001ahdq1vhhrdal', 'cmcy6cinu000514fxdums5noe', 'YES'),
	('cmcy6s4lu0001ahdq1vhhrdal', 'cmcy6cinu000614fxrbc57tkj', 'YES'),
	('cmcy6s4lu0001ahdq1vhhrdal', 'cmcy6cinu000714fxue0yh7ub', 'YES'),
	('cmcy6s4lu0001ahdq1vhhrdal', 'cmcy6cinu000814fxly0u7hrz', 'YES'),
	('cmcy6s4lu0001ahdq1vhhrdal', 'cmcy6cinu000914fxmgzjmqhd', 'YES'),
	('cmcy6s4lu0001ahdq1vhhrdal', 'cmcy6cinu000a14fx7z9x5z2q', 'YES'),
	('cmcy6s4lu0001ahdq1vhhrdal', 'cmcy6cinu000b14fx2pg5u370', 'YES'),
	('cmczj3d5o0001nznkfegnu6nv', 'cmcy6cinu000314fxv731jg3y', 'NO'),
	('cmczj3d5o0001nznkfegnu6nv', 'cmcy6cinu000414fxg6nxw0qk', 'MAYBE'),
	('cmczj3d5o0001nznkfegnu6nv', 'cmcy6cinu000514fxdums5noe', 'YES'),
	('cmczj3d5o0001nznkfegnu6nv', 'cmcy6cinu000614fxrbc57tkj', 'MAYBE'),
	('cmczj3d5o0001nznkfegnu6nv', 'cmcy6cinu000714fxue0yh7ub', 'MAYBE'),
	('cmczj3d5o0001nznkfegnu6nv', 'cmcy6cinu000814fxly0u7hrz', 'YES'),
	('cmczj3d5o0001nznkfegnu6nv', 'cmcy6cinu000914fxmgzjmqhd', 'MAYBE'),
	('cmczj3d5o0001nznkfegnu6nv', 'cmcy6cinu000a14fx7z9x5z2q', 'MAYBE'),
	('cmczj3d5o0001nznkfegnu6nv', 'cmcy6cinu000b14fx2pg5u370', 'YES'),
	('cmdezx0s10002zwaypcouw3cl', 'cmdnzn85w0000sgrbmogocyx3', 'YES'),
	('cmdezx0s10002zwaypcouw3cl', 'cmdnzn85x0001sgrbd5h53ayl', 'YES'),
	('cmdezx0s10002zwaypcouw3cl', 'cmdnzn85x0002sgrbd29kbs1t', 'YES'),
	('cmdezx0s10002zwaypcouw3cl', 'cmdnzn85x0003sgrb9y5ilmvd', 'YES'),
	('cmdezx0s10002zwaypcouw3cl', 'cmdnzn85x0004sgrb004qklfe', 'YES'),
	('cmdezx0s10002zwaypcouw3cl', 'cmdnzn85x0005sgrbu8f6hwr5', 'YES'),
	('cmdezx0s10002zwaypcouw3cl', 'cmdnzn85x0006sgrbg5geql8o', 'YES'),
	('cmdezx0s10002zwaypcouw3cl', 'cmdnzn85x0007sgrby2yspeu4', 'YES'),
	('cmdezx0s10002zwaypcouw3cl', 'cmdnzn85x0008sgrb2p1u37cf', 'YES'),
	('cmdezx0s10002zwaypcouw3cl', 'cmdnzn85x0009sgrbsdtkoll4', 'YES'),
	('cmdezx0s10002zwaypcouw3cl', 'cmdnzn85x000asgrbmfa5vwwh', 'YES'),
	('cmdezx0s10002zwaypcouw3cl', 'cmdnzn85x000bsgrbu6iwclqb', 'YES'),
	('cmdezx0s10002zwaypcouw3cl', 'cmdnzn85x000csgrb6g9a5m5r', 'YES'),
	('cmdezx0s10002zwaypcouw3cl', 'cmdnzn85x000dsgrbsiqbv1oj', 'YES'),
	('cmdezx0s10002zwaypcouw3cl', 'cmdnzn85x000esgrbr8qw9sac', 'YES'),
	('cmdezx0s10002zwaypcouw3cl', 'cmdnzn85x000fsgrbd1fbv9e1', 'YES'),
	('cmdezx0s10002zwaypcouw3cl', 'cmdnzn85x000gsgrbyltlbtl2', 'YES'),
	('cmdezx0s10002zwaypcouw3cl', 'cmdnzn85x000hsgrbx89p7oja', 'YES'),
	('cmdezx0s10002zwaypcouw3cl', 'cmdnzn85x000isgrbouy62fwo', 'YES'),
	('cmdezx0s10002zwaypcouw3cl', 'cmdnzn85x000jsgrbvvn7np0r', 'YES'),
	('cmdezx0s10002zwaypcouw3cl', 'cmdnzn85x000ksgrb5f1oned3', 'YES'),
	('cmdezx0s10002zwaypcouw3cl', 'cmdnzn85x000lsgrbbw6t2i81', 'YES'),
	('cmdezx0s10002zwaypcouw3cl', 'cmdnzn85x000msgrb3txxfprn', 'YES'),
	('cmdezx0s10002zwaypcouw3cl', 'cmdnzn85x000nsgrbnqqg4v72', 'YES'),
	('cmdezx0s10002zwaypcouw3cl', 'cmdnzn85x000osgrb2eccd9v2', 'YES'),
	('cmdezx0s10002zwaypcouw3cl', 'cmdnzn85x000psgrbunklfeaq', 'YES'),
	('cmdezxunm000nzwayotnz93r3', 'cmdnzn85w0000sgrbmogocyx3', 'NO'),
	('cmdezxunm000nzwayotnz93r3', 'cmdnzn85x0001sgrbd5h53ayl', 'NO'),
	('cmdezxunm000nzwayotnz93r3', 'cmdnzn85x0002sgrbd29kbs1t', 'NO'),
	('cmdezxunm000nzwayotnz93r3', 'cmdnzn85x0003sgrb9y5ilmvd', 'NO'),
	('cmdezxunm000nzwayotnz93r3', 'cmdnzn85x0004sgrb004qklfe', 'NO'),
	('cmdezxunm000nzwayotnz93r3', 'cmdnzn85x0005sgrbu8f6hwr5', 'NO'),
	('cmdezxunm000nzwayotnz93r3', 'cmdnzn85x0006sgrbg5geql8o', 'NO'),
	('cmdezxunm000nzwayotnz93r3', 'cmdnzn85x0007sgrby2yspeu4', 'YES'),
	('cmdezxunm000nzwayotnz93r3', 'cmdnzn85x0008sgrb2p1u37cf', 'MAYBE'),
	('cmdezxunm000nzwayotnz93r3', 'cmdnzn85x0009sgrbsdtkoll4', 'YES'),
	('cmdezxunm000nzwayotnz93r3', 'cmdnzn85x000asgrbmfa5vwwh', 'MAYBE'),
	('cmdezxunm000nzwayotnz93r3', 'cmdnzn85x000bsgrbu6iwclqb', 'YES'),
	('cmdezxunm000nzwayotnz93r3', 'cmdnzn85x000csgrb6g9a5m5r', 'YES'),
	('cmdezxunm000nzwayotnz93r3', 'cmdnzn85x000dsgrbsiqbv1oj', 'MAYBE'),
	('cmdezxunm000nzwayotnz93r3', 'cmdnzn85x000esgrbr8qw9sac', 'NO'),
	('cmdezxunm000nzwayotnz93r3', 'cmdnzn85x000fsgrbd1fbv9e1', 'MAYBE'),
	('cmdezxunm000nzwayotnz93r3', 'cmdnzn85x000gsgrbyltlbtl2', 'YES'),
	('cmdezxunm000nzwayotnz93r3', 'cmdnzn85x000hsgrbx89p7oja', 'MAYBE'),
	('cmdezxunm000nzwayotnz93r3', 'cmdnzn85x000isgrbouy62fwo', 'YES'),
	('cmdezxunm000nzwayotnz93r3', 'cmdnzn85x000jsgrbvvn7np0r', 'YES'),
	('cmdezxunm000nzwayotnz93r3', 'cmdnzn85x000ksgrb5f1oned3', 'MAYBE'),
	('cmdezxunm000nzwayotnz93r3', 'cmdnzn85x000lsgrbbw6t2i81', 'YES'),
	('cmdezxunm000nzwayotnz93r3', 'cmdnzn85x000msgrb3txxfprn', 'MAYBE'),
	('cmdezxunm000nzwayotnz93r3', 'cmdnzn85x000nsgrbnqqg4v72', 'YES'),
	('cmdezxunm000nzwayotnz93r3', 'cmdnzn85x000osgrb2eccd9v2', 'MAYBE'),
	('cmdezxunm000nzwayotnz93r3', 'cmdnzn85x000psgrbunklfeaq', 'YES'),
	('cmdezxz590001kw3qmnmi8q0j', 'cmdnzn85w0000sgrbmogocyx3', 'NO'),
	('cmdezxz590001kw3qmnmi8q0j', 'cmdnzn85x0001sgrbd5h53ayl', 'NO'),
	('cmdezxz590001kw3qmnmi8q0j', 'cmdnzn85x0002sgrbd29kbs1t', 'NO'),
	('cmdezxz590001kw3qmnmi8q0j', 'cmdnzn85x0003sgrb9y5ilmvd', 'NO'),
	('cmdezxz590001kw3qmnmi8q0j', 'cmdnzn85x0004sgrb004qklfe', 'NO'),
	('cmdezxz590001kw3qmnmi8q0j', 'cmdnzn85x0005sgrbu8f6hwr5', 'NO'),
	('cmdezxz590001kw3qmnmi8q0j', 'cmdnzn85x0006sgrbg5geql8o', 'NO'),
	('cmdezxz590001kw3qmnmi8q0j', 'cmdnzn85x0007sgrby2yspeu4', 'NO'),
	('cmdezxz590001kw3qmnmi8q0j', 'cmdnzn85x0008sgrb2p1u37cf', 'MAYBE'),
	('cmdezxz590001kw3qmnmi8q0j', 'cmdnzn85x0009sgrbsdtkoll4', 'NO'),
	('cmdezxz590001kw3qmnmi8q0j', 'cmdnzn85x000asgrbmfa5vwwh', 'MAYBE'),
	('cmdezxz590001kw3qmnmi8q0j', 'cmdnzn85x000bsgrbu6iwclqb', 'YES'),
	('cmdezxz590001kw3qmnmi8q0j', 'cmdnzn85x000csgrb6g9a5m5r', 'YES'),
	('cmdezxz590001kw3qmnmi8q0j', 'cmdnzn85x000dsgrbsiqbv1oj', 'MAYBE'),
	('cmdezxz590001kw3qmnmi8q0j', 'cmdnzn85x000esgrbr8qw9sac', 'YES'),
	('cmdezxz590001kw3qmnmi8q0j', 'cmdnzn85x000fsgrbd1fbv9e1', 'MAYBE'),
	('cmdezxz590001kw3qmnmi8q0j', 'cmdnzn85x000gsgrbyltlbtl2', 'MAYBE'),
	('cmdezxz590001kw3qmnmi8q0j', 'cmdnzn85x000hsgrbx89p7oja', 'MAYBE'),
	('cmdezxz590001kw3qmnmi8q0j', 'cmdnzn85x000isgrbouy62fwo', 'YES'),
	('cmdezxz590001kw3qmnmi8q0j', 'cmdnzn85x000jsgrbvvn7np0r', 'YES'),
	('cmdezxz590001kw3qmnmi8q0j', 'cmdnzn85x000ksgrb5f1oned3', 'MAYBE'),
	('cmdezxz590001kw3qmnmi8q0j', 'cmdnzn85x000lsgrbbw6t2i81', 'YES'),
	('cmdezxz590001kw3qmnmi8q0j', 'cmdnzn85x000msgrb3txxfprn', 'MAYBE'),
	('cmdezxz590001kw3qmnmi8q0j', 'cmdnzn85x000nsgrbnqqg4v72', 'MAYBE'),
	('cmdezxz590001kw3qmnmi8q0j', 'cmdnzn85x000osgrb2eccd9v2', 'MAYBE'),
	('cmdezxz590001kw3qmnmi8q0j', 'cmdnzn85x000psgrbunklfeaq', 'NO'),
	('cmdgo6fec0001i4dhp8d5n7ul', 'cmdnzn85w0000sgrbmogocyx3', 'NO'),
	('cmdgo6fec0001i4dhp8d5n7ul', 'cmdnzn85x0001sgrbd5h53ayl', 'NO'),
	('cmdgo6fec0001i4dhp8d5n7ul', 'cmdnzn85x0002sgrbd29kbs1t', 'NO'),
	('cmdgo6fec0001i4dhp8d5n7ul', 'cmdnzn85x0003sgrb9y5ilmvd', 'NO'),
	('cmdgo6fec0001i4dhp8d5n7ul', 'cmdnzn85x0004sgrb004qklfe', 'NO'),
	('cmdgo6fec0001i4dhp8d5n7ul', 'cmdnzn85x0005sgrbu8f6hwr5', 'NO'),
	('cmdgo6fec0001i4dhp8d5n7ul', 'cmdnzn85x0006sgrbg5geql8o', 'NO'),
	('cmdgo6fec0001i4dhp8d5n7ul', 'cmdnzn85x0007sgrby2yspeu4', 'NO'),
	('cmdgo6fec0001i4dhp8d5n7ul', 'cmdnzn85x0008sgrb2p1u37cf', 'NO'),
	('cmdgo6fec0001i4dhp8d5n7ul', 'cmdnzn85x0009sgrbsdtkoll4', 'NO'),
	('cmdgo6fec0001i4dhp8d5n7ul', 'cmdnzn85x000asgrbmfa5vwwh', 'YES'),
	('cmdgo6fec0001i4dhp8d5n7ul', 'cmdnzn85x000bsgrbu6iwclqb', 'NO'),
	('cmdgo6fec0001i4dhp8d5n7ul', 'cmdnzn85x000csgrb6g9a5m5r', 'NO'),
	('cmdgo6fec0001i4dhp8d5n7ul', 'cmdnzn85x000dsgrbsiqbv1oj', 'NO'),
	('cmdgo6fec0001i4dhp8d5n7ul', 'cmdnzn85x000esgrbr8qw9sac', 'NO'),
	('cmdgo6fec0001i4dhp8d5n7ul', 'cmdnzn85x000fsgrbd1fbv9e1', 'NO'),
	('cmdgo6fec0001i4dhp8d5n7ul', 'cmdnzn85x000gsgrbyltlbtl2', 'NO'),
	('cmdgo6fec0001i4dhp8d5n7ul', 'cmdnzn85x000hsgrbx89p7oja', 'NO'),
	('cmdgo6fec0001i4dhp8d5n7ul', 'cmdnzn85x000isgrbouy62fwo', 'YES'),
	('cmdgo6fec0001i4dhp8d5n7ul', 'cmdnzn85x000jsgrbvvn7np0r', 'YES'),
	('cmdgo6fec0001i4dhp8d5n7ul', 'cmdnzn85x000ksgrb5f1oned3', 'NO'),
	('cmdgo6fec0001i4dhp8d5n7ul', 'cmdnzn85x000lsgrbbw6t2i81', 'NO'),
	('cmdgo6fec0001i4dhp8d5n7ul', 'cmdnzn85x000msgrb3txxfprn', 'NO'),
	('cmdgo6fec0001i4dhp8d5n7ul', 'cmdnzn85x000nsgrbnqqg4v72', 'NO'),
	('cmdgo6fec0001i4dhp8d5n7ul', 'cmdnzn85x000osgrb2eccd9v2', 'NO'),
	('cmdgo6fec0001i4dhp8d5n7ul', 'cmdnzn85x000psgrbunklfeaq', 'YES'),
	('cmeaouplm0002cbvr2hvssa9r', 'cmeaoupn90003cbvrx18j26kj', 'YES'),
	('cmeaouplm0002cbvr2hvssa9r', 'cmeaoupn90004cbvrws0sthdk', 'YES'),
	('cmeaouplm0002cbvr2hvssa9r', 'cmeaoupn90005cbvrzm7rqn2f', 'YES'),
	('cmeap3scx00016njzs2n05ip5', 'cmeaoupn90003cbvrx18j26kj', 'YES'),
	('cmeap3scx00016njzs2n05ip5', 'cmeaoupn90004cbvrws0sthdk', 'YES'),
	('cmeap3scx00016njzs2n05ip5', 'cmeaoupn90005cbvrzm7rqn2f', 'NO'),
	('cmeapctht0003yom3bk8ivoj5', 'cmeaoupn90003cbvrx18j26kj', 'YES'),
	('cmeapctht0003yom3bk8ivoj5', 'cmeaoupn90004cbvrws0sthdk', 'NO'),
	('cmeapctht0003yom3bk8ivoj5', 'cmeaoupn90005cbvrzm7rqn2f', 'NO'),
	('cmezo7ole0002107lmmw821yb', 'cmezo7on10003107lg7bkheot', 'YES'),
	('cmezo7ole0002107lmmw821yb', 'cmezo7on10004107lee03sn9e', 'YES'),
	('cmezo7ole0002107lmmw821yb', 'cmezo7on10005107lpupcd3px', 'YES'),
	('cmezo7ole0002107lmmw821yb', 'cmezo7on10006107lxv2mq9ex', 'YES'),
	('cmezo7ole0002107lmmw821yb', 'cmezo7on10007107laadcvb5f', 'YES'),
	('cmezo7ole0002107lmmw821yb', 'cmezo7on10008107l8lo05lp1', 'YES'),
	('cmezo7ole0002107lmmw821yb', 'cmezo7on10009107lzn0vmdh5', 'YES'),
	('cmezo7ole0002107lmmw821yb', 'cmezo7on1000a107lcv4w4il5', 'YES'),
	('cmezo7ole0002107lmmw821yb', 'cmezo7on1000b107lrb4sf0e3', 'YES'),
	('cmezo7ole0002107lmmw821yb', 'cmezo7on1000c107ll4fnuil1', 'YES'),
	('cmezodeui0001o6f0bx7ggnna', 'cmezo7on10003107lg7bkheot', 'NO'),
	('cmezodeui0001o6f0bx7ggnna', 'cmezo7on10004107lee03sn9e', 'YES'),
	('cmezodeui0001o6f0bx7ggnna', 'cmezo7on10005107lpupcd3px', 'YES'),
	('cmezodeui0001o6f0bx7ggnna', 'cmezo7on10006107lxv2mq9ex', 'YES'),
	('cmezodeui0001o6f0bx7ggnna', 'cmezo7on10007107laadcvb5f', 'YES'),
	('cmezodeui0001o6f0bx7ggnna', 'cmezo7on10008107l8lo05lp1', 'YES'),
	('cmezodeui0001o6f0bx7ggnna', 'cmezo7on10009107lzn0vmdh5', 'YES'),
	('cmezodeui0001o6f0bx7ggnna', 'cmezo7on1000a107lcv4w4il5', 'YES'),
	('cmezodeui0001o6f0bx7ggnna', 'cmezo7on1000b107lrb4sf0e3', 'YES'),
	('cmezodeui0001o6f0bx7ggnna', 'cmezo7on1000c107ll4fnuil1', 'YES'),
	('cmezqd8170001v5961iirj76i', 'cmezo7on10003107lg7bkheot', 'NO'),
	('cmezqd8170001v5961iirj76i', 'cmezo7on10004107lee03sn9e', 'YES'),
	('cmezqd8170001v5961iirj76i', 'cmezo7on10005107lpupcd3px', 'YES'),
	('cmezqd8170001v5961iirj76i', 'cmezo7on10006107lxv2mq9ex', 'YES'),
	('cmezqd8170001v5961iirj76i', 'cmezo7on10007107laadcvb5f', 'YES'),
	('cmezqd8170001v5961iirj76i', 'cmezo7on10008107l8lo05lp1', 'YES'),
	('cmezqd8170001v5961iirj76i', 'cmezo7on10009107lzn0vmdh5', 'YES'),
	('cmezqd8170001v5961iirj76i', 'cmezo7on1000a107lcv4w4il5', 'YES'),
	('cmezqd8170001v5961iirj76i', 'cmezo7on1000b107lrb4sf0e3', 'YES'),
	('cmezqd8170001v5961iirj76i', 'cmezo7on1000c107ll4fnuil1', 'YES'),
	('cmezxez2i000113wbi1hn1e61', 'cmezo7on10003107lg7bkheot', 'YES'),
	('cmezxez2i000113wbi1hn1e61', 'cmezo7on10004107lee03sn9e', 'YES'),
	('cmezxez2i000113wbi1hn1e61', 'cmezo7on10005107lpupcd3px', 'YES'),
	('cmezxez2i000113wbi1hn1e61', 'cmezo7on10006107lxv2mq9ex', 'YES'),
	('cmezxez2i000113wbi1hn1e61', 'cmezo7on10007107laadcvb5f', 'NO'),
	('cmezxez2i000113wbi1hn1e61', 'cmezo7on10008107l8lo05lp1', 'YES'),
	('cmezxez2i000113wbi1hn1e61', 'cmezo7on10009107lzn0vmdh5', 'YES'),
	('cmezxez2i000113wbi1hn1e61', 'cmezo7on1000a107lcv4w4il5', 'YES'),
	('cmezxez2i000113wbi1hn1e61', 'cmezo7on1000b107lrb4sf0e3', 'YES'),
	('cmezxez2i000113wbi1hn1e61', 'cmezo7on1000c107ll4fnuil1', 'YES'),
	('cmf0892fe0004woiqs238j1pd', 'cmezo7on10003107lg7bkheot', 'NO'),
	('cmf0892fe0004woiqs238j1pd', 'cmezo7on10004107lee03sn9e', 'YES'),
	('cmf0892fe0004woiqs238j1pd', 'cmezo7on10005107lpupcd3px', 'YES'),
	('cmf0892fe0004woiqs238j1pd', 'cmezo7on10006107lxv2mq9ex', 'YES'),
	('cmf0892fe0004woiqs238j1pd', 'cmezo7on10007107laadcvb5f', 'YES'),
	('cmf0892fe0004woiqs238j1pd', 'cmezo7on10008107l8lo05lp1', 'YES'),
	('cmf0892fe0004woiqs238j1pd', 'cmezo7on10009107lzn0vmdh5', 'MAYBE'),
	('cmf0892fe0004woiqs238j1pd', 'cmezo7on1000a107lcv4w4il5', 'MAYBE'),
	('cmf0892fe0004woiqs238j1pd', 'cmezo7on1000b107lrb4sf0e3', 'MAYBE'),
	('cmf0892fe0004woiqs238j1pd', 'cmezo7on1000c107ll4fnuil1', 'MAYBE'),
	('cmf0834de0001woiquovkjhni', 'cmezo7on10003107lg7bkheot', 'NO'),
	('cmf0834de0001woiquovkjhni', 'cmezo7on10004107lee03sn9e', 'NO'),
	('cmf0834de0001woiquovkjhni', 'cmezo7on10005107lpupcd3px', 'YES'),
	('cmf0834de0001woiquovkjhni', 'cmezo7on10006107lxv2mq9ex', 'YES'),
	('cmf0834de0001woiquovkjhni', 'cmezo7on10007107laadcvb5f', 'YES'),
	('cmf0834de0001woiquovkjhni', 'cmezo7on10008107l8lo05lp1', 'YES'),
	('cmf0834de0001woiquovkjhni', 'cmezo7on10009107lzn0vmdh5', 'YES'),
	('cmf0834de0001woiquovkjhni', 'cmezo7on1000a107lcv4w4il5', 'YES'),
	('cmf0834de0001woiquovkjhni', 'cmezo7on1000b107lrb4sf0e3', 'MAYBE'),
	('cmf0834de0001woiquovkjhni', 'cmezo7on1000c107ll4fnuil1', 'MAYBE'),
	('cmfbn2e2u0002pr2j91jdrocn', 'cmfbn2e3q0003pr2j9q1nt8cv', 'YES'),
	('cmfbn2e2u0002pr2j91jdrocn', 'cmfbn2e3q0004pr2jntuklt0f', 'YES'),
	('cmfbn519f0003hinzr216nij5', 'cmfbn2e3q0003pr2j9q1nt8cv', 'YES'),
	('cmfbn519f0003hinzr216nij5', 'cmfbn2e3q0004pr2jntuklt0f', 'YES'),
	('cmfbn6zl50001my2t5ta7o9jo', 'cmfbn2e3q0003pr2j9q1nt8cv', 'YES'),
	('cmfbn6zl50001my2t5ta7o9jo', 'cmfbn2e3q0004pr2jntuklt0f', 'YES'),
	('cmfbozg6b00014bxe613cho4a', 'cmfbn2e3q0003pr2j9q1nt8cv', 'NO'),
	('cmfbozg6b00014bxe613cho4a', 'cmfbn2e3q0004pr2jntuklt0f', 'MAYBE'),
	('cmfbp1vlr00044bxegcuojo0b', 'cmfbn2e3q0003pr2j9q1nt8cv', 'NO'),
	('cmfbp1vlr00044bxegcuojo0b', 'cmfbn2e3q0004pr2jntuklt0f', 'YES'),
	('cmfbqzkd00001w9zm7223miib', 'cmfbn2e3q0003pr2j9q1nt8cv', 'MAYBE'),
	('cmfbqzkd00001w9zm7223miib', 'cmfbn2e3q0004pr2jntuklt0f', 'YES'),
	('cmfbrmx9u0001ex99clv9g3pm', 'cmfbn2e3q0003pr2j9q1nt8cv', 'NO'),
	('cmfbrmx9u0001ex99clv9g3pm', 'cmfbn2e3q0004pr2jntuklt0f', 'YES'),
	('cmfdywwp10002uehmtv80nojy', 'cmfdywwqa0003uehm0ktqb42y', 'YES'),
	('cmfdywwp10002uehmtv80nojy', 'cmfdywwqa0004uehm7epdmf5j', 'YES'),
	('cmfdywwp10002uehmtv80nojy', 'cmfdywwqa0005uehmoqkvp3s4', 'YES'),
	('cmfdywwp10002uehmtv80nojy', 'cmfdywwqa0006uehmkhkgr0uv', 'YES'),
	('cmfdywwp10002uehmtv80nojy', 'cmfdywwqa0007uehm1bkyfckx', 'YES'),
	('cmfdywwp10002uehmtv80nojy', 'cmfdywwqa0008uehmqy5u50sz', 'YES'),
	('cmfdywwp10002uehmtv80nojy', 'cmfdywwqa0009uehm7sa86j32', 'YES'),
	('cmfdywwp10002uehmtv80nojy', 'cmfdywwqa000auehmnmrjqc48', 'YES'),
	('cmfdywwp10002uehmtv80nojy', 'cmfdywwqa000buehm1xyjcebq', 'YES'),
	('cmfdzttx00001vhkg3hnx445t', 'cmfdywwqa0003uehm0ktqb42y', 'MAYBE'),
	('cmfdzttx00001vhkg3hnx445t', 'cmfdywwqa0004uehm7epdmf5j', 'YES'),
	('cmfdzttx00001vhkg3hnx445t', 'cmfdywwqa0005uehmoqkvp3s4', 'YES'),
	('cmfdzttx00001vhkg3hnx445t', 'cmfdywwqa0006uehmkhkgr0uv', 'YES'),
	('cmfdzttx00001vhkg3hnx445t', 'cmfdywwqa0007uehm1bkyfckx', 'YES'),
	('cmfdzttx00001vhkg3hnx445t', 'cmfdywwqa0008uehmqy5u50sz', 'YES'),
	('cmfdzttx00001vhkg3hnx445t', 'cmfdywwqa0009uehm7sa86j32', 'YES'),
	('cmfdzttx00001vhkg3hnx445t', 'cmfdywwqa000auehmnmrjqc48', 'YES'),
	('cmfdzttx00001vhkg3hnx445t', 'cmfdywwqa000buehm1xyjcebq', 'YES'),
	('cmffvonwx0001rnlfasb05sml', 'cmfdywwqa0003uehm0ktqb42y', 'MAYBE'),
	('cmffvonwx0001rnlfasb05sml', 'cmfdywwqa0004uehm7epdmf5j', 'NO'),
	('cmffvonwx0001rnlfasb05sml', 'cmfdywwqa0005uehmoqkvp3s4', 'YES'),
	('cmffvonwx0001rnlfasb05sml', 'cmfdywwqa0006uehmkhkgr0uv', 'NO'),
	('cmffvonwx0001rnlfasb05sml', 'cmfdywwqa0007uehm1bkyfckx', 'YES'),
	('cmffvonwx0001rnlfasb05sml', 'cmfdywwqa0008uehmqy5u50sz', 'YES'),
	('cmffvonwx0001rnlfasb05sml', 'cmfdywwqa0009uehm7sa86j32', 'NO'),
	('cmffvonwx0001rnlfasb05sml', 'cmfdywwqa000auehmnmrjqc48', 'NO'),
	('cmffvonwx0001rnlfasb05sml', 'cmfdywwqa000buehm1xyjcebq', 'NO'),
	('cmgjqxixt0002fq3p67cqecvl', 'cmgjqxj050003fq3phk9espp8', 'YES'),
	('cmgjqxixt0002fq3p67cqecvl', 'cmgjqxj050004fq3pslihs0bo', 'YES'),
	('cmgjqxixt0002fq3p67cqecvl', 'cmgjqxj050005fq3ps5goukj9', 'YES'),
	('cmgjqxixt0002fq3p67cqecvl', 'cmgjqxj050006fq3poz0fczl0', 'YES'),
	('cmgjqxixt0002fq3p67cqecvl', 'cmgjqxj050007fq3p02b3k5zg', 'YES'),
	('cmgjqxixt0002fq3p67cqecvl', 'cmgjqxj050008fq3pkx5l24sf', 'YES'),
	('cmgjqxixt0002fq3p67cqecvl', 'cmgjqxj050009fq3plro90p9v', 'YES'),
	('cmgjqxixt0002fq3p67cqecvl', 'cmgjqxj05000afq3p31drqi31', 'YES'),
	('cmgjqxixt0002fq3p67cqecvl', 'cmgjqxj05000bfq3psbkusgda', 'YES'),
	('cmgjqxixt0002fq3p67cqecvl', 'cmgjqxj05000cfq3px1s1uj19', 'YES'),
	('cmgjqxixt0002fq3p67cqecvl', 'cmgjqxj05000dfq3p1zujzti7', 'YES'),
	('cmgjqxixt0002fq3p67cqecvl', 'cmgjqxj05000efq3pzikr8yp9', 'YES'),
	('cmgjqxixt0002fq3p67cqecvl', 'cmgjqxj05000ffq3pp80ltvtu', 'YES'),
	('cmgjqxixt0002fq3p67cqecvl', 'cmgjqxj05000gfq3p4jyllxlk', 'YES'),
	('cmgjqxixt0002fq3p67cqecvl', 'cmgjqxj05000hfq3p1n4pi4sl', 'YES'),
	('cmgjqxixt0002fq3p67cqecvl', 'cmgjqxj05000ifq3pff5uf19h', 'YES'),
	('cmgk5b9w10001gpue9mjiqeby', 'cmgjqxj050003fq3phk9espp8', 'YES'),
	('cmgk5b9w10001gpue9mjiqeby', 'cmgjqxj050004fq3pslihs0bo', 'YES'),
	('cmgk5b9w10001gpue9mjiqeby', 'cmgjqxj050005fq3ps5goukj9', 'YES'),
	('cmgk5b9w10001gpue9mjiqeby', 'cmgjqxj050006fq3poz0fczl0', 'YES'),
	('cmgk5b9w10001gpue9mjiqeby', 'cmgjqxj050007fq3p02b3k5zg', 'NO'),
	('cmgk5b9w10001gpue9mjiqeby', 'cmgjqxj050008fq3pkx5l24sf', 'NO'),
	('cmgk5b9w10001gpue9mjiqeby', 'cmgjqxj050009fq3plro90p9v', 'MAYBE'),
	('cmgk5b9w10001gpue9mjiqeby', 'cmgjqxj05000afq3p31drqi31', 'MAYBE'),
	('cmgk5b9w10001gpue9mjiqeby', 'cmgjqxj05000bfq3psbkusgda', 'YES'),
	('cmgk5b9w10001gpue9mjiqeby', 'cmgjqxj05000cfq3px1s1uj19', 'YES'),
	('cmgk5b9w10001gpue9mjiqeby', 'cmgjqxj05000dfq3p1zujzti7', 'YES'),
	('cmgk5b9w10001gpue9mjiqeby', 'cmgjqxj05000efq3pzikr8yp9', 'YES'),
	('cmgk5b9w10001gpue9mjiqeby', 'cmgjqxj05000ffq3pp80ltvtu', 'YES'),
	('cmgk5b9w10001gpue9mjiqeby', 'cmgjqxj05000gfq3p4jyllxlk', 'YES'),
	('cmgk5b9w10001gpue9mjiqeby', 'cmgjqxj05000hfq3p1n4pi4sl', 'YES'),
	('cmgk5b9w10001gpue9mjiqeby', 'cmgjqxj05000ifq3pff5uf19h', 'YES'),
	('cmgl78qa80005sw5tyoq6zon5', 'cmgl78qb40006sw5tjodnqyuc', 'YES'),
	('cmgl78qa80005sw5tyoq6zon5', 'cmgl78qb40007sw5t5em6y83x', 'YES'),
	('cmgl78qa80005sw5tyoq6zon5', 'cmgl78qb40008sw5txhr03zng', 'YES'),
	('cmgl78qa80005sw5tyoq6zon5', 'cmgl78qb40009sw5t9vou94xm', 'YES'),
	('cmgl78qa80005sw5tyoq6zon5', 'cmgl78qb4000asw5tlty6f7io', 'YES'),
	('cmgl78qa80005sw5tyoq6zon5', 'cmgl78qb4000bsw5tfqz4zjbq', 'YES'),
	('cmgl78qa80005sw5tyoq6zon5', 'cmgl78qb4000csw5t6enitktc', 'YES'),
	('cmgl78qa80005sw5tyoq6zon5', 'cmgl78qb4000dsw5te73p3axf', 'YES'),
	('cmgl79u740003oknul56sy7ob', 'cmgl78qb40006sw5tjodnqyuc', 'MAYBE'),
	('cmgl79u740003oknul56sy7ob', 'cmgl78qb40007sw5t5em6y83x', 'YES'),
	('cmgl79u740003oknul56sy7ob', 'cmgl78qb40008sw5txhr03zng', 'MAYBE'),
	('cmgl79u740003oknul56sy7ob', 'cmgl78qb40009sw5t9vou94xm', 'MAYBE'),
	('cmgl79u740003oknul56sy7ob', 'cmgl78qb4000asw5tlty6f7io', 'MAYBE'),
	('cmgl79u740003oknul56sy7ob', 'cmgl78qb4000bsw5tfqz4zjbq', 'YES'),
	('cmgl79u740003oknul56sy7ob', 'cmgl78qb4000csw5t6enitktc', 'MAYBE'),
	('cmgl79u740003oknul56sy7ob', 'cmgl78qb4000dsw5te73p3axf', 'YES'),
	('cmgl7fspv000fsw5tvqsxoyzy', 'cmgl78qb40006sw5tjodnqyuc', 'NO'),
	('cmgl7fspv000fsw5tvqsxoyzy', 'cmgl78qb40007sw5t5em6y83x', 'YES'),
	('cmgl7fspv000fsw5tvqsxoyzy', 'cmgl78qb40008sw5txhr03zng', 'YES'),
	('cmgjr11n90003jjj9c602dwlk', 'cmgjqxj050004fq3pslihs0bo', 'NO'),
	('cmgjr11n90003jjj9c602dwlk', 'cmgjqxj050005fq3ps5goukj9', 'MAYBE'),
	('cmgjr11n90003jjj9c602dwlk', 'cmgjqxj050006fq3poz0fczl0', 'MAYBE'),
	('cmgjr11n90003jjj9c602dwlk', 'cmgjqxj050007fq3p02b3k5zg', 'NO'),
	('cmgjr11n90003jjj9c602dwlk', 'cmgjqxj050008fq3pkx5l24sf', 'NO'),
	('cmgjr11n90003jjj9c602dwlk', 'cmgjqxj05000afq3p31drqi31', 'NO'),
	('cmgjr11n90003jjj9c602dwlk', 'cmgjqxj05000bfq3psbkusgda', 'NO'),
	('cmgjr11n90003jjj9c602dwlk', 'cmgjqxj05000cfq3px1s1uj19', 'NO'),
	('cmgjr11n90003jjj9c602dwlk', 'cmgjqxj05000dfq3p1zujzti7', 'YES'),
	('cmgjr11n90003jjj9c602dwlk', 'cmgjqxj05000efq3pzikr8yp9', 'YES'),
	('cmgjr11n90003jjj9c602dwlk', 'cmgjqxj05000ffq3pp80ltvtu', 'MAYBE'),
	('cmgjr11n90003jjj9c602dwlk', 'cmgjqxj05000gfq3p4jyllxlk', 'MAYBE'),
	('cmgjr11n90003jjj9c602dwlk', 'cmgjqxj05000hfq3p1n4pi4sl', 'YES'),
	('cmgjr11n90003jjj9c602dwlk', 'cmgjqxj05000ifq3pff5uf19h', 'YES'),
	('cmgl7fspv000fsw5tvqsxoyzy', 'cmgl78qb40009sw5t9vou94xm', 'MAYBE'),
	('cmgl7fspv000fsw5tvqsxoyzy', 'cmgl78qb4000asw5tlty6f7io', 'YES'),
	('cmgl7fspv000fsw5tvqsxoyzy', 'cmgl78qb4000bsw5tfqz4zjbq', 'YES'),
	('cmgl7fspv000fsw5tvqsxoyzy', 'cmgl78qb4000csw5t6enitktc', 'NO'),
	('cmgl7fspv000fsw5tvqsxoyzy', 'cmgl78qb4000dsw5te73p3axf', 'MAYBE'),
	('cmgjr11n90003jjj9c602dwlk', 'cmgjqxj050003fq3phk9espp8', 'MAYBE'),
	('cmgjr11n90003jjj9c602dwlk', 'cmgjqxj050009fq3plro90p9v', 'NO'),
	('cmgnz9m2g0001vz1r7zlcbanu', 'cmgl78qb40006sw5tjodnqyuc', 'MAYBE'),
	('cmgnz9m2g0001vz1r7zlcbanu', 'cmgl78qb40007sw5t5em6y83x', 'YES'),
	('cmgnz9m2g0001vz1r7zlcbanu', 'cmgl78qb40008sw5txhr03zng', 'MAYBE'),
	('cmgnz9m2g0001vz1r7zlcbanu', 'cmgl78qb40009sw5t9vou94xm', 'MAYBE'),
	('cmgnz9m2g0001vz1r7zlcbanu', 'cmgl78qb4000asw5tlty6f7io', 'MAYBE'),
	('cmgnz9m2g0001vz1r7zlcbanu', 'cmgl78qb4000bsw5tfqz4zjbq', 'YES'),
	('cmgnz9m2g0001vz1r7zlcbanu', 'cmgl78qb4000csw5t6enitktc', 'MAYBE'),
	('cmgnz9m2g0001vz1r7zlcbanu', 'cmgl78qb4000dsw5te73p3axf', 'YES'),
	('cmgsh9aii0002u908n5tkl9cl', 'cmgsh9ak20003u908aut5g8xp', 'YES'),
	('cmgsh9aii0002u908n5tkl9cl', 'cmgsh9ak20004u908kuhgpehl', 'YES'),
	('cmgsh9aii0002u908n5tkl9cl', 'cmgsh9ak20005u908g5j5bfns', 'YES'),
	('cmgshf3wi0007u908qy6mgbjb', 'cmgsh9ak20003u908aut5g8xp', 'YES'),
	('cmgshf3wi0007u908qy6mgbjb', 'cmgsh9ak20004u908kuhgpehl', 'YES'),
	('cmgshf3wi0007u908qy6mgbjb', 'cmgsh9ak20005u908g5j5bfns', 'YES'),
	('cmgshnjr50003q2kgufxvv78q', 'cmgsh9ak20003u908aut5g8xp', 'YES'),
	('cmgshnjr50003q2kgufxvv78q', 'cmgsh9ak20004u908kuhgpehl', 'NO'),
	('cmgshnjr50003q2kgufxvv78q', 'cmgsh9ak20005u908g5j5bfns', 'YES'),
	('cmgsi53bm000183g0rvhrcw5c', 'cmgsh9ak20003u908aut5g8xp', 'YES'),
	('cmgsi53bm000183g0rvhrcw5c', 'cmgsh9ak20004u908kuhgpehl', 'YES'),
	('cmgsi53bm000183g0rvhrcw5c', 'cmgsh9ak20005u908g5j5bfns', 'YES'),
	('cmgsi9ri400012f3bpui5qwin', 'cmgsh9ak20003u908aut5g8xp', 'NO'),
	('cmgsi9ri400012f3bpui5qwin', 'cmgsh9ak20004u908kuhgpehl', 'YES'),
	('cmgsi9ri400012f3bpui5qwin', 'cmgsh9ak20005u908g5j5bfns', 'YES'),
	('cmgskptb200011rs5hfjyj4og', 'cmgsh9ak20003u908aut5g8xp', 'NO'),
	('cmgskptb200011rs5hfjyj4og', 'cmgsh9ak20004u908kuhgpehl', 'YES'),
	('cmgskptb200011rs5hfjyj4og', 'cmgsh9ak20005u908g5j5bfns', 'YES'),
	('cmgtibn6j000113l8arsrzjzz', 'cmgsh9ak20003u908aut5g8xp', 'YES'),
	('cmgtibn6j000113l8arsrzjzz', 'cmgsh9ak20004u908kuhgpehl', 'YES'),
	('cmgtibn6j000113l8arsrzjzz', 'cmgsh9ak20005u908g5j5bfns', 'YES'),
	('cmgtoyge60001qr5u0hedlmjh', 'cmgsh9ak20003u908aut5g8xp', 'YES'),
	('cmgtoyge60001qr5u0hedlmjh', 'cmgsh9ak20004u908kuhgpehl', 'YES'),
	('cmgtoyge60001qr5u0hedlmjh', 'cmgsh9ak20005u908g5j5bfns', 'MAYBE'),
	('cmgv3r8540001hjdbjgga81no', 'cmgsh9ak20003u908aut5g8xp', 'YES'),
	('cmgv3r8540001hjdbjgga81no', 'cmgsh9ak20004u908kuhgpehl', 'YES'),
	('cmgv3r8540001hjdbjgga81no', 'cmgsh9ak20005u908g5j5bfns', 'YES'),
	('cmgvxrqy50002hjn5uvxoq13z', 'cmgvxrqz40003hjn5asgk7ll3', 'YES'),
	('cmgvxrqy50002hjn5uvxoq13z', 'cmgvxrqz40004hjn5cwk12wdx', 'YES'),
	('cmgvxrqy50002hjn5uvxoq13z', 'cmgvxrqz40005hjn5eibnlhej', 'YES'),
	('cmgvxrqy50002hjn5uvxoq13z', 'cmgvxrqz40006hjn5llwp9i41', 'YES'),
	('cmgvxrqy50002hjn5uvxoq13z', 'cmgvxrqz40007hjn5dbqe39q2', 'YES'),
	('cmgvxrqy50002hjn5uvxoq13z', 'cmgvxrqz40008hjn5rsxziouc', 'YES'),
	('cmgw4tkel0001ex1zdx0g3ear', 'cmgvxrqz40003hjn5asgk7ll3', 'YES'),
	('cmgw4tkel0001ex1zdx0g3ear', 'cmgvxrqz40004hjn5cwk12wdx', 'YES'),
	('cmgw4tkel0001ex1zdx0g3ear', 'cmgvxrqz40005hjn5eibnlhej', 'YES'),
	('cmgw4tkel0001ex1zdx0g3ear', 'cmgvxrqz40006hjn5llwp9i41', 'YES'),
	('cmgw4tkel0001ex1zdx0g3ear', 'cmgvxrqz40007hjn5dbqe39q2', 'NO'),
	('cmgw4tkel0001ex1zdx0g3ear', 'cmgvxrqz40008hjn5rsxziouc', 'NO'),
	('cmgwcqb4u0001ips4voy2kjqd', 'cmgvxrqz40003hjn5asgk7ll3', 'YES'),
	('cmgwcqb4u0001ips4voy2kjqd', 'cmgvxrqz40004hjn5cwk12wdx', 'YES'),
	('cmgwcqb4u0001ips4voy2kjqd', 'cmgvxrqz40005hjn5eibnlhej', 'YES'),
	('cmgwcqb4u0001ips4voy2kjqd', 'cmgvxrqz40006hjn5llwp9i41', 'YES'),
	('cmgwcqb4u0001ips4voy2kjqd', 'cmgvxrqz40007hjn5dbqe39q2', 'YES'),
	('cmgwcqb4u0001ips4voy2kjqd', 'cmgvxrqz40008hjn5rsxziouc', 'YES'),
	('cmgygytr20003hxem68ixu9ld', 'cmgygytrs0004hxemaf1u31ke', 'YES'),
	('cmgygytr20003hxem68ixu9ld', 'cmgygytrs0005hxem2p80s2rs', 'YES'),
	('cmgygytr20003hxem68ixu9ld', 'cmgygytrs0006hxemdasi0ht5', 'YES'),
	('cmgyh0yp70004ghpdsftfreuv', 'cmgygytrs0004hxemaf1u31ke', 'YES'),
	('cmgyh0yp70004ghpdsftfreuv', 'cmgygytrs0005hxem2p80s2rs', 'YES'),
	('cmgyh0yp70004ghpdsftfreuv', 'cmgygytrs0006hxemdasi0ht5', 'MAYBE'),
	('cmgylaslc00018vyv3j4wncb9', 'cmgygytrs0004hxemaf1u31ke', 'YES'),
	('cmgylaslc00018vyv3j4wncb9', 'cmgygytrs0005hxem2p80s2rs', 'YES'),
	('cmgylaslc00018vyv3j4wncb9', 'cmgygytrs0006hxemdasi0ht5', 'YES'),
	('cmgymiksf0001eyfif3acuend', 'cmgygytrs0004hxemaf1u31ke', 'MAYBE'),
	('cmgymiksf0001eyfif3acuend', 'cmgygytrs0005hxem2p80s2rs', 'MAYBE'),
	('cmgymiksf0001eyfif3acuend', 'cmgygytrs0006hxemdasi0ht5', 'YES'),
	('cmgyzdam60001usxcob3x43t9', 'cmgygytrs0004hxemaf1u31ke', 'MAYBE'),
	('cmgyzdam60001usxcob3x43t9', 'cmgygytrs0005hxem2p80s2rs', 'YES'),
	('cmgyzdam60001usxcob3x43t9', 'cmgygytrs0006hxemdasi0ht5', 'MAYBE'),
	('cmgzaiobn0007apxlhix4r32l', 'cmgygytrs0004hxemaf1u31ke', 'NO'),
	('cmgzaiobn0007apxlhix4r32l', 'cmgygytrs0005hxem2p80s2rs', 'NO'),
	('cmgzaiobn0007apxlhix4r32l', 'cmgygytrs0006hxemdasi0ht5', 'NO'),
	('cmgzamxiz0001b9dkui7f4a1y', 'cmgvxrqz40003hjn5asgk7ll3', 'MAYBE'),
	('cmgzamxiz0001b9dkui7f4a1y', 'cmgvxrqz40004hjn5cwk12wdx', 'NO'),
	('cmgzamxiz0001b9dkui7f4a1y', 'cmgvxrqz40005hjn5eibnlhej', 'MAYBE'),
	('cmgzamxiz0001b9dkui7f4a1y', 'cmgvxrqz40006hjn5llwp9i41', 'MAYBE'),
	('cmgzamxiz0001b9dkui7f4a1y', 'cmgvxrqz40007hjn5dbqe39q2', 'MAYBE'),
	('cmgzamxiz0001b9dkui7f4a1y', 'cmgvxrqz40008hjn5rsxziouc', 'MAYBE'),
	('cmgzb5ns10001rnain64qozfm', 'cmgvxrqz40003hjn5asgk7ll3', 'NO'),
	('cmgzb5ns10001rnain64qozfm', 'cmgvxrqz40004hjn5cwk12wdx', 'NO'),
	('cmgzb5ns10001rnain64qozfm', 'cmgvxrqz40005hjn5eibnlhej', 'NO'),
	('cmgzb5ns10001rnain64qozfm', 'cmgvxrqz40006hjn5llwp9i41', 'NO'),
	('cmgzb5ns10001rnain64qozfm', 'cmgvxrqz40007hjn5dbqe39q2', 'NO'),
	('cmgzb5ns10001rnain64qozfm', 'cmgvxrqz40008hjn5rsxziouc', 'NO'),
	('cmh1dk9ge0002yuh57rvm3qc7', 'cmh1dk9hj0003yuh5ebvpkte7', 'YES'),
	('cmh1dk9ge0002yuh57rvm3qc7', 'cmh1dk9hj0004yuh5wbgq6ecm', 'YES'),
	('cmh1dk9ge0002yuh57rvm3qc7', 'cmh1dk9hj0005yuh5ubi976ho', 'YES'),
	('cmh1dk9ge0002yuh57rvm3qc7', 'cmh1dk9hj0006yuh5szl2dh1w', 'YES'),
	('cmh1dk9ge0002yuh57rvm3qc7', 'cmh1dk9hj0007yuh58wnqnkyo', 'YES'),
	('cmh1dk9ge0002yuh57rvm3qc7', 'cmh1dk9hj0008yuh5himg6gpw', 'YES'),
	('cmh1dk9ge0002yuh57rvm3qc7', 'cmh1dk9hj0009yuh5mb7tlecm', 'YES'),
	('cmh1dk9ge0002yuh57rvm3qc7', 'cmh1dk9hj000ayuh5m8p1tho2', 'YES'),
	('cmh1dk9ge0002yuh57rvm3qc7', 'cmh1dk9hj000byuh5cz4mzc5a', 'YES'),
	('cmh1dk9ge0002yuh57rvm3qc7', 'cmh1dk9hj000cyuh5fcpk7mp5', 'YES'),
	('cmh1dm5fq0001bvz8gz2t494g', 'cmh1dk9hj0003yuh5ebvpkte7', 'NO'),
	('cmh1dm5fq0001bvz8gz2t494g', 'cmh1dk9hj0004yuh5wbgq6ecm', 'YES'),
	('cmh1dm5fq0001bvz8gz2t494g', 'cmh1dk9hj0005yuh5ubi976ho', 'MAYBE'),
	('cmh1dm5fq0001bvz8gz2t494g', 'cmh1dk9hj0006yuh5szl2dh1w', 'YES'),
	('cmh1dm5fq0001bvz8gz2t494g', 'cmh1dk9hj0007yuh58wnqnkyo', 'MAYBE'),
	('cmh1dm5fq0001bvz8gz2t494g', 'cmh1dk9hj0008yuh5himg6gpw', 'MAYBE'),
	('cmh1dm5fq0001bvz8gz2t494g', 'cmh1dk9hj0009yuh5mb7tlecm', 'YES'),
	('cmh1dm5fq0001bvz8gz2t494g', 'cmh1dk9hj000ayuh5m8p1tho2', 'MAYBE'),
	('cmh1dm5fq0001bvz8gz2t494g', 'cmh1dk9hj000byuh5cz4mzc5a', 'YES'),
	('cmh1dm5fq0001bvz8gz2t494g', 'cmh1dk9hj000cyuh5fcpk7mp5', 'MAYBE'),
	('cmh1elxly0001qhl3lt4225ke', 'cmh1dk9hj0003yuh5ebvpkte7', 'NO'),
	('cmh1elxly0001qhl3lt4225ke', 'cmh1dk9hj0004yuh5wbgq6ecm', 'NO'),
	('cmh1elxly0001qhl3lt4225ke', 'cmh1dk9hj0005yuh5ubi976ho', 'NO'),
	('cmh1elxly0001qhl3lt4225ke', 'cmh1dk9hj0006yuh5szl2dh1w', 'NO'),
	('cmh1elxly0001qhl3lt4225ke', 'cmh1dk9hj0007yuh58wnqnkyo', 'NO'),
	('cmh1elxly0001qhl3lt4225ke', 'cmh1dk9hj0008yuh5himg6gpw', 'NO'),
	('cmh1elxly0001qhl3lt4225ke', 'cmh1dk9hj0009yuh5mb7tlecm', 'NO'),
	('cmh1elxly0001qhl3lt4225ke', 'cmh1dk9hj000ayuh5m8p1tho2', 'YES'),
	('cmh1elxly0001qhl3lt4225ke', 'cmh1dk9hj000byuh5cz4mzc5a', 'NO'),
	('cmh1elxly0001qhl3lt4225ke', 'cmh1dk9hj000cyuh5fcpk7mp5', 'YES'),
	('cmhyvue8w0002xvp77ag0wnf6', 'cmhyvueax0003xvp7i1guoqzc', 'YES'),
	('cmhyvue8w0002xvp77ag0wnf6', 'cmhyvueax0004xvp7eho3fv02', 'YES'),
	('cmhyvue8w0002xvp77ag0wnf6', 'cmhyvueax0005xvp73znpqlju', 'YES'),
	('cmhyvue8w0002xvp77ag0wnf6', 'cmhyvueax0006xvp7lxudxs95', 'YES'),
	('cmhywn0o40001my8r6lsc0b5x', 'cmhyvueax0003xvp7i1guoqzc', 'YES'),
	('cmhywn0o40001my8r6lsc0b5x', 'cmhyvueax0004xvp7eho3fv02', 'NO'),
	('cmhywn0o40001my8r6lsc0b5x', 'cmhyvueax0005xvp73znpqlju', 'NO'),
	('cmhywn0o40001my8r6lsc0b5x', 'cmhyvueax0006xvp7lxudxs95', 'YES'),
	('cmhz3ahbl000121pz0a66apjo', 'cmhyvueax0003xvp7i1guoqzc', 'YES'),
	('cmhz3ahbl000121pz0a66apjo', 'cmhyvueax0004xvp7eho3fv02', 'NO'),
	('cmhz3ahbl000121pz0a66apjo', 'cmhyvueax0005xvp73znpqlju', 'YES'),
	('cmhz3ahbl000121pz0a66apjo', 'cmhyvueax0006xvp7lxudxs95', 'YES'),
	('cmhz4wy4a00013ugjmm3c81lp', 'cmhyvueax0003xvp7i1guoqzc', 'MAYBE'),
	('cmhz4wy4a00013ugjmm3c81lp', 'cmhyvueax0004xvp7eho3fv02', 'MAYBE'),
	('cmhz4wy4a00013ugjmm3c81lp', 'cmhyvueax0005xvp73znpqlju', 'MAYBE'),
	('cmhz4wy4a00013ugjmm3c81lp', 'cmhyvueax0006xvp7lxudxs95', 'YES'),
	('cmk1hnpyk00026dq686ojgrdr', 'cmk1hnq0r00036dq6ymjrm7w8', 'YES'),
	('cmk1hnpyk00026dq686ojgrdr', 'cmk1hnq0r00046dq6e26kuyr2', 'YES'),
	('cmk1hnpyk00026dq686ojgrdr', 'cmk1hnq0r00056dq6zqmttqit', 'YES'),
	('cmk1hnpyk00026dq686ojgrdr', 'cmk1hnq0r00066dq68hozdets', 'YES'),
	('cmk1hnpyk00026dq686ojgrdr', 'cmk1hnq0r00076dq6yo06dmz8', 'YES'),
	('cmk1hnpyk00026dq686ojgrdr', 'cmk1hnq0r00086dq624yo5m4k', 'YES'),
	('cmk1hrbmj0003bknttmc44s3z', 'cmk1hnq0r00036dq6ymjrm7w8', 'NO'),
	('cmk1hrbmj0003bknttmc44s3z', 'cmk1hnq0r00046dq6e26kuyr2', 'NO'),
	('cmk1hrbmj0003bknttmc44s3z', 'cmk1hnq0r00056dq6zqmttqit', 'NO'),
	('cmk1hrbmj0003bknttmc44s3z', 'cmk1hnq0r00066dq68hozdets', 'YES'),
	('cmk1hrbmj0003bknttmc44s3z', 'cmk1hnq0r00076dq6yo06dmz8', 'YES'),
	('cmk1hrbmj0003bknttmc44s3z', 'cmk1hnq0r00086dq624yo5m4k', 'YES'),
	('cmk2ult4k0001lprx0aatoj09', 'cmk1hnq0r00036dq6ymjrm7w8', 'NO'),
	('cmk2ult4k0001lprx0aatoj09', 'cmk1hnq0r00046dq6e26kuyr2', 'NO'),
	('cmk2ult4k0001lprx0aatoj09', 'cmk1hnq0r00056dq6zqmttqit', 'NO'),
	('cmk2ult4k0001lprx0aatoj09', 'cmk1hnq0r00066dq68hozdets', 'NO'),
	('cmk2ult4k0001lprx0aatoj09', 'cmk1hnq0r00076dq6yo06dmz8', 'NO'),
	('cmk2ult4k0001lprx0aatoj09', 'cmk1hnq0r00086dq624yo5m4k', 'NO');


--
-- Data for Name: Invite; Type: TABLE DATA; Schema: public; Owner: postgres
--

INSERT INTO "public"."Invite" ("id", "eventId", "createdById", "createdAt", "expiresAt", "usesRemaining", "maxUses", "name") VALUES
	('cm4yr4emv0001ns6cmptzwecz', 'cm4yr32wm00005wsp82p73dmh', 'cm4yr32wo00025wsphv2hh76o', '2024-12-21 22:29:04.662', NULL, NULL, NULL, ''),
	('cm7arj3vd0001zfn792832zpp', 'cm7arilhh0000ihd2qqtwhtx4', 'cm7arilhi0002ihd25huqr6r2', '2025-02-18 17:33:09.337', NULL, NULL, NULL, ''),
	('cm7205uj20001yi4sf35nqvda', 'cm7203m590000qc1bl1jnu57e', 'cm7203m5a0002qc1bwzz4b701', '2025-02-12 14:24:51.661', NULL, NULL, NULL, 'gooners'),
	('cm5fpjm4j0001iex49pj8xod1', 'cm5fpitqc0000a67hfqeu7f8i', 'cm5fpitqd0002a67h3fyscl41', '2025-01-02 19:16:59.97', NULL, NULL, NULL, 'Presentation Party 2'),
	('cm87knwyx0001zk7qjm9ee4qz', 'cm87kk4s30000aksdjlhfgplu', 'cm87kk4s50002aksdsuoygg93', '2025-03-13 16:37:20.168', NULL, NULL, NULL, ''),
	('cm8lz1lsm00011eito05pxtxu', 'cm8lyzl9j0000efcw8l60ezt1', 'cm8lyzl9k0002efcwrmg2owwa', '2025-03-23 18:28:39.957', NULL, NULL, NULL, ''),
	('cm8nskcv4000140efxfizlpl3', 'cm8nshbqc0000n80739swshdx', 'cm8nshbqj0002n807yr24hnag', '2025-03-25 01:02:49.887', NULL, NULL, NULL, 'the atlantic journalist'),
	('cm7p9wudk00019g6tuhcyormn', 'cm7p9v9o50000e4kss1kvq5v9', 'cm7p9v9o60002e4ksizjkt5ul', '2025-02-28 21:16:29.767', NULL, NULL, NULL, ''),
	('cm7y65evg0004hio5s53oup2z', 'cm7y654kc0000hio58nrkjmhs', 'cm7y654ke0002hio5h58s9cc0', '2025-03-07 02:41:06.7', NULL, NULL, NULL, ''),
	('cm7y65mjg0006hio586tft75j', 'cm7y654kc0000hio58nrkjmhs', 'cm7y654ke0002hio5h58s9cc0', '2025-03-07 02:41:16.637', NULL, 0, 1, ''),
	('cm7y6drzy0003cemn0iab2pyg', 'cm7y6chrp0007hio5n6cd6bdn', 'cm7y6chrp0009hio5mnndmgla', '2025-03-07 02:47:36.958', NULL, NULL, NULL, 'Theia Surette'),
	('cm5byz4dn00013jeirt2spqhn', 'cm5byye5t0000fflt05mqcskk', 'cm5byye5v0002ffltkqsndp99', '2024-12-31 04:29:55.306', NULL, NULL, NULL, 'friends'),
	('cm9ezffz100018lxgxza63tw7', 'cm9ezf38o000012ma65kbooqn', 'cm9ezf38p000212makmvx9hji', '2025-04-13 01:44:44.7', NULL, NULL, NULL, 'gang'),
	('cm4g90hql0001rkb7xk1mdd6t', 'cm4g901jk0000h3kbnb3vboot', 'cm4g901jl0002h3kbf99v9o0d', '2024-12-08 23:42:17.804', NULL, NULL, NULL, 'General Invite'),
	('cm83duvzv0001z6kb6vharbz7', 'cm83dud6t0000d5jv0idvbmyb', 'cm83dud6w0002d5jv6mn8ezn9', '2025-03-10 18:15:43.482', NULL, NULL, NULL, 'Jennacord'),
	('cmk1hnx560001bknt6bugtu8k', 'cmk1hnpyi00006dq6p0j88ptm', 'cmk1hnpyk00026dq686ojgrdr', '2026-01-05 18:23:12.521', NULL, NULL, NULL, 'h'),
	('cmkg5cjng000111amllwmlkk0', 'cmkg5c0gl0000qctzypb7dxrd', 'cmkg5c0gm0002qctztyoi8o1y', '2026-01-16 00:34:59.067', NULL, 1, 1, 'Opal'),
	('cmapna20k0001oc0dzp795ef4', 'cmapn9iw50000jxyxiogk3ek1', 'cmapn9iw60002jxyxbpss9gaf', '2025-05-15 17:29:48.199', NULL, NULL, NULL, 'Jennacord'),
	('cmgsh9kcl0001q2kg4xryjsqh', 'cmgsh9aig0000u9086pjzuspt', 'cmgsh9aii0002u908n5tkl9cl', '2025-10-15 21:03:00.164', NULL, NULL, NULL, 'friendsgiving'),
	('cmbmyu5ea00018atbmdxcszuj', 'cmbmytz5b0000y0d6gnx73itf', 'cmbmytz5c0002y0d68nd9bo8a', '2025-06-08 01:09:45.297', NULL, NULL, NULL, 'gays'),
	('cmbssp68x000eitgqqsvu4ien', 'cmbssp2ha0000dakd588jnnsv', 'cmbssp2hb0002dakdu01n67d0', '2025-06-12 03:04:32.482', NULL, NULL, NULL, ''),
	('cmfbn3fsj0001hinzhrp6efdj', 'cmfbn2e2s0000pr2jecf3cgs7', 'cmfbn2e2u0002pr2j91jdrocn', '2025-09-08 21:34:24.69', NULL, NULL, NULL, 'People (tryna figure out how to send a link)'),
	('cmcy6cwud0001o3vkyi0o9kzo', 'cmcy6cimo000014fxrf0bsojq', 'cmcy6cimp000214fx7c59di45', '2025-07-11 02:05:28.26', NULL, NULL, NULL, 'Discord'),
	('cmfb6zhgt000444afs0yv0zbg', 'cmfb6z0va000044afs32iqnej', 'cmfb6z0vb000244afl2211c7i', '2025-09-08 14:03:26.381', NULL, NULL, NULL, 'Genderfuckers '),
	('cmdezxbng0001vwwzxlh9wal5', 'cmdezx0s00000zwayypj5plos', 'cmdezx0s10002zwaypcouw3cl', '2025-07-22 20:37:28.251', NULL, NULL, NULL, ''),
	('cmf9usjjg0001g20pd1smh1d1', 'cmf9ur295000093huc3trpf9n', 'cmf9ur297000293hu8lhn5j7e', '2025-09-07 15:34:20.907', NULL, NULL, NULL, 'Theia'),
	('cmeaoux5q0001yom3907s16gq', 'cmeaoupll0000cbvr3dgd7iu5', 'cmeaouplm0002cbvr2hvssa9r', '2025-08-14 00:56:17.995', NULL, NULL, NULL, 'H'),
	('cmfbuk5bd0004fah8i4c7fz04', 'cmfbujl2e0000fah8gj00evpu', 'cmfbujl2g0002fah813ryowvl', '2025-09-09 01:03:21.577', NULL, NULL, NULL, 'Fruitstand'),
	('cmfdyx1m1000110pmfvp1wj40', 'cmfdywwp00000uehmywecd977', 'cmfdywwp10002uehmtv80nojy', '2025-09-10 12:40:54.12', NULL, NULL, NULL, 'h'),
	('cmezo8mgc000e107lz17w21ny', 'cmezo7old0000107ljj3ia8v8', 'cmezo7ole0002107lmmw821yb', '2025-08-31 12:33:12.108', NULL, NULL, NULL, 'All'),
	('cmgjqxsrq0001jjj9jlv72hgw', 'cmgjqxixr0000fq3pmb16lg2v', 'cmgjqxixt0002fq3p67cqecvl', '2025-10-09 18:23:51.781', NULL, NULL, NULL, ''),
	('cmgygyzpk0002ghpdaa4l0qtp', 'cmgygytr20001hxemi7w11g8p', 'cmgygytr20003hxem68ixu9ld', '2025-10-20 01:41:23.912', NULL, NULL, NULL, ''),
	('cmgl7945h0001oknuji2p6zdy', 'cmgl78qa70003sw5tqr2l4o4o', 'cmgl78qa80005sw5tyoq6zon5', '2025-10-10 18:48:19.781', NULL, NULL, NULL, 'D&D Time'),
	('cmgvxrxi20001141emfhhfg8k', 'cmgvxrqy40000hjn50qfw45ex', 'cmgvxrqy50002hjn5uvxoq13z', '2025-10-18 07:08:29.401', NULL, NULL, NULL, ''),
	('cmh1dkrwn000eyuh5rnzpda00', 'cmh1dk9gd0000yuh5ha77co36', 'cmh1dk9ge0002yuh57rvm3qc7', '2025-10-22 02:29:40.296', NULL, NULL, NULL, 'D&D DM Availability 11/3-11/17'),
	('cmhyvul850001inz40gfe5gbq', 'cmhyvue8o0000xvp7dndqh2z6', 'cmhyvue8w0002xvp77ag0wnf6', '2025-11-14 13:17:35.092', NULL, NULL, NULL, '');


--
-- Data for Name: Post; Type: TABLE DATA; Schema: public; Owner: postgres
--

INSERT INTO "public"."Post" ("id", "createdAt", "updatedAt", "editedAt", "authorId", "eventId", "title", "content") VALUES
	('cm4ul0r51000112ccluj3rrtk', '2024-12-19 00:27:11.844', '2024-12-20 18:03:20.737', '2024-12-19 00:27:11.844', 'user_2iclMU63hXRNSSAtVCEhusch9Yu', 'cm4g901jk0000h3kbnb3vboot', 'Pizza!', '<p>So based on Amelia’s post, it seems like ppl rlly want Veggie Crust.</p><p></p><p>There’s 9 of us in total so how many pizzas should we get and which kinds do people want?</p>'),
	('cm4yrk2ew0003subgypipiund', '2024-12-21 22:41:15.32', '2024-12-21 22:41:15.32', '2024-12-21 22:41:15.32', 'user_2iclMU63hXRNSSAtVCEhusch9Yu', 'cm4yr32wm00005wsp82p73dmh', 'Here’s the plan!', '<h2 class="text-2xl font-heading" levels="2">Hey everyone!</h2><p>We will be skating at 2pm at Roller Kingdom. Admission is $16 and skate rentals are $3. You can rend quads or inline blades. If anyone doesn’t want to skate (cause ur lame), you can meet us at my apartment afterward.</p><p></p><p>Roller Kingdom is at 355 Middlesex Rd in Tyngsboro and I live at 42 Wellman St in Lowell.</p><p></p><p>We will be ordering pizza for food and there will be a separate post discussing pizza orders.</p>'),
	('cm4zpt5yy00012wo08ql6l439', '2024-12-22 14:40:06.778', '2024-12-22 14:40:06.778', '2024-12-22 14:40:06.778', 'user_2iclMU63hXRNSSAtVCEhusch9Yu', 'cm4yr32wm00005wsp82p73dmh', '+1’s', '<p>Feel free to bring a friend or two if you want. Just send them the invite link so they’re accounted for and lmk.</p>'),
	('cm53fwjfz0001t7q46gnsdxwb', '2024-12-25 05:13:52.75', '2024-12-25 05:13:52.75', '2024-12-25 05:13:52.75', 'user_2iclMU63hXRNSSAtVCEhusch9Yu', 'cm4yr32wm00005wsp82p73dmh', 'Presents', '<p>I changed my mind about the gofundme. If you wanna contribute to my roller skate fund. Just Venmo me at @tsurette</p>'),
	('cm5c0p8sh0001nusovbyfsix6', '2024-12-31 05:18:13.697', '2024-12-31 17:08:07.37', '2024-12-31 05:18:13.697', 'user_2pxOSIQe1zOYF35MUm3eVcGBHxm', 'cm5byye5t0000fflt05mqcskk', 'BLÅHAJ', '<p>&lt;TITLE&gt;</p>'),
	('cm4gex6y90001p44o8qw65h4r', '2024-12-09 02:27:41.553', '2024-12-09 22:09:18.01', '2024-12-09 03:06:06.202', 'user_2pxYwQX74hlZFq0Gq9S8jlZDzb4', 'cm4g901jk0000h3kbnb3vboot', 'What to eat?', '<h1 class="text-2xl font-heading" levels="2">Haii!!</h1><p>What should we get to eat?</p>'),
	('cm4k050cn0001ji1wn7mya0jv', '2024-12-11 14:44:56.71', '2024-12-11 14:44:56.71', '2024-12-11 14:44:56.71', 'user_2iclMU63hXRNSSAtVCEhusch9Yu', 'cm4g901jk0000h3kbnb3vboot', 'Date Selected!', '<p>The date for the watch party will be January 3rd at 6:00PM! Mark your calendars!</p>'),
	('cm5fpm626000ha67h3ej0ic9x', '2025-01-02 19:18:59.118', '2025-01-03 01:51:24.064', '2025-01-03 01:51:24.063', 'user_2pxYwQX74hlZFq0Gq9S8jlZDzb4', 'cm5fpitqc0000a67hfqeu7f8i', 'Resources', '<h3 class="text-2xl font-heading" levels="2">Here are resources to find themes for your presentations:</h3><p>(Provided by Willow from last time)</p><p>​</p><h4 class="text-2xl font-heading" levels="2">Slidesmania</h4><p>https://slidesmania.com/</p><p>​</p><h4 class="text-2xl font-heading" levels="2">Slidesgo</h4><p>https://slidesgo.com/</p>'),
	('cm5rof8hq0001h3fnv1q0pb3v', '2025-01-11 04:18:50.173', '2025-01-11 04:18:50.173', '2025-01-11 04:18:50.173', 'user_2iclMU63hXRNSSAtVCEhusch9Yu', 'cm4yr32wm00005wsp82p73dmh', 'Rescheduling :(', '<p>Unfortunately I have some sad news to share. Jenna and I have somehow caught COVID and definitely aren’t going to feel comfortable inviting a bunch of people over by the time the 18th comes around.</p><p></p><p>Because of this, I’m going to have to reschedule the party. I’ll be running another poll with some new dates.</p>'),
	('cm6jht0yq00012fiqk0fg1fgx', '2025-01-30 15:31:09.217', '2025-01-30 15:31:09.217', '2025-01-30 15:31:09.217', 'user_2iclMU63hXRNSSAtVCEhusch9Yu', 'cm4yr32wm00005wsp82p73dmh', 'It’s almost time!!', '<p>Hey hey! I can’t wait to see a bunch of y’all on Saturday!</p><p>Reminder that skating is at 2:00 at roller kingdom and the other half will be at 42 Wellman St apt 125 around 5 or 5:30.</p><p>Skating costs $19 or 16 if you have your own skates</p>'),
	('cm6tinakw0001a33k6ikull65', '2025-02-06 15:52:23.12', '2025-02-06 16:04:44.37', '2025-02-06 15:55:56.898', 'user_2pxYwQX74hlZFq0Gq9S8jlZDzb4', 'cm5fpitqc0000a67hfqeu7f8i', 'Snacks, Drinks, etc...', '<p>Reply here with anything particular you want for the party.<br>I''ll be sure to get stuff for people;)<br><br>Even if you don''t know something specific, general tastes like sweet or salty help, or specific flavors for drinks, etc.<br><br>Also, feel free to bring something if you''d like!<br><br>I don''t have any <em>substances</em> at my house, so if you wish to partake, either you will have to bring your own, or someone will have to bring some to share.</p>'),
	('cm6tiowao000111vx3356vj92', '2025-02-06 15:53:37.919', '2025-02-06 16:02:57.592', '2025-02-06 15:53:37.919', 'user_2pxYwQX74hlZFq0Gq9S8jlZDzb4', 'cm5fpitqc0000a67hfqeu7f8i', 'Food', '<p>I''m probably just going to get some pizzas unless anyone has a better idea.<br>If you have a specific place, or kind of pizza you would like lmk!<br><br>I will be sure there is a vegetarian option, as well as options that suit everyone''s dietary restrictions.</p>'),
	('cm6tiqxf8000311vx2xrsfy73', '2025-02-06 15:55:12.692', '2025-02-06 16:03:47.063', '2025-02-06 15:55:12.692', 'user_2pxYwQX74hlZFq0Gq9S8jlZDzb4', 'cm5fpitqc0000a67hfqeu7f8i', 'Sleeping Over', '<p>Folks are welcome to sleep over.<br>I can provide <em>some</em> blankets and pillows and things, but if you want to bring some of your own that would help!<br><br>If you think you might sleep over, leave a reply. I''d love a rough headcount, but if people change their minds that''s perfectly fine. Everyone is welcome to sleep over.</p>'),
	('cm6tiv66q000136mq974koyrg', '2025-02-06 15:58:30.673', '2025-02-06 16:05:39.652', '2025-02-06 15:58:30.673', 'user_2pxYwQX74hlZFq0Gq9S8jlZDzb4', 'cm5fpitqc0000a67hfqeu7f8i', 'When???', '<p>Uhhhhh ummmm uhhhhh<br>idk:3<br><br>We will wait to start the presentations until everyone who is coming has arrived.<br>People are free to start coming over as early as they want pretty much, but lets say 2PM as a hard early limit?<br><br>But I expect most people to show up around 4-6.<br>Does that sound reasonable?<br>idk.<br>ive never hosted a party before!</p>'),
	('cm73r24iw0001j3m2w6fnj8u8', '2025-02-13 19:45:33.799', '2025-02-13 20:42:46.113', '2025-02-13 19:48:09.234', 'user_2pxYwQX74hlZFq0Gq9S8jlZDzb4', 'cm7203m590000qc1bl1jnu57e', 'a concern has occured to me', '<p>id be willing to bet, at this type of event, quite a few people might want to sleep over.</p><p>.</p><p>my concern is mainly about the size of ryan''s apartment. although, im not against <strong>the pile™️</strong></p><p>.</p><p>so yeah, i guess what im advocating is either we have sober drivers hang out (like sasha. im sure sasha would <em>love</em> to hang out with a bunch of stoned people), or we brainstorm larger venues.</p><p>.</p><p>or ofc... <strong>the pile™️</strong></p>'),
	('cm73t83jh0005k3q1swcy2k9c', '2025-02-13 20:46:11.694', '2025-03-15 02:10:08.024', '2025-02-13 20:46:11.694', 'user_2pxNU8dtcBksO1LOGn5DLjhmGRi', 'cm7203m590000qc1bl1jnu57e', 'Plan C', '<p>Soneone should bring a dropper of cbd just in case anyone gets too high</p>'),
	('cm7artsz9002yihd22ve98jbj', '2025-02-18 17:41:28.437', '2025-02-18 19:21:18.326', '2025-02-18 17:41:28.437', 'user_2qXvT5BncbJT6BDHsxjCBpxDaqd', 'cm7arilhh0000ihd2qqtwhtx4', 'What should we do on our session?', '<p>We could go back to the underground city, but Lilli doesn’t indulge in city antics so we could also further explore the forest since we’ve barely done that.</p><p></p><p>Thoughts?</p>'),
	('cm7pa6gn90001tprwlnfiftgu', '2025-02-28 21:23:58.532', '2025-03-05 05:13:04.166', '2025-02-28 21:23:58.532', 'user_2qJCBirAPGiPA3s7sw2nKLxOA4J', 'cm7p9v9o50000e4kss1kvq5v9', '+1s and allergies', '<p>i''m planning on keeping this just to the betties due to the size of my apartment, but if you really want to bring a +1 give me a good argument and i''ll consider it. also, plz let me know if you have any food allergies or other dietary restrictions so i can get snacks for everybody. cheers!</p>'),
	('cm84ooc7b0004oxh55bzq8sna', '2025-03-11 16:06:19.848', '2025-03-12 11:49:56.095', '2025-03-11 16:06:19.848', 'user_2pxOSIQe1zOYF35MUm3eVcGBHxm', 'cm83dud6t0000d5jv0idvbmyb', 'On call', '<p>I’m on call for the weekend of the 22nd but can still come Just need to bring my laptop</p>'),
	('cm87kx3js000mw8os8ewf007k', '2025-03-13 16:44:28.6', '2025-03-15 02:11:10.383', '2025-03-13 16:44:28.6', 'user_2iclMU63hXRNSSAtVCEhusch9Yu', 'cm87kk4s30000aksdjlhfgplu', 'Money', '<p>Pls dm me if:</p><ul class="list-disc list-outside ml-8"><li><p>You may have trouble paying the cost of the trip but would like to attend</p></li><li><p>You would like to pay a bit extra to help anyone who may need it</p></li></ul>'),
	('cm8ndzh020001ew0mw0wx5a7q', '2025-03-24 18:14:40.849', '2025-03-24 19:19:48.983', '2025-03-24 18:14:40.849', 'user_2uEewolUDfRp3mtPudecURebPXP', 'cm87kk4s30000aksdjlhfgplu', 'Celebrations', '<p>May 8th is my birthday, and Sammy will have <em>just </em>finished her last semester and earned her degree.</p><p></p><p>We should definitely at some point celebrate those things:)</p><p></p><p>And if anyone has anything else to celebrate they should share:)</p>'),
	('cm8nsnsop00014gu1s6wjcgsd', '2025-03-25 01:05:30.359', '2025-03-25 01:05:30.359', '2025-03-25 01:05:30.359', 'user_2sM9R4fBQIoNerhMTg4FQca9ea3', 'cm8nshbqc0000n80739swshdx', '.', '<p>I am not sure the president is aware how inconsistent this is with his message on Europe right now</p>'),
	('cm9oi1o0k0001voo2yfi8heac', '2025-04-19 17:35:50.227', '2025-04-19 17:38:57.756', '2025-04-19 17:38:57.755', 'user_2pxOSIQe1zOYF35MUm3eVcGBHxm', 'cm9ezf38o000012ma65kbooqn', 'Carpooling', '<p>In case you haven''t been to my place before...the guest parking situation is usually kind of limited. So, I would recommend carpooling together if possible. Additionally, if you feel adventurous and want to take the T (and get a gold sticker), you can take the Lowell line to West Medford (https://www.mbta.com/stops/place-NHRML-0055) which is a short distance from my apartment.</p>'),
	('cm8m9hu02000194vkr2xvciae', '2025-03-23 23:21:13.249', '2025-04-28 13:54:30.746', '2025-03-23 23:21:13.249', 'user_2iclMU63hXRNSSAtVCEhusch9Yu', 'cm87kk4s30000aksdjlhfgplu', 'DATE HAS BEEN CHOSEN', '<p>The trip will be happening May 8-11. Please RSVP to let me know if you can make it, and after you do, dm me letting me know if you can afford a price tag of around $300. If that is too much, let me know roughly how much you would be able to spend.</p>'),
	('cmdf0277p0003vwwzkij0o9hi', '2025-07-22 20:41:15.781', '2025-07-23 00:58:40.096', '2025-07-22 20:41:15.781', 'user_2iclueh2BAT0p0lUhxBy0XhMelK', 'cmdezx0s00000zwayypj5plos', 'u misspelled bucyclte', '<p>u misspelled bucyclte</p>'),
	('cmbssqm200004dakdsgr8tavz', '2025-06-12 03:05:39.625', '2025-06-12 03:05:39.625', '2025-06-12 03:05:39.625', 'user_2q0j71oqqBn0ZCtnuhjfQzwUXi1', 'cmbssp2ha0000dakd588jnnsv', 'hi', '<p>kjhkjhkjh</p>'),
	('cmd53xscl00046lm1fxjzyc8j', '2025-07-15 22:32:06.598', '2025-07-15 23:03:45.967', '2025-07-15 22:32:06.598', 'user_2iclueh2BAT0p0lUhxBy0XhMelK', 'cmcy6cimo000014fxrf0bsojq', 'Date selected!!!', '<p>We doin this Friday.<br><br>How are we feeling about timing? What time should we meet up in Swampscott?</p>'),
	('cmdf03j8p0001za6cp9q5y1hw', '2025-07-22 20:42:18.024', '2025-07-22 20:42:18.024', '2025-07-22 20:42:18.024', 'user_2iclueh2BAT0p0lUhxBy0XhMelK', 'cmdezx0s00000zwayypj5plos', 'bucyclte', '<p>bottom text</p>'),
	('cmdf046tv0004kw3qxurmeohf', '2025-07-22 20:42:48.595', '2025-07-22 20:42:48.595', '2025-07-22 20:42:48.595', 'user_2iclueh2BAT0p0lUhxBy0XhMelK', 'cmdezx0s00000zwayypj5plos', 'bucyclte b', '<p><strong>real shitter s rise up</strong></p>'),
	('cmdf054nd0001q1407bxrn1ma', '2025-07-22 20:43:32.424', '2025-07-22 20:43:32.424', '2025-07-22 20:43:32.424', 'user_2iclueh2BAT0p0lUhxBy0XhMelK', 'cmdezx0s00000zwayypj5plos', 'i pooped on my bbucyclte', '<p>poop nation</p>'),
	('cmdf060xe000szwaylnghsmv8', '2025-07-22 20:44:14.259', '2025-07-22 20:44:14.259', '2025-07-22 20:44:14.259', 'user_2iclueh2BAT0p0lUhxBy0XhMelK', 'cmdezx0s00000zwayypj5plos', 'a', '<p>a</p>'),
	('cmdf06hcc0008kw3q5v0vd2zb', '2025-07-22 20:44:35.532', '2025-07-22 20:44:57.27', '2025-07-22 20:44:35.532', 'user_2iclueh2BAT0p0lUhxBy0XhMelK', 'cmdezx0s00000zwayypj5plos', 'reply to this post if you', '<p>if you</p>'),
	('cmdf07xk50005q1409sc4w4n5', '2025-07-22 20:45:43.205', '2025-07-22 20:45:43.205', '2025-07-22 20:45:43.205', 'user_2iclueh2BAT0p0lUhxBy0XhMelK', 'cmdezx0s00000zwayypj5plos', 'a', '<p>aa aaaa<br>a<br><br><strong>a</strong></p>'),
	('cmdf08ohl0009q140d56bg26n', '2025-07-22 20:46:18.106', '2025-07-23 00:58:54.382', '2025-07-22 20:46:18.106', 'user_2iclueh2BAT0p0lUhxBy0XhMelK', 'cmdezx0s00000zwayypj5plos', 'A bicycle, also called a pedal cycle, bike, push-bike or cy', '<p>A <strong>bicycle</strong>, also called a <strong>pedal cycle</strong>, <strong>bike</strong>, <strong>push-bike</strong> or <strong>cycle</strong>, is a human-powered or motor-assisted, pedal-driven, single-track vehicle, with two wheels attached to a frame, one behind the other. A bicycle rider is called a cyclist, or bicyclist.</p><p>Bicycles were introduced in the 19th century in Europe. By the early 21st century there were more than 1&nbsp;billion bicycles.[1][2] There are many more bicycles than cars.[3][4][5] Bicycles are the principal means of transport in many regions. They also provide a popular form of recreation, and have been adapted for use as children''s toys. Bicycles are used for fitness, military and police applications, courier services, bicycle racing, and artistic cycling.</p><p>The basic shape and configuration of a typical upright or "safety" bicycle, has changed little since the first chain-driven model was developed around 1885.[6][7][8] However, many details have been improved, especially since the advent of modern materials and computer-aided design. These have allowed for a proliferation of specialized designs for many types of cycling. In the 21st century, electric bicycles have become popular.</p><p>The bicycle''s invention has had an enormous effect on society, both in terms of culture and of advancing modern industrial methods. Several components that played a key role in the development of the automobile were initially invented for use in the bicycle, including ball bearings, pneumatic tires, chain-driven sprockets, and tension-spoked wheels.[9]</p>'),
	('cmhm7gqgi0001y6ar22al68iu', '2025-11-05 16:21:43.793', '2025-11-05 16:21:43.793', '2025-11-05 16:21:43.793', 'user_2iclMU63hXRNSSAtVCEhusch9Yu', 'cmgygytr20001hxemi7w11g8p', 'One Week!!!', '<p>Next Wednesday, the gays will be taking over Thirsty First! Get ready, bitches</p>'),
	('cmf9zst9o000110dapubqz76l', '2025-09-07 17:54:31.596', '2025-09-07 18:23:19.618', '2025-09-07 17:54:31.596', 'user_32LWIRyhLW8dvKuheIGYCNe1quP', 'cmf9ur295000093huc3trpf9n', 'Are we carpooling?', '<p>Hi I''m making a post I''m really good at it </p>'),
	('cmfa179r70001koqlvtw0aimh', '2025-09-07 18:33:45.762', '2025-09-07 18:33:45.762', '2025-09-07 18:33:45.762', 'user_32LWIRyhLW8dvKuheIGYCNe1quP', 'cmf9ur295000093huc3trpf9n', 'Dress code is Isle of Lesbos', '<p>Bedsheet toga let''s goooo</p>'),
	('cmfa0uhgd0005xcxfmgu5e0im', '2025-09-07 18:23:49.213', '2025-09-07 20:00:55.057', '2025-09-07 18:23:49.213', 'user_32NirbPSV4d7rQm4GeKjXrvyEP6', 'cmf9ur295000093huc3trpf9n', 'Hi friends!', '<p>I’m Erin :P </p><p>I have work until 10/10:30 on fridays so i won’t be getting there until probably 11ish ? </p><p>but i’m so excited to meet yall !!</p>'),
	('cmfbuogqh0004gzw9lakj89z9', '2025-09-09 01:06:43.001', '2025-09-09 01:48:55.717', '2025-09-09 01:06:43.001', 'user_32NbO199kC2l6n1sxyS69OHF4jU', 'cmfbujl2e0000fah8gj00evpu', 'Fit check???', '<p>Preppy? So my corduroy pants and black stripey top would be a good look?????</p>'),
	('cmfc0ser10001pii7miw252zb', '2025-09-09 03:57:44.749', '2025-09-09 17:53:27.975', '2025-09-09 03:57:44.749', 'user_32Rj4egreFNfMN6eo53Lm7oWXNY', 'cmf9ur295000093huc3trpf9n', 'Hiiiii', '<p>Excited to meet y’all! I’ll be coming from a show in Somerville right before so idk what time I’ll pull up but TRUST I will attend</p>'),
	('cmffn85xn0001h5j80d7h6utz', '2025-09-11 16:49:09.898', '2025-09-11 16:49:09.898', '2025-09-11 16:49:09.898', 'user_32LWIRyhLW8dvKuheIGYCNe1quP', 'cmf9ur295000093huc3trpf9n', 'Oop', '<p>So me, Sage, and Vic are going to Fruitstand on Saturday instead </p>'),
	('cmgzagrwh0001apxlt9d4n56j', '2025-10-20 15:27:02.464', '2025-10-24 00:37:21.24', '2025-10-20 15:27:02.464', 'user_2iclMU63hXRNSSAtVCEhusch9Yu', 'cmgygytr20001hxemi7w11g8p', 'Tell your friends!', '<p>My goal here is to get a big enough group of queers in the Lowell area together to start hosting actual events. So if you can, spread the word and invite more Merrimack Valley gays</p>');


--
-- Data for Name: Notification; Type: TABLE DATA; Schema: public; Owner: postgres
--

INSERT INTO "public"."Notification" ("id", "createdAt", "updatedAt", "personId", "type", "eventId", "postId", "read", "datetime", "authorId", "rsvp") VALUES
	('cm7vgp4qp0002xza6as3w8zhf', '2025-03-05 05:13:04.322', '2025-03-05 05:13:04.322', 'user_2tgw7KndhCmBXHvq5ptSVfXTgi5', 'NEW_REPLY', 'cm7p9v9o50000e4kss1kvq5v9', 'cm7pa6gn90001tprwlnfiftgu', false, NULL, 'user_2tgdnaonBhZgH5rAdERtV3lociH', NULL),
	('cm84plffq001lr6jm2ece85io', '2025-03-11 16:32:03.687', '2025-03-11 16:32:03.687', 'user_2qky9kslcsW1Ul1QItKSD4NtznZ', 'DATE_RESET', 'cm7arilhh0000ihd2qqtwhtx4', NULL, false, NULL, 'user_2qXvT5BncbJT6BDHsxjCBpxDaqd', NULL),
	('cm84ooc9d0005oxh5cyeme9ef', '2025-03-11 16:06:19.921', '2025-03-11 16:39:05.726', 'user_2qlYyXYE4eRckN1EF1zZOByeBjs', 'NEW_POST', 'cm83dud6t0000d5jv0idvbmyb', 'cm84ooc7b0004oxh55bzq8sna', true, NULL, 'user_2pxOSIQe1zOYF35MUm3eVcGBHxm', NULL),
	('cm84qhja5000e3chates3ztg4', '2025-03-11 16:57:01.661', '2025-03-21 07:14:37.558', 'user_2qjBm0v67GGf3FEHYG9A4f0OeD5', 'DATE_RESET', 'cm83dud6t0000d5jv0idvbmyb', NULL, true, NULL, 'user_2qlYyXYE4eRckN1EF1zZOByeBjs', NULL),
	('cm7y8l21x00021127mrmfaz03', '2025-03-07 03:49:15.813', '2025-03-07 04:46:05.809', 'user_2q0juo4kcPfzE9WkHtQgMjmyPdR', 'USER_JOINED', 'cm7y6chrp0007hio5n6cd6bdn', NULL, true, NULL, 'user_2iclMU63hXRNSSAtVCEhusch9Yu', NULL),
	('cm851j3xa00036zal1b1v2523', '2025-03-11 22:06:10.845', '2025-03-21 07:14:37.558', 'user_2qjBm0v67GGf3FEHYG9A4f0OeD5', 'DATE_CHANGED', 'cm83dud6t0000d5jv0idvbmyb', NULL, true, '2025-03-22 17:00:00', 'user_2qlYyXYE4eRckN1EF1zZOByeBjs', NULL),
	('cm9ezgvgl0002fyol4qur6zk7', '2025-04-13 01:45:51.429', '2025-04-19 17:39:00.537', 'user_2pxOSIQe1zOYF35MUm3eVcGBHxm', 'USER_JOINED', 'cm9ezf38o000012ma65kbooqn', NULL, true, NULL, 'user_2pxIlNKSih8keDNvHBki7nqmUr3', NULL),
	('cm9y70an80000ktwv7ml1yms0', '2025-04-26 12:24:32.229', '2025-04-26 12:24:32.229', 'user_2ujQHT3LPFcpWezbNgZ1D93CR7Z', 'DATE_CHOSEN', 'cm8lyzl9j0000efcw8l60ezt1', NULL, false, '2025-04-26 19:00:00', 'user_2qJCBirAPGiPA3s7sw2nKLxOA4J', NULL),
	('cm7vgp4qp0003xza6e3kxy13t', '2025-03-05 05:13:04.322', '2025-03-09 17:20:05.962', 'user_2tgdFbz4ZpdAMNoeH5ZHtOGiI6d', 'NEW_REPLY', 'cm7p9v9o50000e4kss1kvq5v9', 'cm7pa6gn90001tprwlnfiftgu', true, NULL, 'user_2tgdnaonBhZgH5rAdERtV3lociH', NULL),
	('cm851j3xa00016zalytlksx7i', '2025-03-11 22:06:10.845', '2025-03-11 22:06:10.845', 'user_2u8XaTVn8zZSY8vQzy6fMeMTSon', 'DATE_CHANGED', 'cm83dud6t0000d5jv0idvbmyb', NULL, false, '2025-03-22 17:00:00', 'user_2qlYyXYE4eRckN1EF1zZOByeBjs', NULL),
	('cm9y70an90001ktwvj0dglcue', '2025-04-26 12:24:32.229', '2025-04-26 12:24:32.229', 'user_2ujXv8tbDgbCRTLpw5mJ2oMdqz4', 'DATE_CHOSEN', 'cm8lyzl9j0000efcw8l60ezt1', NULL, false, '2025-04-26 19:00:00', 'user_2qJCBirAPGiPA3s7sw2nKLxOA4J', NULL),
	('cm851j3xa00046zalcmim4ytv', '2025-03-11 22:06:10.845', '2025-03-12 11:49:58.532', 'user_2qXvT5BncbJT6BDHsxjCBpxDaqd', 'DATE_CHANGED', 'cm83dud6t0000d5jv0idvbmyb', NULL, true, '2025-03-22 17:00:00', 'user_2qlYyXYE4eRckN1EF1zZOByeBjs', NULL),
	('cm7y6afy400027gr8l1z3oh2v', '2025-03-07 02:45:01.372', '2025-03-23 18:27:55.1', 'user_2qJCBirAPGiPA3s7sw2nKLxOA4J', 'USER_JOINED', 'cm7y654kc0000hio58nrkjmhs', NULL, true, NULL, 'user_2iclMU63hXRNSSAtVCEhusch9Yu', NULL),
	('cm9y70an90002ktwv3mwr4r3k', '2025-04-26 12:24:32.229', '2025-04-26 12:24:32.229', 'user_2uly1bOmcrAmtLqlsXxnOfDEPTI', 'DATE_CHOSEN', 'cm8lyzl9j0000efcw8l60ezt1', NULL, false, '2025-04-26 19:00:00', 'user_2qJCBirAPGiPA3s7sw2nKLxOA4J', NULL),
	('cm84ooc9d0007oxh5o5b8eosi', '2025-03-11 16:06:19.921', '2025-03-11 16:06:19.921', 'user_2u8XaTVn8zZSY8vQzy6fMeMTSon', 'NEW_POST', 'cm83dud6t0000d5jv0idvbmyb', 'cm84ooc7b0004oxh55bzq8sna', false, NULL, 'user_2pxOSIQe1zOYF35MUm3eVcGBHxm', NULL),
	('cm7y5tqmq0002128svbfvpq3c', '2025-03-07 02:32:02.067', '2025-03-23 18:28:00.774', 'user_2qJCBirAPGiPA3s7sw2nKLxOA4J', 'USER_JOINED', 'cm7p9v9o50000e4kss1kvq5v9', NULL, true, NULL, 'user_2iclMU63hXRNSSAtVCEhusch9Yu', NULL),
	('cm84qhja5000d3chapnvn4iay', '2025-03-11 16:57:01.661', '2025-03-19 04:41:54.185', 'user_2pxOSIQe1zOYF35MUm3eVcGBHxm', 'DATE_RESET', 'cm83dud6t0000d5jv0idvbmyb', NULL, true, NULL, 'user_2qlYyXYE4eRckN1EF1zZOByeBjs', NULL),
	('cm9y70an90003ktwvttrhrllw', '2025-04-26 12:24:32.229', '2025-04-26 12:24:32.229', 'user_2umgQCaiAFjWbPmEysY2D7kAlKM', 'DATE_CHOSEN', 'cm8lyzl9j0000efcw8l60ezt1', NULL, false, '2025-04-26 19:00:00', 'user_2qJCBirAPGiPA3s7sw2nKLxOA4J', NULL),
	('cm84qhja4000c3chag4szdxnp', '2025-03-11 16:57:01.661', '2025-03-11 16:57:01.661', 'user_2u8XaTVn8zZSY8vQzy6fMeMTSon', 'DATE_RESET', 'cm83dud6t0000d5jv0idvbmyb', NULL, false, NULL, 'user_2qlYyXYE4eRckN1EF1zZOByeBjs', NULL),
	('cm7vgp4qp0004xza69p9noity', '2025-03-05 05:13:04.322', '2025-03-23 18:28:17.852', 'user_2qJCBirAPGiPA3s7sw2nKLxOA4J', 'NEW_REPLY', 'cm7p9v9o50000e4kss1kvq5v9', 'cm7pa6gn90001tprwlnfiftgu', true, NULL, 'user_2tgdnaonBhZgH5rAdERtV3lociH', NULL),
	('cm851j3xa00026zalto267r0q', '2025-03-11 22:06:10.845', '2025-03-19 04:41:54.185', 'user_2pxOSIQe1zOYF35MUm3eVcGBHxm', 'DATE_CHANGED', 'cm83dud6t0000d5jv0idvbmyb', NULL, true, '2025-03-22 17:00:00', 'user_2qlYyXYE4eRckN1EF1zZOByeBjs', NULL),
	('cm9y70an90004ktwvhhlcubcl', '2025-04-26 12:24:32.229', '2025-04-26 12:24:32.229', 'user_2umgvmr8HL6154Y2D9IJ7lHavJH', 'DATE_CHOSEN', 'cm8lyzl9j0000efcw8l60ezt1', NULL, false, '2025-04-26 19:00:00', 'user_2qJCBirAPGiPA3s7sw2nKLxOA4J', NULL),
	('cm83dy7kh00022vnzuxtkp28n', '2025-03-10 18:18:18.449', '2025-03-12 05:39:06.62', 'user_2qlYyXYE4eRckN1EF1zZOByeBjs', 'USER_JOINED', 'cm83dud6t0000d5jv0idvbmyb', NULL, true, NULL, 'user_2pxIlNKSih8keDNvHBki7nqmUr3', NULL),
	('cm83ewzug00026ttox8v0i69l', '2025-03-10 18:45:21.4', '2025-03-12 05:39:06.62', 'user_2qlYyXYE4eRckN1EF1zZOByeBjs', 'USER_JOINED', 'cm83dud6t0000d5jv0idvbmyb', NULL, true, NULL, 'user_2u8XaTVn8zZSY8vQzy6fMeMTSon', NULL),
	('cm84omt8m0002oxh5128d9vfe', '2025-03-11 16:05:08.614', '2025-03-12 05:39:06.62', 'user_2qlYyXYE4eRckN1EF1zZOByeBjs', 'USER_JOINED', 'cm83dud6t0000d5jv0idvbmyb', NULL, true, NULL, 'user_2pxOSIQe1zOYF35MUm3eVcGBHxm', NULL),
	('cm84pi1270002b9qlsk1yffy9', '2025-03-11 16:29:25.087', '2025-03-12 05:39:06.62', 'user_2qlYyXYE4eRckN1EF1zZOByeBjs', 'USER_JOINED', 'cm83dud6t0000d5jv0idvbmyb', NULL, true, NULL, 'user_2qjBm0v67GGf3FEHYG9A4f0OeD5', NULL),
	('cm84rg89l0002nsrefd7h2tm8', '2025-03-11 17:24:00.346', '2025-03-12 05:39:06.62', 'user_2qlYyXYE4eRckN1EF1zZOByeBjs', 'USER_JOINED', 'cm83dud6t0000d5jv0idvbmyb', NULL, true, NULL, 'user_2qXvT5BncbJT6BDHsxjCBpxDaqd', NULL),
	('cm86bmg500005xq5i7nw6o640', '2025-03-12 19:36:28.979', '2025-03-12 19:36:28.979', 'user_2pxYwQX74hlZFq0Gq9S8jlZDzb4', 'EVENT_EDITED', 'cm7203m590000qc1bl1jnu57e', NULL, false, NULL, 'user_2pxOSIQe1zOYF35MUm3eVcGBHxm', NULL),
	('cm86bsm1y000jxq5iyh407kfr', '2025-03-12 19:41:16.583', '2025-03-12 19:41:16.583', 'user_2pxYwQX74hlZFq0Gq9S8jlZDzb4', 'DATE_RESET', 'cm7203m590000qc1bl1jnu57e', NULL, false, NULL, 'user_2pxOSIQe1zOYF35MUm3eVcGBHxm', NULL),
	('cm86bsm1y000kxq5i7co6vc1l', '2025-03-12 19:41:16.583', '2025-07-31 02:31:46.303', 'user_2qlYyXYE4eRckN1EF1zZOByeBjs', 'DATE_RESET', 'cm7203m590000qc1bl1jnu57e', NULL, true, NULL, 'user_2pxOSIQe1zOYF35MUm3eVcGBHxm', NULL),
	('cm86bmg500006xq5i1l0au799', '2025-03-12 19:36:28.979', '2025-07-31 02:31:49.687', 'user_2qlYyXYE4eRckN1EF1zZOByeBjs', 'EVENT_EDITED', 'cm7203m590000qc1bl1jnu57e', NULL, true, NULL, 'user_2pxOSIQe1zOYF35MUm3eVcGBHxm', NULL),
	('cm84plffq001jr6jm0wa1jxfw', '2025-03-11 16:32:03.687', '2025-07-31 02:31:54.89', 'user_2qlYyXYE4eRckN1EF1zZOByeBjs', 'DATE_RESET', 'cm7arilhh0000ihd2qqtwhtx4', NULL, true, NULL, 'user_2qXvT5BncbJT6BDHsxjCBpxDaqd', NULL),
	('cm7y6c5y200047gr8je4evw59', '2025-03-07 02:46:21.722', '2025-08-21 13:30:34.085', 'user_2iclMU63hXRNSSAtVCEhusch9Yu', 'USER_PROMOTED', 'cm7y654kc0000hio58nrkjmhs', NULL, true, NULL, 'user_2qJCBirAPGiPA3s7sw2nKLxOA4J', NULL),
	('cm84ooc9d0006oxh5ct8frfhv', '2025-03-11 16:06:19.921', '2025-08-31 17:03:51.106', 'user_2pxIlNKSih8keDNvHBki7nqmUr3', 'NEW_POST', 'cm83dud6t0000d5jv0idvbmyb', 'cm84ooc7b0004oxh55bzq8sna', true, NULL, 'user_2pxOSIQe1zOYF35MUm3eVcGBHxm', NULL),
	('cm8nulej60000sxhgbmsrwjml', '2025-03-25 01:59:37.938', '2025-09-06 23:08:50.213', 'user_2iclMU63hXRNSSAtVCEhusch9Yu', 'USER_RSVP', 'cm87kk4s30000aksdjlhfgplu', NULL, true, NULL, 'user_2iclueh2BAT0p0lUhxBy0XhMelK', 'NO'),
	('cmfa4bcu30003rxjzkg3vmuwe', '2025-09-07 20:00:55.227', '2025-09-07 23:39:23.167', 'user_32LWIRyhLW8dvKuheIGYCNe1quP', 'NEW_REPLY', 'cmf9ur295000093huc3trpf9n', 'cmfa0uhgd0005xcxfmgu5e0im', true, NULL, 'user_32NkBS2HRLYo7AGkEq33ZbSo7Tj', NULL),
	('cm86bmg500004xq5if141k48c', '2025-03-12 19:36:28.979', '2025-03-15 02:55:41.147', 'user_2qXu7cIYYq2504jctuGgbYP9jrd', 'EVENT_EDITED', 'cm7203m590000qc1bl1jnu57e', NULL, true, NULL, 'user_2pxOSIQe1zOYF35MUm3eVcGBHxm', NULL),
	('cm86bsm1y000ixq5iore1du12', '2025-03-12 19:41:16.583', '2025-03-15 02:55:41.147', 'user_2qXu7cIYYq2504jctuGgbYP9jrd', 'DATE_RESET', 'cm7203m590000qc1bl1jnu57e', NULL, true, NULL, 'user_2pxOSIQe1zOYF35MUm3eVcGBHxm', NULL),
	('cmgl9c3f800025v8nwndtaknf', '2025-10-10 19:46:38.037', '2025-10-20 17:05:23.394', 'user_2qky9kslcsW1Ul1QItKSD4NtznZ', 'USER_JOINED', 'cmgl78qa70003sw5tqr2l4o4o', NULL, true, NULL, 'user_2qXvT5BncbJT6BDHsxjCBpxDaqd', NULL),
	('cm86hpiaf0002f2w3zmwmktjr', '2025-03-12 22:26:49.431', '2025-03-18 15:42:46.821', 'user_2pxOSIQe1zOYF35MUm3eVcGBHxm', 'USER_JOINED', 'cm7203m590000qc1bl1jnu57e', NULL, true, NULL, 'user_2uEewolUDfRp3mtPudecURebPXP', NULL),
	('cm87kprmz000ew8osret6nkk1', '2025-03-13 16:38:46.572', '2025-03-24 01:30:24.727', 'user_2qZYvrzPvteX8RQATXArIMoxldY', 'DATE_RESET', 'cm87kk4s30000aksdjlhfgplu', NULL, true, NULL, 'user_2iclMU63hXRNSSAtVCEhusch9Yu', NULL),
	('cm9z1wr1u0002qk9dnwsu0ur0', '2025-04-27 02:49:34.962', '2025-04-27 02:49:34.962', 'user_2qky9kslcsW1Ul1QItKSD4NtznZ', 'USER_RSVP', 'cm87kk4s30000aksdjlhfgplu', NULL, false, NULL, 'user_2uEewolUDfRp3mtPudecURebPXP', 'YES'),
	('cm87kprmz000dw8os99j7ep2b', '2025-03-13 16:38:46.572', '2025-04-27 02:49:35.073', 'user_2uEewolUDfRp3mtPudecURebPXP', 'DATE_RESET', 'cm87kk4s30000aksdjlhfgplu', NULL, true, NULL, 'user_2iclMU63hXRNSSAtVCEhusch9Yu', NULL),
	('cm86bmg500003xq5iv8y065u0', '2025-03-12 19:36:28.979', '2025-03-18 18:29:06.945', 'user_2qjBm0v67GGf3FEHYG9A4f0OeD5', 'EVENT_EDITED', 'cm7203m590000qc1bl1jnu57e', NULL, true, NULL, 'user_2pxOSIQe1zOYF35MUm3eVcGBHxm', NULL),
	('cm87ksv15000kw8ospn9qio3v', '2025-03-13 16:41:10.937', '2025-03-24 01:12:02.509', 'user_2qky9kslcsW1Ul1QItKSD4NtznZ', 'USER_PROMOTED', 'cm87kk4s30000aksdjlhfgplu', NULL, true, NULL, 'user_2iclMU63hXRNSSAtVCEhusch9Yu', NULL),
	('cm86bsm1y000hxq5i2gxwfxm3', '2025-03-12 19:41:16.583', '2025-03-18 18:29:06.945', 'user_2qjBm0v67GGf3FEHYG9A4f0OeD5', 'DATE_RESET', 'cm7203m590000qc1bl1jnu57e', NULL, true, NULL, 'user_2pxOSIQe1zOYF35MUm3eVcGBHxm', NULL),
	('cm86bmg4z0000xq5ijkuzn5ip', '2025-03-12 19:36:28.979', '2025-03-18 18:32:08.713', 'user_2pxNU8dtcBksO1LOGn5DLjhmGRi', 'EVENT_EDITED', 'cm7203m590000qc1bl1jnu57e', NULL, true, NULL, 'user_2pxOSIQe1zOYF35MUm3eVcGBHxm', NULL),
	('cm86bsm1y000exq5ioqik2d6o', '2025-03-12 19:41:16.583', '2025-03-18 18:32:08.713', 'user_2pxNU8dtcBksO1LOGn5DLjhmGRi', 'DATE_RESET', 'cm7203m590000qc1bl1jnu57e', NULL, true, NULL, 'user_2pxOSIQe1zOYF35MUm3eVcGBHxm', NULL),
	('cm85uygr40002l58uu0rhihww', '2025-03-12 11:49:56.177', '2025-03-19 04:42:04.086', 'user_2pxOSIQe1zOYF35MUm3eVcGBHxm', 'NEW_REPLY', 'cm83dud6t0000d5jv0idvbmyb', 'cm84ooc7b0004oxh55bzq8sna', true, NULL, 'user_2qXvT5BncbJT6BDHsxjCBpxDaqd', NULL),
	('cmeapctk10004yom31bkq0jh2', '2025-08-14 01:10:13.153', '2025-08-15 14:06:28.722', 'user_2pxOSIQe1zOYF35MUm3eVcGBHxm', 'USER_JOINED', 'cmeaoupll0000cbvr3dgd7iu5', NULL, true, NULL, 'user_2pxIlNKSih8keDNvHBki7nqmUr3', NULL),
	('cm87kx3l8000pw8osc3c0f0vw', '2025-03-13 16:44:28.652', '2025-03-13 16:44:28.652', 'user_2qZYvrzPvteX8RQATXArIMoxldY', 'NEW_POST', 'cm87kk4s30000aksdjlhfgplu', 'cm87kx3js000mw8os8ewf007k', false, NULL, 'user_2iclMU63hXRNSSAtVCEhusch9Yu', NULL),
	('cm87kx3l8000qw8osn26s4jqm', '2025-03-13 16:44:28.652', '2025-03-13 16:44:28.652', 'user_2sM9R4fBQIoNerhMTg4FQca9ea3', 'NEW_POST', 'cm87kk4s30000aksdjlhfgplu', 'cm87kx3js000mw8os8ewf007k', false, NULL, 'user_2iclMU63hXRNSSAtVCEhusch9Yu', NULL),
	('cm89k47ma0006p0stnnb7eosx', '2025-03-15 01:57:33.189', '2025-03-27 16:49:10.814', 'user_2uEewolUDfRp3mtPudecURebPXP', 'DATE_CHOSEN', 'cm7203m590000qc1bl1jnu57e', NULL, true, '2025-03-21 22:00:00', 'user_2pxOSIQe1zOYF35MUm3eVcGBHxm', NULL),
	('cmfbrmxbh0002ex992fq7eemz', '2025-09-08 23:41:32.333', '2025-09-09 16:48:14.37', 'user_2qZYvrzPvteX8RQATXArIMoxldY', 'USER_JOINED', 'cmfbn2e2s0000pr2jecf3cgs7', NULL, true, NULL, 'user_2qjBm0v67GGf3FEHYG9A4f0OeD5', NULL),
	('cm87kx3l8000rw8osl52lufdh', '2025-03-13 16:44:28.652', '2025-03-13 16:51:54.192', 'user_2qky9kslcsW1Ul1QItKSD4NtznZ', 'NEW_POST', 'cm87kk4s30000aksdjlhfgplu', 'cm87kx3js000mw8os8ewf007k', true, NULL, 'user_2iclMU63hXRNSSAtVCEhusch9Yu', NULL),
	('cm87kx3l8000ow8ose05vbnar', '2025-03-13 16:44:28.652', '2025-03-23 19:38:17.505', 'user_2uEewolUDfRp3mtPudecURebPXP', 'NEW_POST', 'cm87kk4s30000aksdjlhfgplu', 'cm87kx3js000mw8os8ewf007k', true, NULL, 'user_2iclMU63hXRNSSAtVCEhusch9Yu', NULL),
	('cm89k47m90003p0st00hjyeja', '2025-03-15 01:57:33.189', '2025-03-18 18:29:06.945', 'user_2qjBm0v67GGf3FEHYG9A4f0OeD5', 'DATE_CHOSEN', 'cm7203m590000qc1bl1jnu57e', NULL, true, '2025-03-21 22:00:00', 'user_2pxOSIQe1zOYF35MUm3eVcGBHxm', NULL),
	('cm9z1ztjp000013b8n31v1tzy', '2025-04-27 02:51:58.166', '2025-04-27 02:51:58.166', 'user_2pxOSIQe1zOYF35MUm3eVcGBHxm', 'USER_RSVP', 'cm9ezf38o000012ma65kbooqn', NULL, false, NULL, 'user_2uEewolUDfRp3mtPudecURebPXP', 'MAYBE'),
	('cmfa4bcu30004rxjzibe31opw', '2025-09-07 20:00:55.227', '2025-09-11 16:49:31.733', 'user_32NirbPSV4d7rQm4GeKjXrvyEP6', 'NEW_REPLY', 'cmf9ur295000093huc3trpf9n', 'cmfa0uhgd0005xcxfmgu5e0im', true, NULL, 'user_32NkBS2HRLYo7AGkEq33ZbSo7Tj', NULL),
	('cm89k47m90004p0st0qzg49df', '2025-03-15 01:57:33.189', '2025-03-15 02:55:41.147', 'user_2qXu7cIYYq2504jctuGgbYP9jrd', 'DATE_CHOSEN', 'cm7203m590000qc1bl1jnu57e', NULL, true, '2025-03-21 22:00:00', 'user_2pxOSIQe1zOYF35MUm3eVcGBHxm', NULL),
	('cm9fqtvqa0002l3n91ib145fb', '2025-04-13 14:31:47.938', '2025-04-19 17:39:00.537', 'user_2pxOSIQe1zOYF35MUm3eVcGBHxm', 'USER_JOINED', 'cm9ezf38o000012ma65kbooqn', NULL, true, NULL, 'user_2uEewolUDfRp3mtPudecURebPXP', NULL),
	('cmezodex00002o6f0lp0qoxbq', '2025-08-31 12:36:55.62', '2025-09-11 12:35:42.481', 'user_2pxOSIQe1zOYF35MUm3eVcGBHxm', 'USER_JOINED', 'cmezo7old0000107ljj3ia8v8', NULL, true, NULL, 'user_2q8Br8MyR8xsueKX2v4X6xLWQrK', NULL),
	('cm89k73dc0002khn7nt2rb8hm', '2025-03-15 01:59:47.665', '2025-08-09 05:36:16.055', 'user_2iclMU63hXRNSSAtVCEhusch9Yu', 'NEW_REPLY', 'cm87kk4s30000aksdjlhfgplu', 'cm87kx3js000mw8os8ewf007k', true, NULL, 'user_2pxOSIQe1zOYF35MUm3eVcGBHxm', NULL),
	('cmfdzttzd0002vhkgs44sahhr', '2025-09-10 13:06:23.882', '2025-09-16 09:23:03.709', 'user_2pxOSIQe1zOYF35MUm3eVcGBHxm', 'USER_JOINED', 'cmfdywwp00000uehmywecd977', NULL, true, NULL, 'user_32VdFXKNsEeDm5hBfZfTvmIwoIb', NULL),
	('cmgskptcq00021rs5m9jubc7y', '2025-10-15 22:39:37.178', '2025-10-17 22:07:31.591', 'user_2pxOSIQe1zOYF35MUm3eVcGBHxm', 'USER_JOINED', 'cmgsh9aig0000u9086pjzuspt', NULL, true, NULL, 'user_2qjBm0v67GGf3FEHYG9A4f0OeD5', NULL),
	('cm87kt03c0006zk7qugmakxim', '2025-03-13 16:41:17.497', '2025-08-31 17:03:51.106', 'user_2pxIlNKSih8keDNvHBki7nqmUr3', 'USER_PROMOTED', 'cm87kk4s30000aksdjlhfgplu', NULL, true, NULL, 'user_2iclMU63hXRNSSAtVCEhusch9Yu', NULL),
	('cm89kid7n0008pvlg8t3kpsa6', '2025-03-15 02:08:33.635', '2025-08-31 17:03:51.106', 'user_2pxIlNKSih8keDNvHBki7nqmUr3', 'USER_JOINED', 'cm87kk4s30000aksdjlhfgplu', NULL, true, NULL, 'user_2qXu7cIYYq2504jctuGgbYP9jrd', NULL),
	('cm8mahkt70002h1jqrp0kvblt', '2025-03-23 23:49:00.954', '2025-08-31 17:03:51.106', 'user_2pxIlNKSih8keDNvHBki7nqmUr3', 'USER_RSVP', 'cm87kk4s30000aksdjlhfgplu', NULL, true, NULL, 'user_2qjBm0v67GGf3FEHYG9A4f0OeD5', 'YES'),
	('cm8mdgcfi0001jmvvq2bk5yhr', '2025-03-24 01:12:02.267', '2025-08-31 17:03:51.106', 'user_2pxIlNKSih8keDNvHBki7nqmUr3', 'USER_RSVP', 'cm87kk4s30000aksdjlhfgplu', NULL, true, NULL, 'user_2qky9kslcsW1Ul1QItKSD4NtznZ', 'YES'),
	('cm9z1wr1t0000qk9dxbmafs04', '2025-04-27 02:49:34.962', '2025-09-06 23:08:50.213', 'user_2iclMU63hXRNSSAtVCEhusch9Yu', 'USER_RSVP', 'cm87kk4s30000aksdjlhfgplu', NULL, true, NULL, 'user_2uEewolUDfRp3mtPudecURebPXP', 'YES'),
	('cm87kopsc0004zk7qgzx927sg', '2025-03-13 16:37:57.516', '2025-09-06 23:08:50.213', 'user_2iclMU63hXRNSSAtVCEhusch9Yu', 'USER_JOINED', 'cm87kk4s30000aksdjlhfgplu', NULL, true, NULL, 'user_2q8Br8MyR8xsueKX2v4X6xLWQrK', NULL),
	('cmgv43tt100028415qtmoipxs', '2025-10-17 17:17:56.004', '2025-10-17 17:17:56.004', 'user_2pxNU8dtcBksO1LOGn5DLjhmGRi', 'DATE_CHOSEN', 'cmgsh9aig0000u9086pjzuspt', NULL, false, '2025-12-06 22:00:00', 'user_2pxOSIQe1zOYF35MUm3eVcGBHxm', NULL),
	('cm87korm90002ynw7c8ta3c8f', '2025-03-13 16:37:59.889', '2025-09-06 23:08:50.213', 'user_2iclMU63hXRNSSAtVCEhusch9Yu', 'USER_JOINED', 'cm87kk4s30000aksdjlhfgplu', NULL, true, NULL, 'user_2uEewolUDfRp3mtPudecURebPXP', NULL),
	('cmgv43tt100038415evwcysqm', '2025-10-17 17:17:56.004', '2025-10-17 17:17:56.004', 'user_2sM9R4fBQIoNerhMTg4FQca9ea3', 'DATE_CHOSEN', 'cmgsh9aig0000u9086pjzuspt', NULL, false, '2025-12-06 22:00:00', 'user_2pxOSIQe1zOYF35MUm3eVcGBHxm', NULL),
	('cmgv43tt100048415jd1rrydq', '2025-10-17 17:17:56.004', '2025-10-17 17:18:44.268', 'user_2qjBm0v67GGf3FEHYG9A4f0OeD5', 'DATE_CHOSEN', 'cmgsh9aig0000u9086pjzuspt', NULL, true, '2025-12-06 22:00:00', 'user_2pxOSIQe1zOYF35MUm3eVcGBHxm', NULL),
	('cm89kbojq000214i5r88phuwd', '2025-03-15 02:03:21.734', '2025-04-08 16:31:09.375', 'user_2qXvT5BncbJT6BDHsxjCBpxDaqd', 'USER_JOINED', 'cm7arilhh0000ihd2qqtwhtx4', NULL, true, NULL, 'user_2qZYvrzPvteX8RQATXArIMoxldY', NULL),
	('cm89kke400009p0stbpbef99c', '2025-03-15 02:10:08.113', '2025-03-15 02:10:08.113', 'user_2pxOSIQe1zOYF35MUm3eVcGBHxm', 'NEW_REPLY', 'cm7203m590000qc1bl1jnu57e', 'cm73t83jh0005k3q1swcy2k9c', false, NULL, 'user_2pxIlNKSih8keDNvHBki7nqmUr3', NULL),
	('cm89kke40000ap0st6jdnyehz', '2025-03-15 02:10:08.113', '2025-03-15 02:10:08.113', 'user_2pxNU8dtcBksO1LOGn5DLjhmGRi', 'NEW_REPLY', 'cm7203m590000qc1bl1jnu57e', 'cm73t83jh0005k3q1swcy2k9c', false, NULL, 'user_2pxIlNKSih8keDNvHBki7nqmUr3', NULL),
	('cm89k47lx0000p0st6mnawzzb', '2025-03-15 01:57:33.189', '2025-03-18 18:32:08.713', 'user_2pxNU8dtcBksO1LOGn5DLjhmGRi', 'DATE_CHOSEN', 'cm7203m590000qc1bl1jnu57e', NULL, true, '2025-03-21 22:00:00', 'user_2pxOSIQe1zOYF35MUm3eVcGBHxm', NULL),
	('cm89kh8hc0003pvlgpv927kaa', '2025-03-15 02:07:40.849', '2025-03-15 02:07:40.849', 'user_2pxNU8dtcBksO1LOGn5DLjhmGRi', 'NEW_REPLY', 'cm7203m590000qc1bl1jnu57e', 'cm73t83jh0005k3q1swcy2k9c', false, NULL, 'user_2pxOSIQe1zOYF35MUm3eVcGBHxm', NULL),
	('cm87orxan000210brwykrro5t', '2025-03-13 18:32:25.679', '2025-09-06 23:08:50.213', 'user_2iclMU63hXRNSSAtVCEhusch9Yu', 'USER_JOINED', 'cm87kk4s30000aksdjlhfgplu', NULL, true, NULL, 'user_2pxNU8dtcBksO1LOGn5DLjhmGRi', NULL),
	('cm87uyr6v000210eew3cliyc4', '2025-03-13 21:25:42.056', '2025-09-06 23:08:50.213', 'user_2iclMU63hXRNSSAtVCEhusch9Yu', 'USER_JOINED', 'cm87kk4s30000aksdjlhfgplu', NULL, true, NULL, 'user_2qjBm0v67GGf3FEHYG9A4f0OeD5', NULL),
	('cm87orxan000310bruwe3owru', '2025-03-13 18:32:25.679', '2025-03-24 01:12:02.509', 'user_2qky9kslcsW1Ul1QItKSD4NtznZ', 'USER_JOINED', 'cm87kk4s30000aksdjlhfgplu', NULL, true, NULL, 'user_2pxNU8dtcBksO1LOGn5DLjhmGRi', NULL),
	('cm87uyr6v000310eetzqnvrhl', '2025-03-13 21:25:42.056', '2025-03-24 01:12:02.509', 'user_2qky9kslcsW1Ul1QItKSD4NtznZ', 'USER_JOINED', 'cm87kk4s30000aksdjlhfgplu', NULL, true, NULL, 'user_2qjBm0v67GGf3FEHYG9A4f0OeD5', NULL),
	('cm87y9v7o0003o83y984bhdet', '2025-03-13 22:58:19.333', '2025-03-24 01:12:02.509', 'user_2qky9kslcsW1Ul1QItKSD4NtznZ', 'USER_JOINED', 'cm87kk4s30000aksdjlhfgplu', NULL, true, NULL, 'user_2pxOSIQe1zOYF35MUm3eVcGBHxm', NULL),
	('cm88qpef40003bbfor8i3cxmh', '2025-03-14 12:14:13.313', '2025-03-24 01:12:02.509', 'user_2qky9kslcsW1Ul1QItKSD4NtznZ', 'USER_JOINED', 'cm87kk4s30000aksdjlhfgplu', NULL, true, NULL, 'user_2qXvT5BncbJT6BDHsxjCBpxDaqd', NULL),
	('cm89kid7n0007pvlgmh9myxya', '2025-03-15 02:08:33.635', '2025-03-24 01:12:02.509', 'user_2qky9kslcsW1Ul1QItKSD4NtznZ', 'USER_JOINED', 'cm87kk4s30000aksdjlhfgplu', NULL, true, NULL, 'user_2qXu7cIYYq2504jctuGgbYP9jrd', NULL),
	('cm8m1yrjy0002kb85pxetuyi6', '2025-03-23 19:50:26.302', '2025-04-26 12:24:32.596', 'user_2qJCBirAPGiPA3s7sw2nKLxOA4J', 'USER_JOINED', 'cm8lyzl9j0000efcw8l60ezt1', NULL, true, NULL, 'user_2ujQHT3LPFcpWezbNgZ1D93CR7Z', NULL),
	('cm8m47frp0002qdivykbuzrv5', '2025-03-23 20:53:10.165', '2025-04-26 12:24:32.596', 'user_2qJCBirAPGiPA3s7sw2nKLxOA4J', 'USER_JOINED', 'cm8lyzl9j0000efcw8l60ezt1', NULL, true, NULL, 'user_2ujXv8tbDgbCRTLpw5mJ2oMdqz4', NULL),
	('cmfa4bcu30002rxjz0ivmtrol', '2025-09-07 20:00:55.227', '2025-09-08 17:30:16.695', 'user_2iclMU63hXRNSSAtVCEhusch9Yu', 'NEW_REPLY', 'cmf9ur295000093huc3trpf9n', 'cmfa0uhgd0005xcxfmgu5e0im', true, NULL, 'user_32NkBS2HRLYo7AGkEq33ZbSo7Tj', NULL),
	('cm8m9ezvi000czbn4rbu0a7j7', '2025-03-23 23:19:00.892', '2025-03-27 00:34:46.563', 'user_2iclueh2BAT0p0lUhxBy0XhMelK', 'DATE_CHOSEN', 'cm87kk4s30000aksdjlhfgplu', NULL, true, '2025-05-08 23:00:00', 'user_2iclMU63hXRNSSAtVCEhusch9Yu', NULL),
	('cm8a9il770000fk19ddm8s429', '2025-03-15 13:48:34.388', '2025-03-18 15:42:46.821', 'user_2pxOSIQe1zOYF35MUm3eVcGBHxm', 'USER_RSVP', 'cm7203m590000qc1bl1jnu57e', NULL, true, NULL, 'user_2pxIlNKSih8keDNvHBki7nqmUr3', 'MAYBE'),
	('cm8acnm1r000069z3y7b3h9qz', '2025-03-15 15:16:27.616', '2025-03-18 15:42:46.821', 'user_2pxOSIQe1zOYF35MUm3eVcGBHxm', 'USER_RSVP', 'cm7203m590000qc1bl1jnu57e', NULL, true, NULL, 'user_2pxNU8dtcBksO1LOGn5DLjhmGRi', 'YES'),
	('cm8dlhaho00005lo3um2gkh7a', '2025-03-17 21:46:47.772', '2025-03-18 15:42:46.821', 'user_2pxOSIQe1zOYF35MUm3eVcGBHxm', 'USER_RSVP', 'cm7203m590000qc1bl1jnu57e', NULL, true, NULL, 'user_2uEewolUDfRp3mtPudecURebPXP', 'YES'),
	('cm8ema9ti0002kqmmc9ysavqp', '2025-03-18 14:57:06.102', '2025-03-18 15:42:46.821', 'user_2pxOSIQe1zOYF35MUm3eVcGBHxm', 'USER_JOINED', 'cm7203m590000qc1bl1jnu57e', NULL, true, NULL, 'user_2sM9R4fBQIoNerhMTg4FQca9ea3', NULL),
	('cm8emc4ld0000121mej3nnht9', '2025-03-18 14:58:32.642', '2025-03-18 15:42:46.821', 'user_2pxOSIQe1zOYF35MUm3eVcGBHxm', 'USER_RSVP', 'cm7203m590000qc1bl1jnu57e', NULL, true, NULL, 'user_2sM9R4fBQIoNerhMTg4FQca9ea3', 'YES'),
	('cm8etuwwx000010kjonjk3vp9', '2025-03-18 18:29:06.465', '2025-03-18 18:29:06.465', 'user_2pxOSIQe1zOYF35MUm3eVcGBHxm', 'USER_RSVP', 'cm7203m590000qc1bl1jnu57e', NULL, false, NULL, 'user_2qjBm0v67GGf3FEHYG9A4f0OeD5', 'YES'),
	('cm8m9ezvi0007zbn4y64nmf3g', '2025-03-23 23:19:00.892', '2025-04-28 13:54:42.489', 'user_2qjBm0v67GGf3FEHYG9A4f0OeD5', 'DATE_CHOSEN', 'cm87kk4s30000aksdjlhfgplu', NULL, true, '2025-05-08 23:00:00', 'user_2iclMU63hXRNSSAtVCEhusch9Yu', NULL),
	('cm8m9ezvi0009zbn4xflgt8r4', '2025-03-23 23:19:00.892', '2025-04-15 11:58:38.506', 'user_2qXvT5BncbJT6BDHsxjCBpxDaqd', 'DATE_CHOSEN', 'cm87kk4s30000aksdjlhfgplu', NULL, true, '2025-05-08 23:00:00', 'user_2iclMU63hXRNSSAtVCEhusch9Yu', NULL),
	('cm8j4zcv90000y01ggisro9rk', '2025-03-21 18:51:34.245', '2025-03-21 18:51:34.245', 'user_2pxOSIQe1zOYF35MUm3eVcGBHxm', 'USER_RSVP', 'cm7203m590000qc1bl1jnu57e', NULL, false, NULL, 'user_2sM9R4fBQIoNerhMTg4FQca9ea3', 'NO'),
	('cm9fqvbno0002e42c5ws8wsui', '2025-04-13 14:32:55.237', '2025-04-19 17:39:00.537', 'user_2pxOSIQe1zOYF35MUm3eVcGBHxm', 'USER_JOINED', 'cm9ezf38o000012ma65kbooqn', NULL, true, NULL, 'user_2iclMU63hXRNSSAtVCEhusch9Yu', NULL),
	('cm8m9ezvi000dzbn48qvhgom7', '2025-03-23 23:19:00.892', '2025-03-24 15:42:45.9', 'user_2qJCBirAPGiPA3s7sw2nKLxOA4J', 'DATE_CHOSEN', 'cm87kk4s30000aksdjlhfgplu', NULL, true, '2025-05-08 23:00:00', 'user_2iclMU63hXRNSSAtVCEhusch9Yu', NULL),
	('cm8m9ezvi0001zbn4odf6nh4h', '2025-03-23 23:19:00.892', '2025-04-27 02:49:35.073', 'user_2uEewolUDfRp3mtPudecURebPXP', 'DATE_CHOSEN', 'cm87kk4s30000aksdjlhfgplu', NULL, true, '2025-05-08 23:00:00', 'user_2iclMU63hXRNSSAtVCEhusch9Yu', NULL),
	('cm8m9ezvi0006zbn4gbtj18i5', '2025-03-23 23:19:00.892', '2025-05-03 01:38:20.293', 'user_2pxNU8dtcBksO1LOGn5DLjhmGRi', 'DATE_CHOSEN', 'cm87kk4s30000aksdjlhfgplu', NULL, true, '2025-05-08 23:00:00', 'user_2iclMU63hXRNSSAtVCEhusch9Yu', NULL),
	('cm8m9ezvi0002zbn4jbcyp0rk', '2025-03-23 23:19:00.892', '2025-03-24 01:30:24.727', 'user_2qZYvrzPvteX8RQATXArIMoxldY', 'DATE_CHOSEN', 'cm87kk4s30000aksdjlhfgplu', NULL, true, '2025-05-08 23:00:00', 'user_2iclMU63hXRNSSAtVCEhusch9Yu', NULL),
	('cm8m9ezvi000azbn44dh14e5k', '2025-03-23 23:19:00.892', '2025-04-29 18:40:42.378', 'user_2qXu7cIYYq2504jctuGgbYP9jrd', 'DATE_CHOSEN', 'cm87kk4s30000aksdjlhfgplu', NULL, true, '2025-05-08 23:00:00', 'user_2iclMU63hXRNSSAtVCEhusch9Yu', NULL),
	('cma1chgwg000211xkrx4crw7j', '2025-04-28 17:21:10.096', '2025-04-28 17:21:10.096', 'user_2pxOSIQe1zOYF35MUm3eVcGBHxm', 'USER_JOINED', 'cm9ezf38o000012ma65kbooqn', NULL, false, NULL, 'user_2q8Br8MyR8xsueKX2v4X6xLWQrK', NULL),
	('cmeap3sfe00026njzw9y7bdss', '2025-08-14 01:03:11.787', '2025-08-15 14:06:28.722', 'user_2pxOSIQe1zOYF35MUm3eVcGBHxm', 'USER_JOINED', 'cmeaoupll0000cbvr3dgd7iu5', NULL, true, NULL, 'user_2zi3efgsNvTa2mr0AMyKPK0iBDK', NULL),
	('cmf9utqhz0004g20pt79h2225', '2025-09-07 15:35:16.583', '2025-09-11 16:49:12.183', 'user_32LWIRyhLW8dvKuheIGYCNe1quP', 'USER_JOINED', 'cmf9ur295000093huc3trpf9n', NULL, true, NULL, 'user_2iclMU63hXRNSSAtVCEhusch9Yu', NULL),
	('cm8ifz7hj0000nkwf0ei4y6ql', '2025-03-21 07:11:36.872', '2025-07-31 02:31:37.183', 'user_2qlYyXYE4eRckN1EF1zZOByeBjs', 'USER_RSVP', 'cm83dud6t0000d5jv0idvbmyb', NULL, true, NULL, 'user_2qjBm0v67GGf3FEHYG9A4f0OeD5', 'NO'),
	('cm8bpovoh0000igvwae8549jh', '2025-03-16 14:09:07.937', '2025-07-31 02:31:39.715', 'user_2qlYyXYE4eRckN1EF1zZOByeBjs', 'USER_RSVP', 'cm83dud6t0000d5jv0idvbmyb', NULL, true, NULL, 'user_2pxOSIQe1zOYF35MUm3eVcGBHxm', 'YES'),
	('cm8a9izbb000014918axmjfox', '2025-03-15 13:48:52.68', '2025-07-31 02:31:41.46', 'user_2qlYyXYE4eRckN1EF1zZOByeBjs', 'USER_RSVP', 'cm83dud6t0000d5jv0idvbmyb', NULL, true, NULL, 'user_2pxIlNKSih8keDNvHBki7nqmUr3', 'YES'),
	('cm89k47ma0005p0st9tdtr2uj', '2025-03-15 01:57:33.189', '2025-07-31 02:31:44.356', 'user_2qlYyXYE4eRckN1EF1zZOByeBjs', 'DATE_CHOSEN', 'cm7203m590000qc1bl1jnu57e', NULL, true, '2025-03-21 22:00:00', 'user_2pxOSIQe1zOYF35MUm3eVcGBHxm', NULL),
	('cm87uyr6v000410eepdmyx0tx', '2025-03-13 21:25:42.056', '2025-08-31 17:03:51.106', 'user_2pxIlNKSih8keDNvHBki7nqmUr3', 'USER_JOINED', 'cm87kk4s30000aksdjlhfgplu', NULL, true, NULL, 'user_2qjBm0v67GGf3FEHYG9A4f0OeD5', NULL),
	('cmezqd82v0002v596pypinxzh', '2025-08-31 13:32:45.992', '2025-09-11 12:35:42.481', 'user_2pxOSIQe1zOYF35MUm3eVcGBHxm', 'USER_JOINED', 'cmezo7old0000107ljj3ia8v8', NULL, true, NULL, 'user_2pxIlNKSih8keDNvHBki7nqmUr3', NULL),
	('cm87y9v7o0002o83yamtlu4op', '2025-03-13 22:58:19.333', '2025-09-06 23:08:50.213', 'user_2iclMU63hXRNSSAtVCEhusch9Yu', 'USER_JOINED', 'cm87kk4s30000aksdjlhfgplu', NULL, true, NULL, 'user_2pxOSIQe1zOYF35MUm3eVcGBHxm', NULL),
	('cm8ahxpua0003yi8toacf7knl', '2025-03-15 17:44:17.17', '2025-03-24 01:12:02.509', 'user_2qky9kslcsW1Ul1QItKSD4NtznZ', 'USER_JOINED', 'cm87kk4s30000aksdjlhfgplu', NULL, true, NULL, 'user_2qdBkHvtNG7it25tGKwVfu1IHu0', NULL),
	('cm8m9ezvi0008zbn4d4gu3ph7', '2025-03-23 23:19:00.892', '2025-05-02 00:26:13.444', 'user_2pxOSIQe1zOYF35MUm3eVcGBHxm', 'DATE_CHOSEN', 'cm87kk4s30000aksdjlhfgplu', NULL, true, '2025-05-08 23:00:00', 'user_2iclMU63hXRNSSAtVCEhusch9Yu', NULL),
	('cm8cgfzh00003oz4kiyqnddwf', '2025-03-17 02:38:02.581', '2025-03-24 01:12:02.509', 'user_2qky9kslcsW1Ul1QItKSD4NtznZ', 'USER_JOINED', 'cm87kk4s30000aksdjlhfgplu', NULL, true, NULL, 'user_2iclueh2BAT0p0lUhxBy0XhMelK', NULL),
	('cm8m39hum0003fpz2vm19ksz5', '2025-03-23 20:26:46.559', '2025-03-24 01:12:02.509', 'user_2qky9kslcsW1Ul1QItKSD4NtznZ', 'USER_JOINED', 'cm87kk4s30000aksdjlhfgplu', NULL, true, NULL, 'user_2qJCBirAPGiPA3s7sw2nKLxOA4J', NULL),
	('cm8m9ezvi0004zbn4nvkljnkn', '2025-03-23 23:19:00.892', '2025-03-24 01:12:02.509', 'user_2qky9kslcsW1Ul1QItKSD4NtznZ', 'DATE_CHOSEN', 'cm87kk4s30000aksdjlhfgplu', NULL, true, '2025-05-08 23:00:00', 'user_2iclMU63hXRNSSAtVCEhusch9Yu', NULL),
	('cm8m9ezvi0003zbn4nyivohf6', '2025-03-23 23:19:00.892', '2025-03-24 02:36:21.256', 'user_2sM9R4fBQIoNerhMTg4FQca9ea3', 'DATE_CHOSEN', 'cm87kk4s30000aksdjlhfgplu', NULL, true, '2025-05-08 23:00:00', 'user_2iclMU63hXRNSSAtVCEhusch9Yu', NULL),
	('cm8m9ezvi000bzbn4eieomnm8', '2025-03-23 23:19:00.892', '2025-03-25 02:00:05.769', 'user_2qdBkHvtNG7it25tGKwVfu1IHu0', 'DATE_CHOSEN', 'cm87kk4s30000aksdjlhfgplu', NULL, true, '2025-05-08 23:00:00', 'user_2iclMU63hXRNSSAtVCEhusch9Yu', NULL),
	('cm8m9hu2l000894vkt5wff1dg', '2025-03-23 23:21:13.341', '2025-05-03 01:38:53.621', 'user_2pxNU8dtcBksO1LOGn5DLjhmGRi', 'NEW_POST', 'cm87kk4s30000aksdjlhfgplu', 'cm8m9hu02000194vkr2xvciae', true, NULL, 'user_2iclMU63hXRNSSAtVCEhusch9Yu', NULL),
	('cm8m9hu2l000994vk2kqk8scm', '2025-03-23 23:21:13.341', '2025-04-28 13:54:31.186', 'user_2qjBm0v67GGf3FEHYG9A4f0OeD5', 'NEW_POST', 'cm87kk4s30000aksdjlhfgplu', 'cm8m9hu02000194vkr2xvciae', true, NULL, 'user_2iclMU63hXRNSSAtVCEhusch9Yu', NULL),
	('cm8m9hu2l000494vkk85vprpv', '2025-03-23 23:21:13.341', '2025-03-23 23:21:13.341', 'user_2qZYvrzPvteX8RQATXArIMoxldY', 'NEW_POST', 'cm87kk4s30000aksdjlhfgplu', 'cm8m9hu02000194vkr2xvciae', false, NULL, 'user_2iclMU63hXRNSSAtVCEhusch9Yu', NULL),
	('cm8m9hu2l000594vkkm05dmb9', '2025-03-23 23:21:13.341', '2025-03-23 23:21:13.341', 'user_2sM9R4fBQIoNerhMTg4FQca9ea3', 'NEW_POST', 'cm87kk4s30000aksdjlhfgplu', 'cm8m9hu02000194vkr2xvciae', false, NULL, 'user_2iclMU63hXRNSSAtVCEhusch9Yu', NULL),
	('cm8m9hu2l000a94vk0pwb4vgi', '2025-03-23 23:21:13.341', '2025-03-23 23:21:13.341', 'user_2pxOSIQe1zOYF35MUm3eVcGBHxm', 'NEW_POST', 'cm87kk4s30000aksdjlhfgplu', 'cm8m9hu02000194vkr2xvciae', false, NULL, 'user_2iclMU63hXRNSSAtVCEhusch9Yu', NULL),
	('cm8m9hu2l000d94vkop6n064n', '2025-03-23 23:21:13.341', '2025-03-23 23:21:13.341', 'user_2qdBkHvtNG7it25tGKwVfu1IHu0', 'NEW_POST', 'cm87kk4s30000aksdjlhfgplu', 'cm8m9hu02000194vkr2xvciae', false, NULL, 'user_2iclMU63hXRNSSAtVCEhusch9Yu', NULL),
	('cma1ci88t000311xklz0c3brc', '2025-04-28 17:21:45.533', '2025-04-28 17:21:45.533', 'user_2pxOSIQe1zOYF35MUm3eVcGBHxm', 'USER_RSVP', 'cm9ezf38o000012ma65kbooqn', NULL, false, NULL, 'user_2q8Br8MyR8xsueKX2v4X6xLWQrK', 'YES'),
	('cm8m9hu2l000f94vk5bmaxzus', '2025-03-23 23:21:13.341', '2025-03-23 23:36:08.407', 'user_2qJCBirAPGiPA3s7sw2nKLxOA4J', 'NEW_POST', 'cm87kk4s30000aksdjlhfgplu', 'cm8m9hu02000194vkr2xvciae', true, NULL, 'user_2iclMU63hXRNSSAtVCEhusch9Yu', NULL),
	('cm88qpef40002bbfovpsihd7v', '2025-03-14 12:14:13.313', '2025-09-06 23:08:50.213', 'user_2iclMU63hXRNSSAtVCEhusch9Yu', 'USER_JOINED', 'cm87kk4s30000aksdjlhfgplu', NULL, true, NULL, 'user_2qXvT5BncbJT6BDHsxjCBpxDaqd', NULL),
	('cm8m9hu2l000b94vkjy4kflf8', '2025-03-23 23:21:13.341', '2025-04-08 16:29:50.163', 'user_2qXvT5BncbJT6BDHsxjCBpxDaqd', 'NEW_POST', 'cm87kk4s30000aksdjlhfgplu', 'cm8m9hu02000194vkr2xvciae', true, NULL, 'user_2iclMU63hXRNSSAtVCEhusch9Yu', NULL),
	('cm8me3z0m0002lmrroudqtfu8', '2025-03-24 01:30:24.645', '2025-03-24 01:30:24.645', 'user_2qky9kslcsW1Ul1QItKSD4NtznZ', 'USER_RSVP', 'cm87kk4s30000aksdjlhfgplu', NULL, false, NULL, 'user_2qZYvrzPvteX8RQATXArIMoxldY', 'NO'),
	('cmffn862d0002h5j8po4399ok', '2025-09-11 16:49:10.069', '2025-09-11 17:17:28.485', 'user_2iclMU63hXRNSSAtVCEhusch9Yu', 'NEW_POST', 'cmf9ur295000093huc3trpf9n', 'cmffn85xn0001h5j80d7h6utz', true, NULL, 'user_32LWIRyhLW8dvKuheIGYCNe1quP', NULL),
	('cmelfvn8r0000e3ib7x0jm2w8', '2025-08-21 13:30:23.212', '2025-08-21 13:30:23.212', 'user_2q0juo4kcPfzE9WkHtQgMjmyPdR', 'USER_LEFT', 'cm7y6chrp0007hio5n6cd6bdn', NULL, false, NULL, 'user_2iclMU63hXRNSSAtVCEhusch9Yu', NULL),
	('cmelfw04d0001e3ib7xgmeetj', '2025-08-21 13:30:39.901', '2025-08-21 13:30:39.901', 'user_2qJCBirAPGiPA3s7sw2nKLxOA4J', 'USER_LEFT', 'cm7y654kc0000hio58nrkjmhs', NULL, false, NULL, 'user_2iclMU63hXRNSSAtVCEhusch9Yu', NULL),
	('cm9fqvsi000027rjoaewllfgv', '2025-04-13 14:33:17.065', '2025-04-19 17:39:00.537', 'user_2pxOSIQe1zOYF35MUm3eVcGBHxm', 'USER_JOINED', 'cm9ezf38o000012ma65kbooqn', NULL, true, NULL, 'user_2qXu7cIYYq2504jctuGgbYP9jrd', NULL),
	('cm9fr87m40002xey14s8f7f35', '2025-04-13 14:42:56.524', '2025-04-19 17:39:00.537', 'user_2pxOSIQe1zOYF35MUm3eVcGBHxm', 'USER_JOINED', 'cm9ezf38o000012ma65kbooqn', NULL, true, NULL, 'user_2sM9R4fBQIoNerhMTg4FQca9ea3', NULL),
	('cm8mea3lp00024aqpev9qv8bb', '2025-03-24 01:35:10.524', '2025-03-24 01:35:10.524', 'user_2qky9kslcsW1Ul1QItKSD4NtznZ', 'USER_RSVP', 'cm87kk4s30000aksdjlhfgplu', NULL, false, NULL, 'user_2qJCBirAPGiPA3s7sw2nKLxOA4J', 'NO'),
	('cmezxez4u000213wb8quds1zm', '2025-08-31 16:50:05.022', '2025-09-11 12:35:42.481', 'user_2pxOSIQe1zOYF35MUm3eVcGBHxm', 'USER_JOINED', 'cmezo7old0000107ljj3ia8v8', NULL, true, NULL, 'user_2qXt7LzZ0LOmwKl2JE69DwLedP8', NULL),
	('cm8m9hu2l000394vkplqz6j7d', '2025-03-23 23:21:13.341', '2025-03-24 18:45:28.472', 'user_2uEewolUDfRp3mtPudecURebPXP', 'NEW_POST', 'cm87kk4s30000aksdjlhfgplu', 'cm8m9hu02000194vkr2xvciae', true, NULL, 'user_2iclMU63hXRNSSAtVCEhusch9Yu', NULL),
	('cm8m9hu2l000e94vk7lui7x37', '2025-03-23 23:21:13.341', '2025-03-25 01:23:06.105', 'user_2iclueh2BAT0p0lUhxBy0XhMelK', 'NEW_POST', 'cm87kk4s30000aksdjlhfgplu', 'cm8m9hu02000194vkr2xvciae', true, NULL, 'user_2iclMU63hXRNSSAtVCEhusch9Yu', NULL),
	('cmfbuogui0005gzw9qv93q11s', '2025-09-09 01:06:43.146', '2025-09-09 01:48:56.329', 'user_32LWIRyhLW8dvKuheIGYCNe1quP', 'NEW_POST', 'cmfbujl2e0000fah8gj00evpu', 'cmfbuogqh0004gzw9lakj89z9', true, NULL, 'user_32NbO199kC2l6n1sxyS69OHF4jU', NULL),
	('cm8m9hu2l000694vk2h5l4x4h', '2025-03-23 23:21:13.341', '2025-03-24 01:11:44.95', 'user_2qky9kslcsW1Ul1QItKSD4NtznZ', 'NEW_POST', 'cm87kk4s30000aksdjlhfgplu', 'cm8m9hu02000194vkr2xvciae', true, NULL, 'user_2iclMU63hXRNSSAtVCEhusch9Yu', NULL),
	('cm8mahkt70001h1jquk3lushl', '2025-03-23 23:49:00.954', '2025-03-24 01:12:02.509', 'user_2qky9kslcsW1Ul1QItKSD4NtznZ', 'USER_RSVP', 'cm87kk4s30000aksdjlhfgplu', NULL, true, NULL, 'user_2qjBm0v67GGf3FEHYG9A4f0OeD5', 'YES'),
	('cm8m9uuox00013l2ux268zazs', '2025-03-23 23:31:20.656', '2025-03-24 01:12:02.509', 'user_2qky9kslcsW1Ul1QItKSD4NtznZ', 'USER_RSVP', 'cm87kk4s30000aksdjlhfgplu', NULL, true, NULL, 'user_2uEewolUDfRp3mtPudecURebPXP', 'YES'),
	('cm8ma4ajl00043l2u2i7r0q2e', '2025-03-23 23:38:41.121', '2025-03-24 01:12:02.509', 'user_2qky9kslcsW1Ul1QItKSD4NtznZ', 'USER_RSVP', 'cm87kk4s30000aksdjlhfgplu', NULL, true, NULL, 'user_2qXvT5BncbJT6BDHsxjCBpxDaqd', 'YES'),
	('cm8ma4hes0001wuog2eyottod', '2025-03-23 23:38:50.018', '2025-03-24 01:12:02.509', 'user_2qky9kslcsW1Ul1QItKSD4NtznZ', 'USER_RSVP', 'cm87kk4s30000aksdjlhfgplu', NULL, true, NULL, 'user_2pxNU8dtcBksO1LOGn5DLjhmGRi', 'YES'),
	('cm851j3x800006zal6srj2yig', '2025-03-11 22:06:10.845', '2025-08-31 17:03:51.106', 'user_2pxIlNKSih8keDNvHBki7nqmUr3', 'DATE_CHANGED', 'cm83dud6t0000d5jv0idvbmyb', NULL, true, '2025-03-22 17:00:00', 'user_2qlYyXYE4eRckN1EF1zZOByeBjs', NULL),
	('cm84qhja4000b3cha2zczdbvt', '2025-03-11 16:57:01.661', '2025-08-31 17:03:51.106', 'user_2pxIlNKSih8keDNvHBki7nqmUr3', 'DATE_RESET', 'cm83dud6t0000d5jv0idvbmyb', NULL, true, NULL, 'user_2qlYyXYE4eRckN1EF1zZOByeBjs', NULL),
	('cmf9z1zt70000m1nmew34vvwq', '2025-09-07 17:33:40.363', '2025-09-11 16:49:12.183', 'user_32LWIRyhLW8dvKuheIGYCNe1quP', 'USER_RSVP', 'cmf9ur295000093huc3trpf9n', NULL, true, NULL, 'user_2iclMU63hXRNSSAtVCEhusch9Yu', 'YES'),
	('cmffn862d0003h5j8zl6a9zdk', '2025-09-11 16:49:10.069', '2025-09-11 16:49:10.069', 'user_32NbO199kC2l6n1sxyS69OHF4jU', 'NEW_POST', 'cmf9ur295000093huc3trpf9n', 'cmffn85xn0001h5j80d7h6utz', false, NULL, 'user_32LWIRyhLW8dvKuheIGYCNe1quP', NULL),
	('cmfbk4q0v0002f8x2buh1f1sv', '2025-09-08 20:11:25.76', '2025-09-16 22:11:12.217', 'user_32LWIRyhLW8dvKuheIGYCNe1quP', 'USER_JOINED', 'cmfb6z0va000044afs32iqnej', NULL, true, NULL, 'user_2iclMU63hXRNSSAtVCEhusch9Yu', NULL),
	('cm8mahmqt0001dr2s9jpq98ze', '2025-03-23 23:49:03.444', '2025-03-24 01:12:02.509', 'user_2qky9kslcsW1Ul1QItKSD4NtznZ', 'USER_RSVP', 'cm87kk4s30000aksdjlhfgplu', NULL, true, NULL, 'user_2pxIlNKSih8keDNvHBki7nqmUr3', 'YES'),
	('cm8m9hu2l000c94vk62yz6aej', '2025-03-23 23:21:13.341', '2025-03-24 23:32:52.038', 'user_2qXu7cIYYq2504jctuGgbYP9jrd', 'NEW_POST', 'cm87kk4s30000aksdjlhfgplu', 'cm8m9hu02000194vkr2xvciae', true, NULL, 'user_2iclMU63hXRNSSAtVCEhusch9Yu', NULL),
	('cmf9zstdy000210datyyaoat5', '2025-09-07 17:54:31.751', '2025-09-08 11:34:51.189', 'user_2iclMU63hXRNSSAtVCEhusch9Yu', 'NEW_POST', 'cmf9ur295000093huc3trpf9n', 'cmf9zst9o000110dapubqz76l', true, NULL, 'user_32LWIRyhLW8dvKuheIGYCNe1quP', NULL),
	('cm8mevmy70002ho8j3u3v2n47', '2025-03-24 01:51:55.374', '2025-03-24 01:51:55.374', 'user_2qky9kslcsW1Ul1QItKSD4NtznZ', 'USER_RSVP', 'cm87kk4s30000aksdjlhfgplu', NULL, false, NULL, 'user_2pxOSIQe1zOYF35MUm3eVcGBHxm', 'YES'),
	('cm8mggrms0002sskdn9ql0ajy', '2025-03-24 02:36:20.823', '2025-03-24 02:36:20.823', 'user_2qky9kslcsW1Ul1QItKSD4NtznZ', 'USER_RSVP', 'cm87kk4s30000aksdjlhfgplu', NULL, false, NULL, 'user_2sM9R4fBQIoNerhMTg4FQca9ea3', 'YES'),
	('cm8mxs2oy0002p7g9qwpyvgo1', '2025-03-24 10:41:01.857', '2025-03-24 10:41:01.857', 'user_2qky9kslcsW1Ul1QItKSD4NtznZ', 'USER_RSVP', 'cm87kk4s30000aksdjlhfgplu', NULL, false, NULL, 'user_2q8Br8MyR8xsueKX2v4X6xLWQrK', 'NO'),
	('cm89kid7n0006pvlgmw01a53o', '2025-03-15 02:08:33.635', '2025-09-06 23:08:50.213', 'user_2iclMU63hXRNSSAtVCEhusch9Yu', 'USER_JOINED', 'cm87kk4s30000aksdjlhfgplu', NULL, true, NULL, 'user_2qXu7cIYYq2504jctuGgbYP9jrd', NULL),
	('cm9ohltp70004l55o3kdz17db', '2025-04-19 17:23:31.098', '2025-04-19 17:23:31.098', 'user_2sM9R4fBQIoNerhMTg4FQca9ea3', 'DATE_CHOSEN', 'cm9ezf38o000012ma65kbooqn', NULL, false, '2025-05-25 18:00:00', 'user_2pxOSIQe1zOYF35MUm3eVcGBHxm', NULL),
	('cm9ohltp60001l55ornj1g85m', '2025-04-19 17:23:31.098', '2025-04-27 12:53:30.345', 'user_2uEewolUDfRp3mtPudecURebPXP', 'DATE_CHOSEN', 'cm9ezf38o000012ma65kbooqn', NULL, true, '2025-05-25 18:00:00', 'user_2pxOSIQe1zOYF35MUm3eVcGBHxm', NULL),
	('cma2uslf30000xmu476v2qo6l', '2025-04-29 18:41:28.432', '2025-04-29 18:41:28.432', 'user_2pxOSIQe1zOYF35MUm3eVcGBHxm', 'USER_RSVP', 'cm9ezf38o000012ma65kbooqn', NULL, false, NULL, 'user_2qXu7cIYYq2504jctuGgbYP9jrd', 'YES'),
	('cm9ohltp70003l55oeiz55q70', '2025-04-19 17:23:31.098', '2025-04-29 18:41:28.549', 'user_2qXu7cIYYq2504jctuGgbYP9jrd', 'DATE_CHOSEN', 'cm9ezf38o000012ma65kbooqn', NULL, true, '2025-05-25 18:00:00', 'user_2pxOSIQe1zOYF35MUm3eVcGBHxm', NULL),
	('cm8m9uuog00003l2ujoozpqak', '2025-03-23 23:31:20.656', '2025-09-06 23:08:50.213', 'user_2iclMU63hXRNSSAtVCEhusch9Yu', 'USER_RSVP', 'cm87kk4s30000aksdjlhfgplu', NULL, true, NULL, 'user_2uEewolUDfRp3mtPudecURebPXP', 'YES'),
	('cmelfvs610000sysurv1lad3t', '2025-08-21 13:30:29.594', '2025-08-21 13:30:29.594', 'user_2q0j71oqqBn0ZCtnuhjfQzwUXi1', 'USER_LEFT', 'cmbssp2ha0000dakd588jnnsv', NULL, false, NULL, 'user_2iclMU63hXRNSSAtVCEhusch9Yu', NULL),
	('cm8ndzh1o0002ew0m590hr019', '2025-03-24 18:14:40.909', '2025-04-08 18:41:54.91', 'user_2iclMU63hXRNSSAtVCEhusch9Yu', 'NEW_POST', 'cm87kk4s30000aksdjlhfgplu', 'cm8ndzh020001ew0mw0wx5a7q', true, NULL, 'user_2uEewolUDfRp3mtPudecURebPXP', NULL),
	('cm8ndzh1o0005ew0m0hldifv2', '2025-03-24 18:14:40.909', '2025-03-24 23:33:14.018', 'user_2qXu7cIYYq2504jctuGgbYP9jrd', 'NEW_POST', 'cm87kk4s30000aksdjlhfgplu', 'cm8ndzh020001ew0mw0wx5a7q', true, NULL, 'user_2uEewolUDfRp3mtPudecURebPXP', NULL),
	('cm8ndzh1o0003ew0m4b66h9vr', '2025-03-24 18:14:40.909', '2025-03-24 18:14:40.909', 'user_2pxOSIQe1zOYF35MUm3eVcGBHxm', 'NEW_POST', 'cm87kk4s30000aksdjlhfgplu', 'cm8ndzh020001ew0mw0wx5a7q', false, NULL, 'user_2uEewolUDfRp3mtPudecURebPXP', NULL),
	('cm8ndzh1o0004ew0mepv897a3', '2025-03-24 18:14:40.909', '2025-03-24 18:14:40.909', 'user_2sM9R4fBQIoNerhMTg4FQca9ea3', 'NEW_POST', 'cm87kk4s30000aksdjlhfgplu', 'cm8ndzh020001ew0mw0wx5a7q', false, NULL, 'user_2uEewolUDfRp3mtPudecURebPXP', NULL),
	('cm8ndzh1o0006ew0m75oj4mbv', '2025-03-24 18:14:40.909', '2025-03-24 18:14:40.909', 'user_2qdBkHvtNG7it25tGKwVfu1IHu0', 'NEW_POST', 'cm87kk4s30000aksdjlhfgplu', 'cm8ndzh020001ew0mw0wx5a7q', false, NULL, 'user_2uEewolUDfRp3mtPudecURebPXP', NULL),
	('cm8ndzh1o000cew0mwpyjg0q5', '2025-03-24 18:14:40.909', '2025-03-24 18:14:40.909', 'user_2qky9kslcsW1Ul1QItKSD4NtznZ', 'NEW_POST', 'cm87kk4s30000aksdjlhfgplu', 'cm8ndzh020001ew0mw0wx5a7q', false, NULL, 'user_2uEewolUDfRp3mtPudecURebPXP', NULL),
	('cm8ndzh1o000dew0mjfzzk7lx', '2025-03-24 18:14:40.909', '2025-03-24 18:14:40.909', 'user_2qZYvrzPvteX8RQATXArIMoxldY', 'NEW_POST', 'cm87kk4s30000aksdjlhfgplu', 'cm8ndzh020001ew0mw0wx5a7q', false, NULL, 'user_2uEewolUDfRp3mtPudecURebPXP', NULL),
	('cm8ndzh1o000eew0mppegn7rb', '2025-03-24 18:14:40.909', '2025-03-24 19:15:29.635', 'user_2qJCBirAPGiPA3s7sw2nKLxOA4J', 'NEW_POST', 'cm87kk4s30000aksdjlhfgplu', 'cm8ndzh020001ew0mw0wx5a7q', true, NULL, 'user_2uEewolUDfRp3mtPudecURebPXP', NULL),
	('cm8npexoh0002dgs73d3lleau', '2025-03-24 23:34:38.08', '2025-03-24 23:34:38.08', 'user_2qky9kslcsW1Ul1QItKSD4NtznZ', 'USER_RSVP', 'cm87kk4s30000aksdjlhfgplu', NULL, false, NULL, 'user_2qXu7cIYYq2504jctuGgbYP9jrd', 'YES'),
	('cm9oi1o5i0003voo2mvkr46y5', '2025-04-19 17:35:50.406', '2025-04-27 02:51:02.76', 'user_2uEewolUDfRp3mtPudecURebPXP', 'NEW_POST', 'cm9ezf38o000012ma65kbooqn', 'cm9oi1o0k0001voo2yfi8heac', true, NULL, 'user_2pxOSIQe1zOYF35MUm3eVcGBHxm', NULL),
	('cm8ndzh1o000aew0mkmr408gv', '2025-03-24 18:14:40.909', '2025-03-25 00:59:26.254', 'user_2qjBm0v67GGf3FEHYG9A4f0OeD5', 'NEW_POST', 'cm87kk4s30000aksdjlhfgplu', 'cm8ndzh020001ew0mw0wx5a7q', true, NULL, 'user_2uEewolUDfRp3mtPudecURebPXP', NULL),
	('cm8ndzh1o0008ew0m3oqr6wtm', '2025-03-24 18:14:40.909', '2025-04-08 16:29:31.769', 'user_2qXvT5BncbJT6BDHsxjCBpxDaqd', 'NEW_POST', 'cm87kk4s30000aksdjlhfgplu', 'cm8ndzh020001ew0mw0wx5a7q', true, NULL, 'user_2uEewolUDfRp3mtPudecURebPXP', NULL),
	('cm9oi1o5i0005voo24ehhizgk', '2025-04-19 17:35:50.406', '2025-04-29 18:40:09.613', 'user_2qXu7cIYYq2504jctuGgbYP9jrd', 'NEW_POST', 'cm9ezf38o000012ma65kbooqn', 'cm9oi1o0k0001voo2yfi8heac', true, NULL, 'user_2pxOSIQe1zOYF35MUm3eVcGBHxm', NULL),
	('cm8ncaqo10002uie6dl4h11ql', '2025-03-24 17:27:27.362', '2025-04-26 12:24:32.596', 'user_2qJCBirAPGiPA3s7sw2nKLxOA4J', 'USER_JOINED', 'cm8lyzl9j0000efcw8l60ezt1', NULL, true, NULL, 'user_2uly1bOmcrAmtLqlsXxnOfDEPTI', NULL),
	('cm8npcu8j000212s7n6gv47eo', '2025-03-24 23:33:00.307', '2025-04-26 12:24:32.596', 'user_2qJCBirAPGiPA3s7sw2nKLxOA4J', 'USER_JOINED', 'cm8lyzl9j0000efcw8l60ezt1', NULL, true, NULL, 'user_2umgQCaiAFjWbPmEysY2D7kAlKM', NULL),
	('cm8nsnssk00024gu1psbwh3vv', '2025-03-25 01:05:30.501', '2025-03-25 21:43:01.547', 'user_2qXu7cIYYq2504jctuGgbYP9jrd', 'NEW_POST', 'cm8nshbqc0000n80739swshdx', 'cm8nsnsop00014gu1s6wjcgsd', true, NULL, 'user_2sM9R4fBQIoNerhMTg4FQca9ea3', NULL),
	('cm8ndzh1o0007ew0mn15bn6ox', '2025-03-24 18:14:40.909', '2025-03-25 01:22:30.238', 'user_2iclueh2BAT0p0lUhxBy0XhMelK', 'NEW_POST', 'cm87kk4s30000aksdjlhfgplu', 'cm8ndzh020001ew0mw0wx5a7q', true, NULL, 'user_2uEewolUDfRp3mtPudecURebPXP', NULL),
	('cm84plffq001ir6jmcwi3rhzo', '2025-03-11 16:32:03.687', '2025-08-31 17:03:51.106', 'user_2pxIlNKSih8keDNvHBki7nqmUr3', 'DATE_RESET', 'cm7arilhh0000ihd2qqtwhtx4', NULL, true, NULL, 'user_2qXvT5BncbJT6BDHsxjCBpxDaqd', NULL),
	('cm8ndzh1o000few0m3yvn9hvf', '2025-03-24 18:14:40.909', '2025-05-15 17:41:46.184', 'user_2q8Br8MyR8xsueKX2v4X6xLWQrK', 'NEW_POST', 'cm87kk4s30000aksdjlhfgplu', 'cm8ndzh020001ew0mw0wx5a7q', true, NULL, 'user_2uEewolUDfRp3mtPudecURebPXP', NULL),
	('cm87kprmz000fw8osir5zacw4', '2025-03-13 16:38:46.572', '2025-08-31 17:03:51.106', 'user_2pxIlNKSih8keDNvHBki7nqmUr3', 'DATE_RESET', 'cm87kk4s30000aksdjlhfgplu', NULL, true, NULL, 'user_2iclMU63hXRNSSAtVCEhusch9Yu', NULL),
	('cm86bmg500001xq5iuru7z6rz', '2025-03-12 19:36:28.979', '2025-08-31 17:03:51.106', 'user_2pxIlNKSih8keDNvHBki7nqmUr3', 'EVENT_EDITED', 'cm7203m590000qc1bl1jnu57e', NULL, true, NULL, 'user_2pxOSIQe1zOYF35MUm3eVcGBHxm', NULL),
	('cm86bsm1y000fxq5ia382m01h', '2025-03-12 19:41:16.583', '2025-08-31 17:03:51.106', 'user_2pxIlNKSih8keDNvHBki7nqmUr3', 'DATE_RESET', 'cm7203m590000qc1bl1jnu57e', NULL, true, NULL, 'user_2pxOSIQe1zOYF35MUm3eVcGBHxm', NULL),
	('cm8mea3lp00014aqp6h7k5gi1', '2025-03-24 01:35:10.524', '2025-08-31 17:03:51.106', 'user_2pxIlNKSih8keDNvHBki7nqmUr3', 'USER_RSVP', 'cm87kk4s30000aksdjlhfgplu', NULL, true, NULL, 'user_2qJCBirAPGiPA3s7sw2nKLxOA4J', 'NO'),
	('cmf9zstdy000410daodevsvn0', '2025-09-07 17:54:31.751', '2025-09-07 18:36:59.556', 'user_32NirbPSV4d7rQm4GeKjXrvyEP6', 'NEW_POST', 'cmf9ur295000093huc3trpf9n', 'cmf9zst9o000110dapubqz76l', true, NULL, 'user_32LWIRyhLW8dvKuheIGYCNe1quP', NULL),
	('cmf9zstdy000310daps9hk89r', '2025-09-07 17:54:31.751', '2025-09-09 01:18:51.806', 'user_32NbO199kC2l6n1sxyS69OHF4jU', 'NEW_POST', 'cmf9ur295000093huc3trpf9n', 'cmf9zst9o000110dapubqz76l', true, NULL, 'user_32LWIRyhLW8dvKuheIGYCNe1quP', NULL),
	('cm8nphpzc0005dgs7wc4ayxv1', '2025-03-24 23:36:48.073', '2025-04-26 12:24:32.596', 'user_2qJCBirAPGiPA3s7sw2nKLxOA4J', 'USER_JOINED', 'cm8lyzl9j0000efcw8l60ezt1', NULL, true, NULL, 'user_2umgvmr8HL6154Y2D9IJ7lHavJH', NULL),
	('cm8nulejn0002sxhgk30myjwr', '2025-03-25 01:59:37.938', '2025-03-25 01:59:37.938', 'user_2qky9kslcsW1Ul1QItKSD4NtznZ', 'USER_RSVP', 'cm87kk4s30000aksdjlhfgplu', NULL, false, NULL, 'user_2iclueh2BAT0p0lUhxBy0XhMelK', 'NO'),
	('cm8nulzxm0005sxhg3sq73sqb', '2025-03-25 02:00:05.675', '2025-03-25 02:00:05.675', 'user_2qky9kslcsW1Ul1QItKSD4NtznZ', 'USER_RSVP', 'cm87kk4s30000aksdjlhfgplu', NULL, false, NULL, 'user_2qdBkHvtNG7it25tGKwVfu1IHu0', 'YES'),
	('cm8nsko010002v2qyb2o3cx16', '2025-03-25 01:03:04.321', '2025-03-25 21:42:49.593', 'user_2qXu7cIYYq2504jctuGgbYP9jrd', 'USER_JOINED', 'cm8nshbqc0000n80739swshdx', NULL, true, NULL, 'user_2uEewolUDfRp3mtPudecURebPXP', NULL),
	('cm8nsm4kh0002zf6g4qg09j5q', '2025-03-25 01:04:12.449', '2025-03-25 21:42:49.593', 'user_2qXu7cIYYq2504jctuGgbYP9jrd', 'USER_JOINED', 'cm8nshbqc0000n80739swshdx', NULL, true, NULL, 'user_2sM9R4fBQIoNerhMTg4FQca9ea3', NULL),
	('cm8nsu6z80005zf6g6wd09e49', '2025-03-25 01:10:28.82', '2025-03-25 21:42:49.593', 'user_2qXu7cIYYq2504jctuGgbYP9jrd', 'USER_JOINED', 'cm8nshbqc0000n80739swshdx', NULL, true, NULL, 'user_2pxOSIQe1zOYF35MUm3eVcGBHxm', NULL),
	('cm8nsnssk00034gu1dpowpahu', '2025-03-25 01:05:30.501', '2025-03-27 16:49:17.498', 'user_2uEewolUDfRp3mtPudecURebPXP', 'NEW_POST', 'cm8nshbqc0000n80739swshdx', 'cm8nsnsop00014gu1s6wjcgsd', true, NULL, 'user_2sM9R4fBQIoNerhMTg4FQca9ea3', NULL),
	('cm8ndzh1o0009ew0m13zs4kep', '2025-03-24 18:14:40.909', '2025-05-03 01:39:49.769', 'user_2pxNU8dtcBksO1LOGn5DLjhmGRi', 'NEW_POST', 'cm87kk4s30000aksdjlhfgplu', 'cm8ndzh020001ew0mw0wx5a7q', true, NULL, 'user_2uEewolUDfRp3mtPudecURebPXP', NULL),
	('cm9oi1o5i0006voo2pwkb7ld2', '2025-04-19 17:35:50.406', '2025-04-19 17:35:50.406', 'user_2sM9R4fBQIoNerhMTg4FQca9ea3', 'NEW_POST', 'cm9ezf38o000012ma65kbooqn', 'cm9oi1o0k0001voo2yfi8heac', false, NULL, 'user_2pxOSIQe1zOYF35MUm3eVcGBHxm', NULL),
	('cmfbltdnz00003fcuqjaf1745', '2025-09-08 20:58:35.76', '2025-09-11 12:35:42.481', 'user_2pxOSIQe1zOYF35MUm3eVcGBHxm', 'USER_RSVP', 'cmezo7old0000107ljj3ia8v8', NULL, true, NULL, 'user_2qXt7LzZ0LOmwKl2JE69DwLedP8', 'YES'),
	('cmf9zr74400022hel0xff1hqb', '2025-09-07 17:53:16.229', '2025-09-11 16:49:12.183', 'user_32LWIRyhLW8dvKuheIGYCNe1quP', 'USER_JOINED', 'cmf9ur295000093huc3trpf9n', NULL, true, NULL, 'user_32NbO199kC2l6n1sxyS69OHF4jU', NULL),
	('cm9oi1o5i0004voo2diolvr3d', '2025-04-19 17:35:50.406', '2025-05-14 13:46:50.385', 'user_2iclMU63hXRNSSAtVCEhusch9Yu', 'NEW_POST', 'cm9ezf38o000012ma65kbooqn', 'cm9oi1o0k0001voo2yfi8heac', true, NULL, 'user_2pxOSIQe1zOYF35MUm3eVcGBHxm', NULL),
	('cmanzw0y20000o0qxkmdjde8l', '2025-05-14 13:47:16.298', '2025-05-14 13:47:16.298', 'user_2pxOSIQe1zOYF35MUm3eVcGBHxm', 'USER_RSVP', 'cm9ezf38o000012ma65kbooqn', NULL, false, NULL, 'user_2iclMU63hXRNSSAtVCEhusch9Yu', 'YES'),
	('cmf9zsge10002rfqop86fssk4', '2025-09-07 17:54:14.905', '2025-09-11 16:49:12.183', 'user_32LWIRyhLW8dvKuheIGYCNe1quP', 'USER_JOINED', 'cmf9ur295000093huc3trpf9n', NULL, true, NULL, 'user_32NirbPSV4d7rQm4GeKjXrvyEP6', NULL),
	('cmffn862d0004h5j8xyng0mi6', '2025-09-11 16:49:10.069', '2025-09-12 00:59:40.097', 'user_32NirbPSV4d7rQm4GeKjXrvyEP6', 'NEW_POST', 'cmf9ur295000093huc3trpf9n', 'cmffn85xn0001h5j80d7h6utz', true, NULL, 'user_32LWIRyhLW8dvKuheIGYCNe1quP', NULL),
	('cmfbup91n0006gzw9ekpkx998', '2025-09-09 01:07:19.691', '2025-09-16 22:10:59.957', 'user_32LWIRyhLW8dvKuheIGYCNe1quP', 'USER_RSVP', 'cmfbujl2e0000fah8gj00evpu', NULL, true, NULL, 'user_32NbO199kC2l6n1sxyS69OHF4jU', 'YES'),
	('cmf9ztwwi0003rfqoa53bvty7', '2025-09-07 17:55:22.962', '2025-09-11 16:49:12.183', 'user_32LWIRyhLW8dvKuheIGYCNe1quP', 'USER_RSVP', 'cmf9ur295000093huc3trpf9n', NULL, true, NULL, 'user_32NirbPSV4d7rQm4GeKjXrvyEP6', 'YES'),
	('cm8ndzh1o000bew0mxfgw7b2f', '2025-03-24 18:14:40.909', '2025-08-31 17:03:51.106', 'user_2pxIlNKSih8keDNvHBki7nqmUr3', 'NEW_POST', 'cm87kk4s30000aksdjlhfgplu', 'cm8ndzh020001ew0mw0wx5a7q', true, NULL, 'user_2uEewolUDfRp3mtPudecURebPXP', NULL),
	('cm86bmg500002xq5ia30oh2t9', '2025-03-12 19:36:28.979', '2025-05-15 17:41:46.184', 'user_2q8Br8MyR8xsueKX2v4X6xLWQrK', 'EVENT_EDITED', 'cm7203m590000qc1bl1jnu57e', NULL, true, NULL, 'user_2pxOSIQe1zOYF35MUm3eVcGBHxm', NULL),
	('cm86bsm1y000gxq5ip10vzmc7', '2025-03-12 19:41:16.583', '2025-05-15 17:41:46.184', 'user_2q8Br8MyR8xsueKX2v4X6xLWQrK', 'DATE_RESET', 'cm7203m590000qc1bl1jnu57e', NULL, true, NULL, 'user_2pxOSIQe1zOYF35MUm3eVcGBHxm', NULL),
	('cmffn862d0005h5j878623khb', '2025-09-11 16:49:10.069', '2025-09-11 16:49:10.069', 'user_32NkBS2HRLYo7AGkEq33ZbSo7Tj', 'NEW_POST', 'cmf9ur295000093huc3trpf9n', 'cmffn85xn0001h5j80d7h6utz', false, NULL, 'user_32LWIRyhLW8dvKuheIGYCNe1quP', NULL),
	('cm87kprmz000cw8os8gtm5lmk', '2025-03-13 16:38:46.572', '2025-05-15 17:41:46.184', 'user_2q8Br8MyR8xsueKX2v4X6xLWQrK', 'DATE_RESET', 'cm87kk4s30000aksdjlhfgplu', NULL, true, NULL, 'user_2iclMU63hXRNSSAtVCEhusch9Yu', NULL),
	('cm87kx3l8000nw8osypcpi8lt', '2025-03-13 16:44:28.652', '2025-05-15 17:41:46.184', 'user_2q8Br8MyR8xsueKX2v4X6xLWQrK', 'NEW_POST', 'cm87kk4s30000aksdjlhfgplu', 'cm87kx3js000mw8os8ewf007k', true, NULL, 'user_2iclMU63hXRNSSAtVCEhusch9Yu', NULL),
	('cm89k47m90002p0sts6khpnhv', '2025-03-15 01:57:33.189', '2025-05-15 17:41:46.184', 'user_2q8Br8MyR8xsueKX2v4X6xLWQrK', 'DATE_CHOSEN', 'cm7203m590000qc1bl1jnu57e', NULL, true, '2025-03-21 22:00:00', 'user_2pxOSIQe1zOYF35MUm3eVcGBHxm', NULL),
	('cm8m9ezvg0000zbn4fdcgcgst', '2025-03-23 23:19:00.892', '2025-05-15 17:41:46.184', 'user_2q8Br8MyR8xsueKX2v4X6xLWQrK', 'DATE_CHOSEN', 'cm87kk4s30000aksdjlhfgplu', NULL, true, '2025-05-08 23:00:00', 'user_2iclMU63hXRNSSAtVCEhusch9Yu', NULL),
	('cm8m9hu2l000294vk152zsv6x', '2025-03-23 23:21:13.341', '2025-05-15 17:41:46.184', 'user_2q8Br8MyR8xsueKX2v4X6xLWQrK', 'NEW_POST', 'cm87kk4s30000aksdjlhfgplu', 'cm8m9hu02000194vkr2xvciae', true, NULL, 'user_2iclMU63hXRNSSAtVCEhusch9Yu', NULL),
	('cmffn862d0006h5j811veplch', '2025-09-11 16:49:10.069', '2025-09-11 16:49:10.069', 'user_32Rj4egreFNfMN6eo53Lm7oWXNY', 'NEW_POST', 'cmf9ur295000093huc3trpf9n', 'cmffn85xn0001h5j80d7h6utz', false, NULL, 'user_32LWIRyhLW8dvKuheIGYCNe1quP', NULL),
	('cmgtibn8s000213l8205czj7k', '2025-10-16 14:20:23.02', '2025-10-17 22:07:31.591', 'user_2pxOSIQe1zOYF35MUm3eVcGBHxm', 'USER_JOINED', 'cmgsh9aig0000u9086pjzuspt', NULL, true, NULL, 'user_2q8Br8MyR8xsueKX2v4X6xLWQrK', NULL),
	('cmapnc8sb0004oc0ds79ldabo', '2025-05-15 17:31:30.3', '2025-06-05 20:51:37.465', 'user_2q8Br8MyR8xsueKX2v4X6xLWQrK', 'USER_JOINED', 'cmapn9iw50000jxyxiogk3ek1', NULL, true, NULL, 'user_2pxOSIQe1zOYF35MUm3eVcGBHxm', NULL),
	('cmapnco1500003hkhxe344x9p', '2025-05-15 17:31:50.057', '2025-06-05 20:51:37.465', 'user_2q8Br8MyR8xsueKX2v4X6xLWQrK', 'USER_RSVP', 'cmapn9iw50000jxyxiogk3ek1', NULL, true, NULL, 'user_2pxOSIQe1zOYF35MUm3eVcGBHxm', 'NO'),
	('cm9ohltp70002l55olqptstzd', '2025-04-19 17:23:31.098', '2025-10-20 01:37:50.24', 'user_2iclMU63hXRNSSAtVCEhusch9Yu', 'DATE_CHOSEN', 'cm9ezf38o000012ma65kbooqn', NULL, true, '2025-05-25 18:00:00', 'user_2pxOSIQe1zOYF35MUm3eVcGBHxm', NULL),
	('cmgv43tt100058415ivh8wjc6', '2025-10-17 17:17:56.004', '2025-10-17 17:17:56.004', 'user_2q8Br8MyR8xsueKX2v4X6xLWQrK', 'DATE_CHOSEN', 'cmgsh9aig0000u9086pjzuspt', NULL, false, '2025-12-06 22:00:00', 'user_2pxOSIQe1zOYF35MUm3eVcGBHxm', NULL),
	('cm8npexoh0001dgs761yt0cdd', '2025-03-24 23:34:38.08', '2025-08-31 17:03:51.106', 'user_2pxIlNKSih8keDNvHBki7nqmUr3', 'USER_RSVP', 'cm87kk4s30000aksdjlhfgplu', NULL, true, NULL, 'user_2qXu7cIYYq2504jctuGgbYP9jrd', 'YES'),
	('cm8nulejn0001sxhg20lalif0', '2025-03-25 01:59:37.938', '2025-08-31 17:03:51.106', 'user_2pxIlNKSih8keDNvHBki7nqmUr3', 'USER_RSVP', 'cm87kk4s30000aksdjlhfgplu', NULL, true, NULL, 'user_2iclueh2BAT0p0lUhxBy0XhMelK', 'NO'),
	('cm8nulzxm0004sxhg6t0viirv', '2025-03-25 02:00:05.675', '2025-08-31 17:03:51.106', 'user_2pxIlNKSih8keDNvHBki7nqmUr3', 'USER_RSVP', 'cm87kk4s30000aksdjlhfgplu', NULL, true, NULL, 'user_2qdBkHvtNG7it25tGKwVfu1IHu0', 'YES'),
	('cm9z1wr1u0001qk9dk14tn7y0', '2025-04-27 02:49:34.962', '2025-08-31 17:03:51.106', 'user_2pxIlNKSih8keDNvHBki7nqmUr3', 'USER_RSVP', 'cm87kk4s30000aksdjlhfgplu', NULL, true, NULL, 'user_2uEewolUDfRp3mtPudecURebPXP', 'YES'),
	('cm87kp8pj0002w8osuwqajt4o', '2025-03-13 16:38:22.04', '2025-09-06 23:08:50.213', 'user_2iclMU63hXRNSSAtVCEhusch9Yu', 'USER_JOINED', 'cm87kk4s30000aksdjlhfgplu', NULL, true, NULL, 'user_2qZYvrzPvteX8RQATXArIMoxldY', NULL),
	('cm87kp97j0005w8osum8e52mz', '2025-03-13 16:38:22.688', '2025-09-06 23:08:50.213', 'user_2iclMU63hXRNSSAtVCEhusch9Yu', 'USER_JOINED', 'cm87kk4s30000aksdjlhfgplu', NULL, true, NULL, 'user_2pxIlNKSih8keDNvHBki7nqmUr3', NULL),
	('cm87krsfv0005ynw7rn7zpats', '2025-03-13 16:40:20.923', '2025-09-06 23:08:50.213', 'user_2iclMU63hXRNSSAtVCEhusch9Yu', 'USER_JOINED', 'cm87kk4s30000aksdjlhfgplu', NULL, true, NULL, 'user_2sM9R4fBQIoNerhMTg4FQca9ea3', NULL),
	('cm87kss4y000iw8os19xwzg2w', '2025-03-13 16:41:07.187', '2025-09-06 23:08:50.213', 'user_2iclMU63hXRNSSAtVCEhusch9Yu', 'USER_JOINED', 'cm87kk4s30000aksdjlhfgplu', NULL, true, NULL, 'user_2qky9kslcsW1Ul1QItKSD4NtznZ', NULL),
	('cm8ahxpua0004yi8tnbc9weks', '2025-03-15 17:44:17.17', '2025-08-31 17:03:51.106', 'user_2pxIlNKSih8keDNvHBki7nqmUr3', 'USER_JOINED', 'cm87kk4s30000aksdjlhfgplu', NULL, true, NULL, 'user_2qdBkHvtNG7it25tGKwVfu1IHu0', NULL),
	('cmfbumz690002gzw9eoqa4orf', '2025-09-09 01:05:33.585', '2025-09-16 22:10:59.957', 'user_32LWIRyhLW8dvKuheIGYCNe1quP', 'USER_JOINED', 'cmfbujl2e0000fah8gj00evpu', NULL, true, NULL, 'user_32NbO199kC2l6n1sxyS69OHF4jU', NULL),
	('cmfbwau1e0002gpb5vzk47p8k', '2025-09-09 01:52:06.291', '2025-09-16 22:11:12.217', 'user_32LWIRyhLW8dvKuheIGYCNe1quP', 'USER_JOINED', 'cmfb6z0va000044afs32iqnej', NULL, true, NULL, 'user_32NkBS2HRLYo7AGkEq33ZbSo7Tj', NULL),
	('cm8cgfzh00004oz4k221qmhh0', '2025-03-17 02:38:02.581', '2025-08-31 17:03:51.106', 'user_2pxIlNKSih8keDNvHBki7nqmUr3', 'USER_JOINED', 'cm87kk4s30000aksdjlhfgplu', NULL, true, NULL, 'user_2iclueh2BAT0p0lUhxBy0XhMelK', NULL),
	('cm8m39hum0004fpz2u4j34l6k', '2025-03-23 20:26:46.559', '2025-08-31 17:03:51.106', 'user_2pxIlNKSih8keDNvHBki7nqmUr3', 'USER_JOINED', 'cm87kk4s30000aksdjlhfgplu', NULL, true, NULL, 'user_2qJCBirAPGiPA3s7sw2nKLxOA4J', NULL),
	('cm8m9ezvi0005zbn4qikck2wo', '2025-03-23 23:19:00.892', '2025-08-31 17:03:51.106', 'user_2pxIlNKSih8keDNvHBki7nqmUr3', 'DATE_CHOSEN', 'cm87kk4s30000aksdjlhfgplu', NULL, true, '2025-05-08 23:00:00', 'user_2iclMU63hXRNSSAtVCEhusch9Yu', NULL),
	('cm8m9uuox00023l2u3wel1g7t', '2025-03-23 23:31:20.656', '2025-08-31 17:03:51.106', 'user_2pxIlNKSih8keDNvHBki7nqmUr3', 'USER_RSVP', 'cm87kk4s30000aksdjlhfgplu', NULL, true, NULL, 'user_2uEewolUDfRp3mtPudecURebPXP', 'YES'),
	('cm8m9hu2l000794vk82d8rp0n', '2025-03-23 23:21:13.341', '2025-08-31 17:03:51.106', 'user_2pxIlNKSih8keDNvHBki7nqmUr3', 'NEW_POST', 'cm87kk4s30000aksdjlhfgplu', 'cm8m9hu02000194vkr2xvciae', true, NULL, 'user_2iclMU63hXRNSSAtVCEhusch9Yu', NULL),
	('cmfbn51cq0004hinzs9vw70xp', '2025-09-08 21:35:39.291', '2025-09-09 16:48:14.37', 'user_2qZYvrzPvteX8RQATXArIMoxldY', 'USER_JOINED', 'cmfbn2e2s0000pr2jecf3cgs7', NULL, true, NULL, 'user_2pxNU8dtcBksO1LOGn5DLjhmGRi', NULL),
	('cmfbn6zok0002my2t8wzofw4l', '2025-09-08 21:37:10.436', '2025-09-09 16:48:14.37', 'user_2qZYvrzPvteX8RQATXArIMoxldY', 'USER_JOINED', 'cmfbn2e2s0000pr2jecf3cgs7', NULL, true, NULL, 'user_2pxIlNKSih8keDNvHBki7nqmUr3', NULL),
	('cmgv46bhc0001qv7erplz4ys4', '2025-10-17 17:19:52.225', '2025-10-17 22:07:31.591', 'user_2pxOSIQe1zOYF35MUm3eVcGBHxm', 'USER_RSVP', 'cmgsh9aig0000u9086pjzuspt', NULL, true, NULL, 'user_2pxIlNKSih8keDNvHBki7nqmUr3', 'YES'),
	('cmgsi53di000283g06k1udlkm', '2025-10-15 21:27:31.158', '2025-10-17 22:07:31.591', 'user_2pxOSIQe1zOYF35MUm3eVcGBHxm', 'USER_JOINED', 'cmgsh9aig0000u9086pjzuspt', NULL, true, NULL, 'user_2pxNU8dtcBksO1LOGn5DLjhmGRi', NULL),
	('cm8me3z0m0001lmrrsnl9nt4l', '2025-03-24 01:30:24.645', '2025-08-31 17:03:51.106', 'user_2pxIlNKSih8keDNvHBki7nqmUr3', 'USER_RSVP', 'cm87kk4s30000aksdjlhfgplu', NULL, true, NULL, 'user_2qZYvrzPvteX8RQATXArIMoxldY', 'NO'),
	('cm8ma4ajl00053l2ul33uk54j', '2025-03-23 23:38:41.121', '2025-08-31 17:03:51.106', 'user_2pxIlNKSih8keDNvHBki7nqmUr3', 'USER_RSVP', 'cm87kk4s30000aksdjlhfgplu', NULL, true, NULL, 'user_2qXvT5BncbJT6BDHsxjCBpxDaqd', 'YES'),
	('cmgjr11p60004jjj95k99rkb7', '2025-10-09 18:26:23.322', '2025-10-20 01:37:11.367', 'user_2iclMU63hXRNSSAtVCEhusch9Yu', 'USER_JOINED', 'cmgjqxixr0000fq3pmb16lg2v', NULL, true, NULL, 'user_2qXvT5BncbJT6BDHsxjCBpxDaqd', NULL),
	('cm8ma4hes0002wuogjhxku9el', '2025-03-23 23:38:50.018', '2025-08-31 17:03:51.106', 'user_2pxIlNKSih8keDNvHBki7nqmUr3', 'USER_RSVP', 'cm87kk4s30000aksdjlhfgplu', NULL, true, NULL, 'user_2pxNU8dtcBksO1LOGn5DLjhmGRi', 'YES'),
	('cmfbw6r4800025e1r02nnzr7g', '2025-09-09 01:48:55.88', '2025-09-09 01:48:55.88', 'user_32NbO199kC2l6n1sxyS69OHF4jU', 'NEW_REPLY', 'cmfbujl2e0000fah8gj00evpu', 'cmfbuogqh0004gzw9lakj89z9', false, NULL, 'user_32LWIRyhLW8dvKuheIGYCNe1quP', NULL),
	('cm8mevmy70001ho8jeua14bvz', '2025-03-24 01:51:55.374', '2025-08-31 17:03:51.106', 'user_2pxIlNKSih8keDNvHBki7nqmUr3', 'USER_RSVP', 'cm87kk4s30000aksdjlhfgplu', NULL, true, NULL, 'user_2pxOSIQe1zOYF35MUm3eVcGBHxm', 'YES'),
	('cm8mggrmg0001sskdqigne48e', '2025-03-24 02:36:20.823', '2025-08-31 17:03:51.106', 'user_2pxIlNKSih8keDNvHBki7nqmUr3', 'USER_RSVP', 'cm87kk4s30000aksdjlhfgplu', NULL, true, NULL, 'user_2sM9R4fBQIoNerhMTg4FQca9ea3', 'YES'),
	('cmfa0aes800052helj43g0h7i', '2025-09-07 18:08:12.632', '2025-09-11 16:49:12.183', 'user_32LWIRyhLW8dvKuheIGYCNe1quP', 'USER_JOINED', 'cmf9ur295000093huc3trpf9n', NULL, true, NULL, 'user_32NkBS2HRLYo7AGkEq33ZbSo7Tj', NULL),
	('cmffvoo2c0002rnlf0ow3siai', '2025-09-11 20:45:56.821', '2025-09-16 09:23:03.709', 'user_2pxOSIQe1zOYF35MUm3eVcGBHxm', 'USER_JOINED', 'cmfdywwp00000uehmywecd977', NULL, true, NULL, 'user_32ZMFC2aJGu9DDWfYUsFfncdf7r', NULL),
	('cmgv5jze10002g56tpz4lnles', '2025-10-17 17:58:29.352', '2025-10-17 17:58:29.352', 'user_2qXvT5BncbJT6BDHsxjCBpxDaqd', 'DATE_CHOSEN', 'cmgl78qa70003sw5tqr2l4o4o', NULL, false, '2025-10-21 23:00:00', 'user_2qky9kslcsW1Ul1QItKSD4NtznZ', NULL),
	('cm8mxs2oy0001p7g9nxo5a364', '2025-03-24 10:41:01.857', '2025-08-31 17:03:51.106', 'user_2pxIlNKSih8keDNvHBki7nqmUr3', 'USER_RSVP', 'cm87kk4s30000aksdjlhfgplu', NULL, true, NULL, 'user_2q8Br8MyR8xsueKX2v4X6xLWQrK', 'NO'),
	('cm9ohltp50000l55o0y07kjvd', '2025-04-19 17:23:31.098', '2025-08-31 17:03:51.106', 'user_2pxIlNKSih8keDNvHBki7nqmUr3', 'DATE_CHOSEN', 'cm9ezf38o000012ma65kbooqn', NULL, true, '2025-05-25 18:00:00', 'user_2pxOSIQe1zOYF35MUm3eVcGBHxm', NULL),
	('cm9oi1o5i0002voo26w4og9bu', '2025-04-19 17:35:50.406', '2025-08-31 17:03:51.106', 'user_2pxIlNKSih8keDNvHBki7nqmUr3', 'NEW_POST', 'cm9ezf38o000012ma65kbooqn', 'cm9oi1o0k0001voo2yfi8heac', true, NULL, 'user_2pxOSIQe1zOYF35MUm3eVcGBHxm', NULL),
	('cmgv5jze20003g56tn2z1y710', '2025-10-17 17:58:29.352', '2025-10-17 17:58:29.352', 'user_2iclueh2BAT0p0lUhxBy0XhMelK', 'DATE_CHOSEN', 'cmgl78qa70003sw5tqr2l4o4o', NULL, false, '2025-10-21 23:00:00', 'user_2qky9kslcsW1Ul1QItKSD4NtznZ', NULL),
	('cmgv5jze10001g56tw833xwxa', '2025-10-17 17:58:29.352', '2025-10-20 01:36:06.429', 'user_2iclMU63hXRNSSAtVCEhusch9Yu', 'DATE_CHOSEN', 'cmgl78qa70003sw5tqr2l4o4o', NULL, true, '2025-10-21 23:00:00', 'user_2qky9kslcsW1Ul1QItKSD4NtznZ', NULL),
	('cmgv43tt100068415b6zvqggj', '2025-10-17 17:17:56.004', '2025-10-17 17:17:56.004', 'user_2qXt7LzZ0LOmwKl2JE69DwLedP8', 'DATE_CHOSEN', 'cmgsh9aig0000u9086pjzuspt', NULL, false, '2025-12-06 22:00:00', 'user_2pxOSIQe1zOYF35MUm3eVcGBHxm', NULL),
	('cmgv43tt100078415v6fsxjv6', '2025-10-17 17:17:56.004', '2025-10-17 17:17:56.004', 'user_2qXu7cIYYq2504jctuGgbYP9jrd', 'DATE_CHOSEN', 'cmgsh9aig0000u9086pjzuspt', NULL, false, '2025-12-06 22:00:00', 'user_2pxOSIQe1zOYF35MUm3eVcGBHxm', NULL),
	('cmgtoygj90002qr5ugy2pamm4', '2025-10-16 17:26:05.11', '2025-10-17 22:07:31.591', 'user_2pxOSIQe1zOYF35MUm3eVcGBHxm', 'USER_JOINED', 'cmgsh9aig0000u9086pjzuspt', NULL, true, NULL, 'user_2qXt7LzZ0LOmwKl2JE69DwLedP8', NULL),
	('cm8m39hum0002fpz2m1hipn9i', '2025-03-23 20:26:46.559', '2025-09-06 23:08:50.213', 'user_2iclMU63hXRNSSAtVCEhusch9Yu', 'USER_JOINED', 'cm87kk4s30000aksdjlhfgplu', NULL, true, NULL, 'user_2qJCBirAPGiPA3s7sw2nKLxOA4J', NULL),
	('cm8mea3lo00004aqpsg66ljtu', '2025-03-24 01:35:10.524', '2025-09-06 23:08:50.213', 'user_2iclMU63hXRNSSAtVCEhusch9Yu', 'USER_RSVP', 'cm87kk4s30000aksdjlhfgplu', NULL, true, NULL, 'user_2qJCBirAPGiPA3s7sw2nKLxOA4J', 'NO'),
	('cm8mahkt60000h1jq5lzaqoyx', '2025-03-23 23:49:00.954', '2025-09-06 23:08:50.213', 'user_2iclMU63hXRNSSAtVCEhusch9Yu', 'USER_RSVP', 'cm87kk4s30000aksdjlhfgplu', NULL, true, NULL, 'user_2qjBm0v67GGf3FEHYG9A4f0OeD5', 'YES'),
	('cm8me3z0k0000lmrrrucgm83f', '2025-03-24 01:30:24.645', '2025-09-06 23:08:50.213', 'user_2iclMU63hXRNSSAtVCEhusch9Yu', 'USER_RSVP', 'cm87kk4s30000aksdjlhfgplu', NULL, true, NULL, 'user_2qZYvrzPvteX8RQATXArIMoxldY', 'NO'),
	('cm8ma4ajl00033l2um0npmcln', '2025-03-23 23:38:41.121', '2025-09-06 23:08:50.213', 'user_2iclMU63hXRNSSAtVCEhusch9Yu', 'USER_RSVP', 'cm87kk4s30000aksdjlhfgplu', NULL, true, NULL, 'user_2qXvT5BncbJT6BDHsxjCBpxDaqd', 'YES'),
	('cm8ma4heq0000wuog0scsdxtn', '2025-03-23 23:38:50.018', '2025-09-06 23:08:50.213', 'user_2iclMU63hXRNSSAtVCEhusch9Yu', 'USER_RSVP', 'cm87kk4s30000aksdjlhfgplu', NULL, true, NULL, 'user_2pxNU8dtcBksO1LOGn5DLjhmGRi', 'YES'),
	('cm8mahmqb0000dr2s1j9f4v7d', '2025-03-23 23:49:03.444', '2025-09-06 23:08:50.213', 'user_2iclMU63hXRNSSAtVCEhusch9Yu', 'USER_RSVP', 'cm87kk4s30000aksdjlhfgplu', NULL, true, NULL, 'user_2pxIlNKSih8keDNvHBki7nqmUr3', 'YES'),
	('cmgshnjtc0004q2kgqjpo7zak', '2025-10-15 21:13:52.657', '2025-10-17 22:07:31.591', 'user_2pxOSIQe1zOYF35MUm3eVcGBHxm', 'USER_JOINED', 'cmgsh9aig0000u9086pjzuspt', NULL, true, NULL, 'user_2pxIlNKSih8keDNvHBki7nqmUr3', NULL),
	('cmbz66jdc000013uzloq3a087', '2025-06-16 14:08:34.705', '2025-08-31 17:03:51.106', 'user_2pxIlNKSih8keDNvHBki7nqmUr3', 'DATE_CHOSEN', 'cmbmytz5b0000y0d6gnx73itf', NULL, true, '2025-07-26 16:00:00', 'user_2pxOSIQe1zOYF35MUm3eVcGBHxm', NULL),
	('cm8nulzxm0003sxhgccyz60qo', '2025-03-25 02:00:05.675', '2025-09-06 23:08:50.213', 'user_2iclMU63hXRNSSAtVCEhusch9Yu', 'USER_RSVP', 'cm87kk4s30000aksdjlhfgplu', NULL, true, NULL, 'user_2qdBkHvtNG7it25tGKwVfu1IHu0', 'YES'),
	('cm8cgfzh00002oz4kjnoq9j1l', '2025-03-17 02:38:02.581', '2025-09-06 23:08:50.213', 'user_2iclMU63hXRNSSAtVCEhusch9Yu', 'USER_JOINED', 'cm87kk4s30000aksdjlhfgplu', NULL, true, NULL, 'user_2iclueh2BAT0p0lUhxBy0XhMelK', NULL),
	('cm8mevmy50000ho8jx2js8rnv', '2025-03-24 01:51:55.374', '2025-09-06 23:08:50.213', 'user_2iclMU63hXRNSSAtVCEhusch9Yu', 'USER_RSVP', 'cm87kk4s30000aksdjlhfgplu', NULL, true, NULL, 'user_2pxOSIQe1zOYF35MUm3eVcGBHxm', 'YES'),
	('cmbz66jde000113uztdhjn9w6', '2025-06-16 14:08:34.705', '2025-06-26 15:14:36.997', 'user_2qjBm0v67GGf3FEHYG9A4f0OeD5', 'DATE_CHOSEN', 'cmbmytz5b0000y0d6gnx73itf', NULL, true, '2025-07-26 16:00:00', 'user_2pxOSIQe1zOYF35MUm3eVcGBHxm', NULL),
	('cm8mggrme0000sskds3wwerin', '2025-03-24 02:36:20.823', '2025-09-06 23:08:50.213', 'user_2iclMU63hXRNSSAtVCEhusch9Yu', 'USER_RSVP', 'cm87kk4s30000aksdjlhfgplu', NULL, true, NULL, 'user_2sM9R4fBQIoNerhMTg4FQca9ea3', 'YES'),
	('cmfa0uhjo0007xcxf2bfu275q', '2025-09-07 18:23:49.332', '2025-09-08 17:30:16.695', 'user_2iclMU63hXRNSSAtVCEhusch9Yu', 'NEW_POST', 'cmf9ur295000093huc3trpf9n', 'cmfa0uhgd0005xcxfmgu5e0im', true, NULL, 'user_32NirbPSV4d7rQm4GeKjXrvyEP6', NULL),
	('cmfa0uhjo0006xcxfk8uh6ww4', '2025-09-07 18:23:49.332', '2025-09-07 23:39:23.167', 'user_32LWIRyhLW8dvKuheIGYCNe1quP', 'NEW_POST', 'cmf9ur295000093huc3trpf9n', 'cmfa0uhgd0005xcxfmgu5e0im', true, NULL, 'user_32NirbPSV4d7rQm4GeKjXrvyEP6', NULL),
	('cmfc0sevt0005pii777hej84n', '2025-09-09 03:57:44.921', '2025-09-10 03:48:08.921', 'user_32NirbPSV4d7rQm4GeKjXrvyEP6', 'NEW_POST', 'cmf9ur295000093huc3trpf9n', 'cmfc0ser10001pii7miw252zb', true, NULL, 'user_32Rj4egreFNfMN6eo53Lm7oWXNY', NULL),
	('cmbsspyjl000hitgqmnqu1l4h', '2025-06-12 03:05:09.153', '2025-06-12 03:11:32.633', 'user_2q0j71oqqBn0ZCtnuhjfQzwUXi1', 'USER_JOINED', 'cmbssp2ha0000dakd588jnnsv', NULL, true, NULL, 'user_2iclMU63hXRNSSAtVCEhusch9Yu', NULL),
	('cmfa0uhjo0008xcxfqponxl9z', '2025-09-07 18:23:49.332', '2025-09-09 01:19:12.098', 'user_32NbO199kC2l6n1sxyS69OHF4jU', 'NEW_POST', 'cmf9ur295000093huc3trpf9n', 'cmfa0uhgd0005xcxfmgu5e0im', true, NULL, 'user_32NirbPSV4d7rQm4GeKjXrvyEP6', NULL),
	('cmfa0tupw0002xcxf0u16r99e', '2025-09-07 18:23:19.748', '2025-09-07 20:00:05.875', 'user_32NkBS2HRLYo7AGkEq33ZbSo7Tj', 'NEW_REPLY', 'cmf9ur295000093huc3trpf9n', 'cmf9zst9o000110dapubqz76l', true, NULL, 'user_2iclMU63hXRNSSAtVCEhusch9Yu', NULL),
	('cmfa0fpug00024umnskyl6nof', '2025-09-07 18:12:20.248', '2025-09-08 02:42:32.059', 'user_32LWIRyhLW8dvKuheIGYCNe1quP', 'NEW_REPLY', 'cmf9ur295000093huc3trpf9n', 'cmf9zst9o000110dapubqz76l', true, NULL, 'user_32NkBS2HRLYo7AGkEq33ZbSo7Tj', NULL),
	('cmfa0h4940002tjnws0z3u9tk', '2025-09-07 18:13:25.576', '2025-09-08 02:42:32.059', 'user_32LWIRyhLW8dvKuheIGYCNe1quP', 'NEW_REPLY', 'cmf9ur295000093huc3trpf9n', 'cmf9zst9o000110dapubqz76l', true, NULL, 'user_32NkBS2HRLYo7AGkEq33ZbSo7Tj', NULL),
	('cm89k47m90001p0stc1z380zd', '2025-03-15 01:57:33.189', '2025-08-31 17:03:51.106', 'user_2pxIlNKSih8keDNvHBki7nqmUr3', 'DATE_CHOSEN', 'cm7203m590000qc1bl1jnu57e', NULL, true, '2025-03-21 22:00:00', 'user_2pxOSIQe1zOYF35MUm3eVcGBHxm', NULL),
	('cm89kh8hc0002pvlg5frj27dg', '2025-03-15 02:07:40.849', '2025-08-31 17:03:51.106', 'user_2pxIlNKSih8keDNvHBki7nqmUr3', 'NEW_REPLY', 'cm7203m590000qc1bl1jnu57e', 'cm73t83jh0005k3q1swcy2k9c', true, NULL, 'user_2pxOSIQe1zOYF35MUm3eVcGBHxm', NULL),
	('cm87kx3l8000sw8osqwy8drcu', '2025-03-13 16:44:28.652', '2025-08-31 17:03:51.106', 'user_2pxIlNKSih8keDNvHBki7nqmUr3', 'NEW_POST', 'cm87kk4s30000aksdjlhfgplu', 'cm87kx3js000mw8os8ewf007k', true, NULL, 'user_2iclMU63hXRNSSAtVCEhusch9Yu', NULL),
	('cm87orxan000410brv3739i8k', '2025-03-13 18:32:25.679', '2025-08-31 17:03:51.106', 'user_2pxIlNKSih8keDNvHBki7nqmUr3', 'USER_JOINED', 'cm87kk4s30000aksdjlhfgplu', NULL, true, NULL, 'user_2pxNU8dtcBksO1LOGn5DLjhmGRi', NULL),
	('cm87y9v7o0004o83yl1v4mjfz', '2025-03-13 22:58:19.333', '2025-08-31 17:03:51.106', 'user_2pxIlNKSih8keDNvHBki7nqmUr3', 'USER_JOINED', 'cm87kk4s30000aksdjlhfgplu', NULL, true, NULL, 'user_2pxOSIQe1zOYF35MUm3eVcGBHxm', NULL),
	('cm88qpef40004bbfois9k0eh6', '2025-03-14 12:14:13.313', '2025-08-31 17:03:51.106', 'user_2pxIlNKSih8keDNvHBki7nqmUr3', 'USER_JOINED', 'cm87kk4s30000aksdjlhfgplu', NULL, true, NULL, 'user_2qXvT5BncbJT6BDHsxjCBpxDaqd', NULL),
	('cmdf0610m000uzwayl57j3gja', '2025-07-22 20:44:14.375', '2025-08-31 17:03:51.106', 'user_2pxIlNKSih8keDNvHBki7nqmUr3', 'NEW_POST', 'cmdezx0s00000zwayypj5plos', 'cmdf060xe000szwaylnghsmv8', true, NULL, 'user_2iclueh2BAT0p0lUhxBy0XhMelK', NULL),
	('cmdf06het000akw3q8ke29laj', '2025-07-22 20:44:35.621', '2025-08-31 17:03:51.106', 'user_2pxIlNKSih8keDNvHBki7nqmUr3', 'NEW_POST', 'cmdezx0s00000zwayypj5plos', 'cmdf06hcc0008kw3q5v0vd2zb', true, NULL, 'user_2iclueh2BAT0p0lUhxBy0XhMelK', NULL),
	('cmdf07xoi0007q1402hjisbty', '2025-07-22 20:45:43.362', '2025-08-31 17:03:51.106', 'user_2pxIlNKSih8keDNvHBki7nqmUr3', 'NEW_POST', 'cmdezx0s00000zwayypj5plos', 'cmdf07xk50005q1409sc4w4n5', true, NULL, 'user_2iclueh2BAT0p0lUhxBy0XhMelK', NULL),
	('cmbz66jde000213uzfwsgew4g', '2025-06-16 14:08:34.705', '2025-06-16 14:08:34.705', 'user_2sM9R4fBQIoNerhMTg4FQca9ea3', 'DATE_CHOSEN', 'cmbmytz5b0000y0d6gnx73itf', NULL, false, '2025-07-26 16:00:00', 'user_2pxOSIQe1zOYF35MUm3eVcGBHxm', NULL),
	('cmd53xsg300076lm14zi88dfy', '2025-07-15 22:32:06.723', '2025-08-31 17:03:51.106', 'user_2pxIlNKSih8keDNvHBki7nqmUr3', 'NEW_POST', 'cmcy6cimo000014fxrf0bsojq', 'cmd53xscl00046lm1fxjzyc8j', true, NULL, 'user_2iclueh2BAT0p0lUhxBy0XhMelK', NULL),
	('cmbsp6kl50002b46yg16u9h9h', '2025-06-12 01:26:05.754', '2025-06-16 14:08:35.831', 'user_2pxOSIQe1zOYF35MUm3eVcGBHxm', 'USER_JOINED', 'cmbmytz5b0000y0d6gnx73itf', NULL, true, NULL, 'user_2sM9R4fBQIoNerhMTg4FQca9ea3', NULL),
	('cmbmyx75q0008y0d6q2fguv15', '2025-06-08 01:12:07.55', '2025-06-16 14:08:35.831', 'user_2pxOSIQe1zOYF35MUm3eVcGBHxm', 'USER_JOINED', 'cmbmytz5b0000y0d6gnx73itf', NULL, true, NULL, 'user_2pxIlNKSih8keDNvHBki7nqmUr3', NULL),
	('cmbmz1plg00048atbavd0vhhx', '2025-06-08 01:15:38.069', '2025-06-16 14:08:35.831', 'user_2pxOSIQe1zOYF35MUm3eVcGBHxm', 'USER_JOINED', 'cmbmytz5b0000y0d6gnx73itf', NULL, true, NULL, 'user_2qjBm0v67GGf3FEHYG9A4f0OeD5', NULL),
	('cmdf03jf40003za6caytovr1n', '2025-07-22 20:42:18.257', '2025-08-31 17:03:51.106', 'user_2pxIlNKSih8keDNvHBki7nqmUr3', 'NEW_POST', 'cmdezx0s00000zwayypj5plos', 'cmdf03j8p0001za6cp9q5y1hw', true, NULL, 'user_2iclueh2BAT0p0lUhxBy0XhMelK', NULL),
	('cmdf027b40005vwwzy5cwznrd', '2025-07-22 20:41:15.905', '2025-08-31 17:03:51.106', 'user_2pxIlNKSih8keDNvHBki7nqmUr3', 'NEW_POST', 'cmdezx0s00000zwayypj5plos', 'cmdf0277p0003vwwzkij0o9hi', true, NULL, 'user_2iclueh2BAT0p0lUhxBy0XhMelK', NULL),
	('cmfa0uhjo0009xcxfyf758pwh', '2025-09-07 18:23:49.332', '2025-09-07 21:16:26.9', 'user_32NkBS2HRLYo7AGkEq33ZbSo7Tj', 'NEW_POST', 'cmf9ur295000093huc3trpf9n', 'cmfa0uhgd0005xcxfmgu5e0im', true, NULL, 'user_32NirbPSV4d7rQm4GeKjXrvyEP6', NULL),
	('cmfa0tupw0003xcxfrkmflyjv', '2025-09-07 18:23:19.748', '2025-09-08 02:42:32.059', 'user_32LWIRyhLW8dvKuheIGYCNe1quP', 'NEW_REPLY', 'cmf9ur295000093huc3trpf9n', 'cmf9zst9o000110dapubqz76l', true, NULL, 'user_2iclMU63hXRNSSAtVCEhusch9Yu', NULL),
	('cmfc0sevt0004pii7itnqkype', '2025-09-09 03:57:44.921', '2025-09-09 03:57:44.921', 'user_32NbO199kC2l6n1sxyS69OHF4jU', 'NEW_POST', 'cmf9ur295000093huc3trpf9n', 'cmfc0ser10001pii7miw252zb', false, NULL, 'user_32Rj4egreFNfMN6eo53Lm7oWXNY', NULL),
	('cmfc0sevt0006pii7nck0lb23', '2025-09-09 03:57:44.921', '2025-09-09 03:57:44.921', 'user_32NkBS2HRLYo7AGkEq33ZbSo7Tj', 'NEW_POST', 'cmf9ur295000093huc3trpf9n', 'cmfc0ser10001pii7miw252zb', false, NULL, 'user_32Rj4egreFNfMN6eo53Lm7oWXNY', NULL),
	('cmfbov1ty0002s92ecsnaxlnz', '2025-09-08 22:23:52.582', '2025-09-09 16:48:14.37', 'user_2qZYvrzPvteX8RQATXArIMoxldY', 'USER_JOINED', 'cmfbn2e2s0000pr2jecf3cgs7', NULL, true, NULL, 'user_2iclMU63hXRNSSAtVCEhusch9Yu', NULL),
	('cmfc0sevt0002pii7d3s0dh0r', '2025-09-09 03:57:44.921', '2025-09-11 16:47:32.365', 'user_32LWIRyhLW8dvKuheIGYCNe1quP', 'NEW_POST', 'cmf9ur295000093huc3trpf9n', 'cmfc0ser10001pii7miw252zb', true, NULL, 'user_32Rj4egreFNfMN6eo53Lm7oWXNY', NULL),
	('cmfc0oxqz00028azljip8o164', '2025-09-09 03:55:02.747', '2025-09-11 16:49:12.183', 'user_32LWIRyhLW8dvKuheIGYCNe1quP', 'USER_JOINED', 'cmf9ur295000093huc3trpf9n', NULL, true, NULL, 'user_32Rj4egreFNfMN6eo53Lm7oWXNY', NULL),
	('cmfc0sevt0003pii7fhry4v0v', '2025-09-09 03:57:44.921', '2025-09-11 17:17:37.341', 'user_2iclMU63hXRNSSAtVCEhusch9Yu', 'NEW_POST', 'cmf9ur295000093huc3trpf9n', 'cmfc0ser10001pii7miw252zb', true, NULL, 'user_32Rj4egreFNfMN6eo53Lm7oWXNY', NULL),
	('cmfhl2u1700007x1jets76q6s', '2025-09-13 01:24:34.315', '2025-09-13 01:24:34.315', 'user_2pxOSIQe1zOYF35MUm3eVcGBHxm', 'USER_RSVP', 'cmezo7old0000107ljj3ia8v8', NULL, false, NULL, 'user_2qXu7cIYYq2504jctuGgbYP9jrd', 'MAYBE'),
	('cmf0834gp0002woiqyngpu59a', '2025-08-31 21:48:47.833', '2025-09-11 12:35:42.481', 'user_2pxOSIQe1zOYF35MUm3eVcGBHxm', 'USER_JOINED', 'cmezo7old0000107ljj3ia8v8', NULL, true, NULL, 'user_2qjBm0v67GGf3FEHYG9A4f0OeD5', NULL),
	('cmfcnepae0002qr6onjhy0i16', '2025-09-09 14:30:56.39', '2025-09-16 22:10:59.957', 'user_32LWIRyhLW8dvKuheIGYCNe1quP', 'USER_JOINED', 'cmfbujl2e0000fah8gj00evpu', NULL, true, NULL, 'user_32NkBS2HRLYo7AGkEq33ZbSo7Tj', NULL),
	('cmcdixz430000u6pld2eo3ha1', '2025-06-26 15:14:36.675', '2025-06-26 15:14:36.675', 'user_2pxOSIQe1zOYF35MUm3eVcGBHxm', 'USER_RSVP', 'cmbmytz5b0000y0d6gnx73itf', NULL, false, NULL, 'user_2qjBm0v67GGf3FEHYG9A4f0OeD5', 'YES'),
	('cmdf046wt0005kw3qkhd1chh0', '2025-07-22 20:42:48.701', '2025-07-22 20:42:48.701', 'user_2zi3efgsNvTa2mr0AMyKPK0iBDK', 'NEW_POST', 'cmdezx0s00000zwayypj5plos', 'cmdf046tv0004kw3qxurmeohf', false, NULL, 'user_2iclueh2BAT0p0lUhxBy0XhMelK', NULL),
	('cmdf054rz0002q14021a3dca1', '2025-07-22 20:43:32.591', '2025-07-22 20:43:32.591', 'user_2zi3efgsNvTa2mr0AMyKPK0iBDK', 'NEW_POST', 'cmdezx0s00000zwayypj5plos', 'cmdf054nd0001q1407bxrn1ma', false, NULL, 'user_2iclueh2BAT0p0lUhxBy0XhMelK', NULL),
	('cmdf0610m000tzwaytlwa8n5o', '2025-07-22 20:44:14.375', '2025-07-22 20:44:14.375', 'user_2zi3efgsNvTa2mr0AMyKPK0iBDK', 'NEW_POST', 'cmdezx0s00000zwayypj5plos', 'cmdf060xe000szwaylnghsmv8', false, NULL, 'user_2iclueh2BAT0p0lUhxBy0XhMelK', NULL),
	('cmdf046wt0006kw3qz3bicfi3', '2025-07-22 20:42:48.701', '2025-08-31 17:03:51.106', 'user_2pxIlNKSih8keDNvHBki7nqmUr3', 'NEW_POST', 'cmdezx0s00000zwayypj5plos', 'cmdf046tv0004kw3qxurmeohf', true, NULL, 'user_2iclueh2BAT0p0lUhxBy0XhMelK', NULL),
	('cmdf054rz0003q140ctthwfwj', '2025-07-22 20:43:32.591', '2025-08-31 17:03:51.106', 'user_2pxIlNKSih8keDNvHBki7nqmUr3', 'NEW_POST', 'cmdezx0s00000zwayypj5plos', 'cmdf054nd0001q1407bxrn1ma', true, NULL, 'user_2iclueh2BAT0p0lUhxBy0XhMelK', NULL),
	('cmf0892hc0005woiq0v324htt', '2025-08-31 21:53:25.2', '2025-09-11 12:35:42.481', 'user_2pxOSIQe1zOYF35MUm3eVcGBHxm', 'USER_JOINED', 'cmezo7old0000107ljj3ia8v8', NULL, true, NULL, 'user_2qXu7cIYYq2504jctuGgbYP9jrd', NULL),
	('cmfa0vcf20002axonc7r0tx1u', '2025-09-07 18:24:29.342', '2025-09-11 16:49:31.733', 'user_32NirbPSV4d7rQm4GeKjXrvyEP6', 'NEW_REPLY', 'cmf9ur295000093huc3trpf9n', 'cmfa0uhgd0005xcxfmgu5e0im', true, NULL, 'user_2iclMU63hXRNSSAtVCEhusch9Yu', NULL),
	('cmd53wquv00006lm1d7d2lvli', '2025-07-15 22:31:18.008', '2025-07-15 22:31:18.008', 'user_2zi3efgsNvTa2mr0AMyKPK0iBDK', 'DATE_CHOSEN', 'cmcy6cimo000014fxrf0bsojq', NULL, false, '2025-07-18 21:00:00', 'user_2iclueh2BAT0p0lUhxBy0XhMelK', NULL),
	('cmd53xsg300056lm1qyehtj7r', '2025-07-15 22:32:06.723', '2025-07-15 22:32:06.723', 'user_2zi3efgsNvTa2mr0AMyKPK0iBDK', 'NEW_POST', 'cmcy6cimo000014fxrf0bsojq', 'cmd53xscl00046lm1fxjzyc8j', false, NULL, 'user_2iclueh2BAT0p0lUhxBy0XhMelK', NULL),
	('cmdf06het0009kw3qpong71er', '2025-07-22 20:44:35.621', '2025-07-22 20:44:35.621', 'user_2zi3efgsNvTa2mr0AMyKPK0iBDK', 'NEW_POST', 'cmdezx0s00000zwayypj5plos', 'cmdf06hcc0008kw3q5v0vd2zb', false, NULL, 'user_2iclueh2BAT0p0lUhxBy0XhMelK', NULL),
	('cmfbozg8z00024bxesmudc3nb', '2025-09-08 22:27:17.891', '2025-09-09 16:48:14.37', 'user_2qZYvrzPvteX8RQATXArIMoxldY', 'USER_JOINED', 'cmfbn2e2s0000pr2jecf3cgs7', NULL, true, NULL, 'user_2qXt7LzZ0LOmwKl2JE69DwLedP8', NULL),
	('cmdf07xoi0006q140nmkx24r9', '2025-07-22 20:45:43.362', '2025-07-22 20:45:43.362', 'user_2zi3efgsNvTa2mr0AMyKPK0iBDK', 'NEW_POST', 'cmdezx0s00000zwayypj5plos', 'cmdf07xk50005q1409sc4w4n5', false, NULL, 'user_2iclueh2BAT0p0lUhxBy0XhMelK', NULL),
	('cmfbp1vno00054bxe7vcims9e', '2025-09-08 22:29:11.173', '2025-09-09 16:48:14.37', 'user_2qZYvrzPvteX8RQATXArIMoxldY', 'USER_JOINED', 'cmfbn2e2s0000pr2jecf3cgs7', NULL, true, NULL, 'user_2pxOSIQe1zOYF35MUm3eVcGBHxm', NULL),
	('cmgk5ba1t0002gpueh7e4pnfq', '2025-10-10 01:06:15.329', '2025-10-20 01:37:11.367', 'user_2iclMU63hXRNSSAtVCEhusch9Yu', 'USER_JOINED', 'cmgjqxixr0000fq3pmb16lg2v', NULL, true, NULL, 'user_2pxIlNKSih8keDNvHBki7nqmUr3', NULL),
	('cmd552i0o00035gi78xw9r5kb', '2025-07-15 23:03:46.105', '2025-07-22 20:30:55.238', 'user_2iclueh2BAT0p0lUhxBy0XhMelK', 'NEW_REPLY', 'cmcy6cimo000014fxrf0bsojq', 'cmd53xscl00046lm1fxjzyc8j', true, NULL, 'user_2pxIlNKSih8keDNvHBki7nqmUr3', NULL),
	('cmcy6gx0o000e14fxxwoipjz6', '2025-07-11 02:08:35.112', '2025-07-20 07:10:14.234', 'user_2iclueh2BAT0p0lUhxBy0XhMelK', 'USER_JOINED', 'cmcy6cimo000014fxrf0bsojq', NULL, true, NULL, 'user_2pxIlNKSih8keDNvHBki7nqmUr3', NULL),
	('cmcy6s4ny0002ahdq5ct6gflt', '2025-07-11 02:17:18.239', '2025-07-20 07:10:14.234', 'user_2iclueh2BAT0p0lUhxBy0XhMelK', 'USER_JOINED', 'cmcy6cimo000014fxrf0bsojq', NULL, true, NULL, 'user_2zi3efgsNvTa2mr0AMyKPK0iBDK', NULL),
	('cmczj3d7h0002nznkyyhrh1py', '2025-07-12 00:49:44.094', '2025-07-20 07:10:14.234', 'user_2iclueh2BAT0p0lUhxBy0XhMelK', 'USER_JOINED', 'cmcy6cimo000014fxrf0bsojq', NULL, true, NULL, 'user_2qlYyXYE4eRckN1EF1zZOByeBjs', NULL),
	('cmd551sql00005gi7h9nit0sh', '2025-07-15 23:03:13.342', '2025-07-20 07:10:14.234', 'user_2iclueh2BAT0p0lUhxBy0XhMelK', 'USER_RSVP', 'cmcy6cimo000014fxrf0bsojq', NULL, true, NULL, 'user_2pxIlNKSih8keDNvHBki7nqmUr3', 'YES'),
	('cmd53k16w0001svvpcdkuux0f', '2025-07-15 22:21:24.871', '2025-08-31 17:03:51.106', 'user_2pxIlNKSih8keDNvHBki7nqmUr3', 'USER_PROMOTED', 'cmcy6cimo000014fxrf0bsojq', NULL, true, NULL, 'user_2iclueh2BAT0p0lUhxBy0XhMelK', NULL),
	('cmdf03jf40002za6c3rpp3cwf', '2025-07-22 20:42:18.257', '2025-07-22 20:42:18.257', 'user_2zi3efgsNvTa2mr0AMyKPK0iBDK', 'NEW_POST', 'cmdezx0s00000zwayypj5plos', 'cmdf03j8p0001za6cp9q5y1hw', false, NULL, 'user_2iclueh2BAT0p0lUhxBy0XhMelK', NULL),
	('cmgshf3y90008u908wd7flgxl', '2025-10-15 21:07:18.85', '2025-10-17 22:07:31.591', 'user_2pxOSIQe1zOYF35MUm3eVcGBHxm', 'USER_JOINED', 'cmgsh9aig0000u9086pjzuspt', NULL, true, NULL, 'user_2uEewolUDfRp3mtPudecURebPXP', NULL),
	('cmd53wqux00026lm1egmfb2ml', '2025-07-15 22:31:18.008', '2025-08-31 17:03:51.106', 'user_2pxIlNKSih8keDNvHBki7nqmUr3', 'DATE_CHOSEN', 'cmcy6cimo000014fxrf0bsojq', NULL, true, '2025-07-18 21:00:00', 'user_2iclueh2BAT0p0lUhxBy0XhMelK', NULL),
	('cmdf027b40004vwwzzmo0iqw9', '2025-07-22 20:41:15.905', '2025-07-24 16:38:07.406', 'user_2zi3efgsNvTa2mr0AMyKPK0iBDK', 'NEW_POST', 'cmdezx0s00000zwayypj5plos', 'cmdf0277p0003vwwzkij0o9hi', true, NULL, 'user_2iclueh2BAT0p0lUhxBy0XhMelK', NULL),
	('cmdf08oly000aq140wojasgw4', '2025-07-22 20:46:18.262', '2025-07-24 16:38:15.455', 'user_2zi3efgsNvTa2mr0AMyKPK0iBDK', 'NEW_POST', 'cmdezx0s00000zwayypj5plos', 'cmdf08ohl0009q140d56bg26n', true, NULL, 'user_2iclueh2BAT0p0lUhxBy0XhMelK', NULL),
	('cmd53xsg300066lm1rqq9up2m', '2025-07-15 22:32:06.723', '2025-07-31 02:31:27.626', 'user_2qlYyXYE4eRckN1EF1zZOByeBjs', 'NEW_POST', 'cmcy6cimo000014fxrf0bsojq', 'cmd53xscl00046lm1fxjzyc8j', true, NULL, 'user_2iclueh2BAT0p0lUhxBy0XhMelK', NULL),
	('cmd53wqux00016lm1madwvyjj', '2025-07-15 22:31:18.008', '2025-07-31 02:31:34.604', 'user_2qlYyXYE4eRckN1EF1zZOByeBjs', 'DATE_CHOSEN', 'cmcy6cimo000014fxrf0bsojq', NULL, true, '2025-07-18 21:00:00', 'user_2iclueh2BAT0p0lUhxBy0XhMelK', NULL),
	('cmdezxuqo000ozwayoimn0nwe', '2025-07-22 20:37:52.992', '2025-07-31 03:18:58.327', 'user_2zi3efgsNvTa2mr0AMyKPK0iBDK', 'USER_JOINED', 'cmdezx0s00000zwayypj5plos', NULL, true, NULL, 'user_2iclueh2BAT0p0lUhxBy0XhMelK', NULL),
	('cmdezxz700002kw3qq5g5qr8x', '2025-07-22 20:37:58.764', '2025-07-31 03:18:58.327', 'user_2zi3efgsNvTa2mr0AMyKPK0iBDK', 'USER_JOINED', 'cmdezx0s00000zwayypj5plos', NULL, true, NULL, 'user_2pxIlNKSih8keDNvHBki7nqmUr3', NULL),
	('cm8mdgcez0000jmvvhe5gzmiz', '2025-03-24 01:12:02.267', '2025-09-06 23:08:50.213', 'user_2iclMU63hXRNSSAtVCEhusch9Yu', 'USER_RSVP', 'cm87kk4s30000aksdjlhfgplu', NULL, true, NULL, 'user_2qky9kslcsW1Ul1QItKSD4NtznZ', 'YES'),
	('cmgnz9m510002vz1r33acftv0', '2025-10-12 17:28:04.694', '2025-10-20 17:05:23.394', 'user_2qky9kslcsW1Ul1QItKSD4NtznZ', 'USER_JOINED', 'cmgl78qa70003sw5tqr2l4o4o', NULL, true, NULL, 'user_2iclueh2BAT0p0lUhxBy0XhMelK', NULL),
	('cmgv5jze00000g56tfqehxsok', '2025-10-17 17:58:29.352', '2025-10-17 17:58:29.352', 'user_2pxIlNKSih8keDNvHBki7nqmUr3', 'DATE_CHOSEN', 'cmgl78qa70003sw5tqr2l4o4o', NULL, false, '2025-10-21 23:00:00', 'user_2qky9kslcsW1Ul1QItKSD4NtznZ', NULL),
	('cm8npexof0000dgs7sd9gizx8', '2025-03-24 23:34:38.08', '2025-09-06 23:08:50.213', 'user_2iclMU63hXRNSSAtVCEhusch9Yu', 'USER_RSVP', 'cm87kk4s30000aksdjlhfgplu', NULL, true, NULL, 'user_2qXu7cIYYq2504jctuGgbYP9jrd', 'YES'),
	('cm8ahxpu90002yi8ty802nx3c', '2025-03-15 17:44:17.17', '2025-09-06 23:08:50.213', 'user_2iclMU63hXRNSSAtVCEhusch9Yu', 'USER_JOINED', 'cm87kk4s30000aksdjlhfgplu', NULL, true, NULL, 'user_2qdBkHvtNG7it25tGKwVfu1IHu0', NULL),
	('cm8mxs2ow0000p7g9v43670jj', '2025-03-24 10:41:01.857', '2025-09-06 23:08:50.213', 'user_2iclMU63hXRNSSAtVCEhusch9Yu', 'USER_RSVP', 'cm87kk4s30000aksdjlhfgplu', NULL, true, NULL, 'user_2q8Br8MyR8xsueKX2v4X6xLWQrK', 'NO'),
	('cmdgo6fgn0002i4dh7xp7r5el', '2025-07-24 00:44:10.056', '2025-07-31 03:18:58.327', 'user_2zi3efgsNvTa2mr0AMyKPK0iBDK', 'USER_JOINED', 'cmdezx0s00000zwayypj5plos', NULL, true, NULL, 'user_2qlYyXYE4eRckN1EF1zZOByeBjs', NULL),
	('cmdhmc2hv0000m2stlh1xtfo0', '2025-07-24 16:40:20.131', '2025-07-31 03:18:58.327', 'user_2zi3efgsNvTa2mr0AMyKPK0iBDK', 'USER_RSVP', 'cmdezx0s00000zwayypj5plos', NULL, true, NULL, 'user_2pxIlNKSih8keDNvHBki7nqmUr3', 'YES'),
	('cmfa179vu0005koqlpjka06kz', '2025-09-07 18:33:45.931', '2025-09-07 18:33:45.931', 'user_32NkBS2HRLYo7AGkEq33ZbSo7Tj', 'NEW_POST', 'cmf9ur295000093huc3trpf9n', 'cmfa179r70001koqlvtw0aimh', false, NULL, 'user_32LWIRyhLW8dvKuheIGYCNe1quP', NULL),
	('cmdf08oly000bq1406m4dwj0y', '2025-07-22 20:46:18.262', '2025-08-31 17:03:51.106', 'user_2pxIlNKSih8keDNvHBki7nqmUr3', 'NEW_POST', 'cmdezx0s00000zwayypj5plos', 'cmdf08ohl0009q140d56bg26n', true, NULL, 'user_2iclueh2BAT0p0lUhxBy0XhMelK', NULL),
	('cmdhmabxi0001ujfrs5ewhtw5', '2025-07-24 16:38:59.045', '2025-08-31 17:03:51.106', 'user_2pxIlNKSih8keDNvHBki7nqmUr3', 'DATE_CHOSEN', 'cmdezx0s00000zwayypj5plos', NULL, true, '2025-07-27 21:00:00', 'user_2zi3efgsNvTa2mr0AMyKPK0iBDK', NULL),
	('cmdnzn8o8000ssgrbdbajmzoo', '2025-07-29 03:39:33.416', '2025-08-31 17:03:51.106', 'user_2pxIlNKSih8keDNvHBki7nqmUr3', 'DATE_RESET', 'cmdezx0s00000zwayypj5plos', NULL, true, NULL, 'user_2zi3efgsNvTa2mr0AMyKPK0iBDK', NULL),
	('cmdqtsfym0002r8os4rrwj495', '2025-07-31 03:18:56.973', '2025-08-31 17:03:51.106', 'user_2pxIlNKSih8keDNvHBki7nqmUr3', 'DATE_CHOSEN', 'cmdezx0s00000zwayypj5plos', NULL, true, '2025-08-09 21:00:00', 'user_2zi3efgsNvTa2mr0AMyKPK0iBDK', NULL),
	('cmf6wy0lq0000ja8g5xjkn5ey', '2025-09-05 14:11:17.007', '2025-09-05 14:11:17.007', 'user_2q8Br8MyR8xsueKX2v4X6xLWQrK', 'DATE_CHOSEN', 'cmezo7old0000107ljj3ia8v8', NULL, false, '2025-09-13 17:00:00', 'user_2pxOSIQe1zOYF35MUm3eVcGBHxm', NULL),
	('cmdt4kx5q000011kqr10czevz', '2025-08-01 17:56:34.142', '2025-08-01 17:56:34.142', 'user_2zi3efgsNvTa2mr0AMyKPK0iBDK', 'USER_RSVP', 'cmdezx0s00000zwayypj5plos', NULL, false, NULL, 'user_2iclueh2BAT0p0lUhxBy0XhMelK', 'YES'),
	('cmfa179vu0004koql1b0qp6en', '2025-09-07 18:33:45.931', '2025-09-07 18:56:42.583', 'user_32NirbPSV4d7rQm4GeKjXrvyEP6', 'NEW_POST', 'cmf9ur295000093huc3trpf9n', 'cmfa179r70001koqlvtw0aimh', true, NULL, 'user_32LWIRyhLW8dvKuheIGYCNe1quP', NULL),
	('cmfa179vu0003koqlcx6omxcz', '2025-09-07 18:33:45.931', '2025-09-09 01:19:09', 'user_32NbO199kC2l6n1sxyS69OHF4jU', 'NEW_POST', 'cmf9ur295000093huc3trpf9n', 'cmfa179r70001koqlvtw0aimh', true, NULL, 'user_32LWIRyhLW8dvKuheIGYCNe1quP', NULL),
	('cmfa179vu0002koqlgbxajyfy', '2025-09-07 18:33:45.931', '2025-09-07 22:32:29.201', 'user_2iclMU63hXRNSSAtVCEhusch9Yu', 'NEW_POST', 'cmf9ur295000093huc3trpf9n', 'cmfa179r70001koqlvtw0aimh', true, NULL, 'user_32LWIRyhLW8dvKuheIGYCNe1quP', NULL),
	('cmdf998990002rh19kisnkhgo', '2025-07-23 00:58:40.269', '2025-07-29 03:41:36.154', 'user_2iclueh2BAT0p0lUhxBy0XhMelK', 'NEW_REPLY', 'cmdezx0s00000zwayypj5plos', 'cmdf0277p0003vwwzkij0o9hi', true, NULL, 'user_2pxIlNKSih8keDNvHBki7nqmUr3', NULL),
	('cmdf99j9h0002pfucu84tcnrc', '2025-07-23 00:58:54.534', '2025-07-29 03:41:40.808', 'user_2iclueh2BAT0p0lUhxBy0XhMelK', 'NEW_REPLY', 'cmdezx0s00000zwayypj5plos', 'cmdf08ohl0009q140d56bg26n', true, NULL, 'user_2pxIlNKSih8keDNvHBki7nqmUr3', NULL),
	('cmfa17mx30005axonyo8oxnft', '2025-09-07 18:34:02.823', '2025-09-08 17:30:16.695', 'user_2iclMU63hXRNSSAtVCEhusch9Yu', 'NEW_REPLY', 'cmf9ur295000093huc3trpf9n', 'cmfa0uhgd0005xcxfmgu5e0im', true, NULL, 'user_32LWIRyhLW8dvKuheIGYCNe1quP', NULL),
	('cmfbqzkg90002w9zmhu5rzzot', '2025-09-08 23:23:22.57', '2025-09-09 16:48:14.37', 'user_2qZYvrzPvteX8RQATXArIMoxldY', 'USER_JOINED', 'cmfbn2e2s0000pr2jecf3cgs7', NULL, true, NULL, 'user_2uEewolUDfRp3mtPudecURebPXP', NULL),
	('cmdhmabxi0002ujfrmvyl2c6b', '2025-07-24 16:38:59.045', '2025-07-31 02:32:58.753', 'user_2qlYyXYE4eRckN1EF1zZOByeBjs', 'DATE_CHOSEN', 'cmdezx0s00000zwayypj5plos', NULL, true, '2025-07-27 21:00:00', 'user_2zi3efgsNvTa2mr0AMyKPK0iBDK', NULL),
	('cmdnzn8o8000rsgrbq8yzznhb', '2025-07-29 03:39:33.416', '2025-07-31 02:32:58.753', 'user_2qlYyXYE4eRckN1EF1zZOByeBjs', 'DATE_RESET', 'cmdezx0s00000zwayypj5plos', NULL, true, NULL, 'user_2zi3efgsNvTa2mr0AMyKPK0iBDK', NULL),
	('cmf6wy0ls0002ja8gqhbvercx', '2025-09-05 14:11:17.007', '2025-09-08 20:58:35.88', 'user_2qXt7LzZ0LOmwKl2JE69DwLedP8', 'DATE_CHOSEN', 'cmezo7old0000107ljj3ia8v8', NULL, true, '2025-09-13 17:00:00', 'user_2pxOSIQe1zOYF35MUm3eVcGBHxm', NULL),
	('cmfcun5mp0002114v4l8a0f7t', '2025-09-09 17:53:28.129', '2025-09-09 17:53:28.129', 'user_32Rj4egreFNfMN6eo53Lm7oWXNY', 'NEW_REPLY', 'cmf9ur295000093huc3trpf9n', 'cmfc0ser10001pii7miw252zb', false, NULL, 'user_32NirbPSV4d7rQm4GeKjXrvyEP6', NULL),
	('cmfa17mx30006axonht4vq85z', '2025-09-07 18:34:02.823', '2025-09-11 16:49:31.733', 'user_32NirbPSV4d7rQm4GeKjXrvyEP6', 'NEW_REPLY', 'cmf9ur295000093huc3trpf9n', 'cmfa0uhgd0005xcxfmgu5e0im', true, NULL, 'user_32LWIRyhLW8dvKuheIGYCNe1quP', NULL),
	('cmdqtsfym0001r8osob9u1s05', '2025-07-31 03:18:56.973', '2025-07-31 03:18:56.973', 'user_2qlYyXYE4eRckN1EF1zZOByeBjs', 'DATE_CHOSEN', 'cmdezx0s00000zwayypj5plos', NULL, false, '2025-08-09 21:00:00', 'user_2zi3efgsNvTa2mr0AMyKPK0iBDK', NULL),
	('cmdhmabxg0000ujfreh89xlnz', '2025-07-24 16:38:59.045', '2025-08-02 15:23:08.687', 'user_2iclueh2BAT0p0lUhxBy0XhMelK', 'DATE_CHOSEN', 'cmdezx0s00000zwayypj5plos', NULL, true, '2025-07-27 21:00:00', 'user_2zi3efgsNvTa2mr0AMyKPK0iBDK', NULL),
	('cmdnzn8o8000qsgrbatd6ubia', '2025-07-29 03:39:33.416', '2025-08-02 15:23:08.687', 'user_2iclueh2BAT0p0lUhxBy0XhMelK', 'DATE_RESET', 'cmdezx0s00000zwayypj5plos', NULL, true, NULL, 'user_2zi3efgsNvTa2mr0AMyKPK0iBDK', NULL),
	('cmdqtsfyl0000r8osadt6slg0', '2025-07-31 03:18:56.973', '2025-08-02 15:23:08.687', 'user_2iclueh2BAT0p0lUhxBy0XhMelK', 'DATE_CHOSEN', 'cmdezx0s00000zwayypj5plos', NULL, true, '2025-08-09 21:00:00', 'user_2zi3efgsNvTa2mr0AMyKPK0iBDK', NULL),
	('cmgsi9rjy00022f3b9zxr56mw', '2025-10-15 21:31:09.119', '2025-10-17 22:07:31.591', 'user_2pxOSIQe1zOYF35MUm3eVcGBHxm', 'USER_JOINED', 'cmgsh9aig0000u9086pjzuspt', NULL, true, NULL, 'user_2sM9R4fBQIoNerhMTg4FQca9ea3', NULL),
	('cmf6wy0ls0004ja8g0kiu06zv', '2025-09-05 14:11:17.007', '2025-09-13 01:24:34.435', 'user_2qXu7cIYYq2504jctuGgbYP9jrd', 'DATE_CHOSEN', 'cmezo7old0000107ljj3ia8v8', NULL, true, '2025-09-13 17:00:00', 'user_2pxOSIQe1zOYF35MUm3eVcGBHxm', NULL),
	('cmf6wy0ls0003ja8gxrfzzsyv', '2025-09-05 14:11:17.007', '2025-10-17 13:29:14.465', 'user_2qjBm0v67GGf3FEHYG9A4f0OeD5', 'DATE_CHOSEN', 'cmezo7old0000107ljj3ia8v8', NULL, true, '2025-09-13 17:00:00', 'user_2pxOSIQe1zOYF35MUm3eVcGBHxm', NULL),
	('cmf6wy0ls0001ja8gzq4zpsla', '2025-09-05 14:11:17.007', '2025-10-16 14:23:43.349', 'user_2pxIlNKSih8keDNvHBki7nqmUr3', 'DATE_CHOSEN', 'cmezo7old0000107ljj3ia8v8', NULL, true, '2025-09-13 17:00:00', 'user_2pxOSIQe1zOYF35MUm3eVcGBHxm', NULL),
	('cmgl79u940004oknujy3plf69', '2025-10-10 18:48:53.608', '2025-10-20 17:05:23.394', 'user_2qky9kslcsW1Ul1QItKSD4NtznZ', 'USER_JOINED', 'cmgl78qa70003sw5tqr2l4o4o', NULL, true, NULL, 'user_2pxIlNKSih8keDNvHBki7nqmUr3', NULL),
	('cmgl7fsrl000gsw5tjmbny3mx', '2025-10-10 18:53:31.618', '2025-10-20 17:05:23.394', 'user_2qky9kslcsW1Ul1QItKSD4NtznZ', 'USER_JOINED', 'cmgl78qa70003sw5tqr2l4o4o', NULL, true, NULL, 'user_2iclMU63hXRNSSAtVCEhusch9Yu', NULL),
	('cmgv3r87n0002hjdbdyz9jotz', '2025-10-17 17:08:08.148', '2025-10-17 22:07:31.591', 'user_2pxOSIQe1zOYF35MUm3eVcGBHxm', 'USER_JOINED', 'cmgsh9aig0000u9086pjzuspt', NULL, true, NULL, 'user_2qXu7cIYYq2504jctuGgbYP9jrd', NULL),
	('cmgv43tt100018415r72nymvt', '2025-10-17 17:17:56.004', '2025-10-17 17:19:52.272', 'user_2pxIlNKSih8keDNvHBki7nqmUr3', 'DATE_CHOSEN', 'cmgsh9aig0000u9086pjzuspt', NULL, true, '2025-12-06 22:00:00', 'user_2pxOSIQe1zOYF35MUm3eVcGBHxm', NULL),
	('cmgl761fi0002sw5th5su9bd8', '2025-10-10 18:45:56.286', '2025-10-20 01:37:11.367', 'user_2iclMU63hXRNSSAtVCEhusch9Yu', 'USER_JOINED', 'cmgjqxixr0000fq3pmb16lg2v', NULL, true, NULL, 'user_2qky9kslcsW1Ul1QItKSD4NtznZ', NULL),
	('cmgv43tsz000084152i712h25', '2025-10-17 17:17:56.004', '2025-11-07 22:46:24.046', 'user_2uEewolUDfRp3mtPudecURebPXP', 'DATE_CHOSEN', 'cmgsh9aig0000u9086pjzuspt', NULL, true, '2025-12-06 22:00:00', 'user_2pxOSIQe1zOYF35MUm3eVcGBHxm', NULL),
	('cmgv44uzy0000qv7ey2q8w3om', '2025-10-17 17:18:44.206', '2025-10-17 22:07:31.591', 'user_2pxOSIQe1zOYF35MUm3eVcGBHxm', 'USER_RSVP', 'cmgsh9aig0000u9086pjzuspt', NULL, true, NULL, 'user_2qjBm0v67GGf3FEHYG9A4f0OeD5', 'YES'),
	('cmgygu3du0000x26dfthm2eio', '2025-10-20 01:37:35.394', '2025-10-20 01:37:35.394', 'user_2qZYvrzPvteX8RQATXArIMoxldY', 'USER_LEFT', 'cmfbn2e2s0000pr2jecf3cgs7', NULL, false, NULL, 'user_2iclMU63hXRNSSAtVCEhusch9Yu', NULL),
	('cmgyguh790000ghpdlkelukex', '2025-10-20 01:37:53.301', '2025-10-20 01:37:53.301', 'user_2pxOSIQe1zOYF35MUm3eVcGBHxm', 'USER_LEFT', 'cm9ezf38o000012ma65kbooqn', NULL, false, NULL, 'user_2iclMU63hXRNSSAtVCEhusch9Yu', NULL),
	('cmgyguz7i00005li98vkc9lji', '2025-10-20 01:38:16.639', '2025-10-20 01:38:16.639', 'user_2qXvT5BncbJT6BDHsxjCBpxDaqd', 'USER_LEFT', 'cm7arilhh0000ihd2qqtwhtx4', NULL, false, NULL, 'user_2iclMU63hXRNSSAtVCEhusch9Yu', NULL),
	('cmgygtu2m0000hxemf79q92br', '2025-10-20 01:37:23.327', '2025-10-20 01:45:06.342', 'user_32LWIRyhLW8dvKuheIGYCNe1quP', 'USER_LEFT', 'cmf9ur295000093huc3trpf9n', NULL, true, NULL, 'user_2iclMU63hXRNSSAtVCEhusch9Yu', NULL),
	('cmgygu7jf0001x26dvannh1lf', '2025-10-20 01:37:40.78', '2025-10-20 01:45:08.985', 'user_32LWIRyhLW8dvKuheIGYCNe1quP', 'USER_LEFT', 'cmfb6z0va000044afs32iqnej', NULL, true, NULL, 'user_2iclMU63hXRNSSAtVCEhusch9Yu', NULL),
	('cmh44dz7w00024etnq9xexffr', '2025-10-24 00:35:45.164', '2025-11-16 20:23:19.987', 'user_2iclMU63hXRNSSAtVCEhusch9Yu', 'NEW_REPLY', 'cmgygytr20001hxemi7w11g8p', 'cmgzagrwh0001apxlt9d4n56j', true, NULL, 'user_32LWIRyhLW8dvKuheIGYCNe1quP', NULL),
	('cmh1dn0t20000fean8fsle6mp', '2025-10-22 02:31:25.143', '2025-10-22 02:31:46.771', 'user_2pxIlNKSih8keDNvHBki7nqmUr3', 'EVENT_EDITED', 'cmh1dk9gd0000yuh5ha77co36', NULL, true, NULL, 'user_2qky9kslcsW1Ul1QItKSD4NtznZ', NULL),
	('cmgzags0y0003apxlgea3kmjc', '2025-10-20 15:27:02.627', '2025-10-20 15:27:02.627', 'user_2qXu7cIYYq2504jctuGgbYP9jrd', 'NEW_POST', 'cmgygytr20001hxemi7w11g8p', 'cmgzagrwh0001apxlt9d4n56j', false, NULL, 'user_2iclMU63hXRNSSAtVCEhusch9Yu', NULL),
	('cmgzags0y0005apxlko0i1b8a', '2025-10-20 15:27:02.627', '2025-10-20 15:27:02.627', 'user_2qjBm0v67GGf3FEHYG9A4f0OeD5', 'NEW_POST', 'cmgygytr20001hxemi7w11g8p', 'cmgzagrwh0001apxlt9d4n56j', false, NULL, 'user_2iclMU63hXRNSSAtVCEhusch9Yu', NULL),
	('cmhm7fmes00003958ga0t23r3', '2025-11-05 16:20:51.893', '2025-11-05 17:47:52.968', 'user_32LWIRyhLW8dvKuheIGYCNe1quP', 'DATE_CHOSEN', 'cmgygytr20001hxemi7w11g8p', NULL, true, '2025-11-13 01:00:00', 'user_2iclMU63hXRNSSAtVCEhusch9Yu', NULL),
	('cmgygs6kt0000dnxndr9hkmp1', '2025-10-20 01:36:06.221', '2025-10-20 17:05:23.394', 'user_2qky9kslcsW1Ul1QItKSD4NtznZ', 'USER_RSVP', 'cmgl78qa70003sw5tqr2l4o4o', NULL, true, NULL, 'user_2iclMU63hXRNSSAtVCEhusch9Yu', 'YES'),
	('cmh44g1fo00084etnpsn0wfb3', '2025-10-24 00:37:21.348', '2025-11-05 17:54:08.551', 'user_32LWIRyhLW8dvKuheIGYCNe1quP', 'NEW_REPLY', 'cmgygytr20001hxemi7w11g8p', 'cmgzagrwh0001apxlt9d4n56j', true, NULL, 'user_2iclMU63hXRNSSAtVCEhusch9Yu', NULL),
	('cmh44x3qr0000mf77p56l4cre', '2025-10-24 00:50:37.492', '2025-10-24 00:50:37.492', 'user_2sM9R4fBQIoNerhMTg4FQca9ea3', 'DATE_CHOSEN', 'cmgvxrqy40000hjn50qfw45ex', NULL, false, '2025-11-08 19:00:00', 'user_2pxOSIQe1zOYF35MUm3eVcGBHxm', NULL),
	('cmhm7fmeu00013958d6tldq92', '2025-11-05 16:20:51.893', '2025-11-05 16:20:51.893', 'user_2qXu7cIYYq2504jctuGgbYP9jrd', 'DATE_CHOSEN', 'cmgygytr20001hxemi7w11g8p', NULL, false, '2025-11-13 01:00:00', 'user_2iclMU63hXRNSSAtVCEhusch9Yu', NULL),
	('cmh44x3qt0001mf77c1aigbp2', '2025-10-24 00:50:37.492', '2025-10-24 00:50:37.492', 'user_2pxIlNKSih8keDNvHBki7nqmUr3', 'DATE_CHOSEN', 'cmgvxrqy40000hjn50qfw45ex', NULL, false, '2025-11-08 19:00:00', 'user_2pxOSIQe1zOYF35MUm3eVcGBHxm', NULL),
	('cmhm7gql80002y6ar93pcy68i', '2025-11-05 16:21:43.964', '2025-11-05 20:07:47.746', 'user_32LWIRyhLW8dvKuheIGYCNe1quP', 'NEW_POST', 'cmgygytr20001hxemi7w11g8p', 'cmhm7gqgi0001y6ar22al68iu', true, NULL, 'user_2iclMU63hXRNSSAtVCEhusch9Yu', NULL),
	('cmh1dm5hs0002bvz84xevqqxc', '2025-10-22 02:30:44.56', '2025-11-05 17:24:12.255', 'user_2qky9kslcsW1Ul1QItKSD4NtznZ', 'USER_JOINED', 'cmh1dk9gd0000yuh5ha77co36', NULL, true, NULL, 'user_2pxIlNKSih8keDNvHBki7nqmUr3', NULL),
	('cmh1elxnn0002qhl3bygdyiwh', '2025-10-22 02:58:34.019', '2025-11-05 17:24:12.255', 'user_2qky9kslcsW1Ul1QItKSD4NtznZ', 'USER_JOINED', 'cmh1dk9gd0000yuh5ha77co36', NULL, true, NULL, 'user_2qXvT5BncbJT6BDHsxjCBpxDaqd', NULL),
	('cmgzags0y0002apxlajr3111e', '2025-10-20 15:27:02.627', '2025-11-05 17:54:08.551', 'user_32LWIRyhLW8dvKuheIGYCNe1quP', 'NEW_POST', 'cmgygytr20001hxemi7w11g8p', 'cmgzagrwh0001apxlt9d4n56j', true, NULL, 'user_2iclMU63hXRNSSAtVCEhusch9Yu', NULL),
	('cmh44flm800054etnymlt5rl7', '2025-10-24 00:37:00.848', '2025-11-05 17:54:08.551', 'user_32LWIRyhLW8dvKuheIGYCNe1quP', 'NEW_REPLY', 'cmgygytr20001hxemi7w11g8p', 'cmgzagrwh0001apxlt9d4n56j', true, NULL, 'user_2iclMU63hXRNSSAtVCEhusch9Yu', NULL),
	('cmgzags0y0004apxl9fmjem6g', '2025-10-20 15:27:02.627', '2025-11-07 19:37:32.772', 'user_2uEewolUDfRp3mtPudecURebPXP', 'NEW_POST', 'cmgygytr20001hxemi7w11g8p', 'cmgzagrwh0001apxlt9d4n56j', true, NULL, 'user_2iclMU63hXRNSSAtVCEhusch9Yu', NULL),
	('cmh44x3qt0003mf779k2m4xbn', '2025-10-24 00:50:37.492', '2025-10-24 00:50:37.492', 'user_2qjBm0v67GGf3FEHYG9A4f0OeD5', 'DATE_CHOSEN', 'cmgvxrqy40000hjn50qfw45ex', NULL, false, '2025-11-08 19:00:00', 'user_2pxOSIQe1zOYF35MUm3eVcGBHxm', NULL),
	('cmgzamxl00002b9dkxu0c0lqd', '2025-10-20 15:31:49.765', '2025-10-24 00:50:38.825', 'user_2pxOSIQe1zOYF35MUm3eVcGBHxm', 'USER_JOINED', 'cmgvxrqy40000hjn50qfw45ex', NULL, true, NULL, 'user_2uEewolUDfRp3mtPudecURebPXP', NULL),
	('cmgzb5ntz0002rnaihz39jror', '2025-10-20 15:46:23.591', '2025-10-24 00:50:38.825', 'user_2pxOSIQe1zOYF35MUm3eVcGBHxm', 'USER_JOINED', 'cmgvxrqy40000hjn50qfw45ex', NULL, true, NULL, 'user_2qjBm0v67GGf3FEHYG9A4f0OeD5', NULL),
	('cmgw4tkgq0002ex1z654jncfk', '2025-10-18 10:25:43.131', '2025-10-24 00:50:38.825', 'user_2pxOSIQe1zOYF35MUm3eVcGBHxm', 'USER_JOINED', 'cmgvxrqy40000hjn50qfw45ex', NULL, true, NULL, 'user_2sM9R4fBQIoNerhMTg4FQca9ea3', NULL),
	('cmgwcqb6o0002ips4l288qubp', '2025-10-18 14:07:08.064', '2025-10-24 00:50:38.825', 'user_2pxOSIQe1zOYF35MUm3eVcGBHxm', 'USER_JOINED', 'cmgvxrqy40000hjn50qfw45ex', NULL, true, NULL, 'user_2pxIlNKSih8keDNvHBki7nqmUr3', NULL),
	('cmh44x3qt0002mf77v33lwmvb', '2025-10-24 00:50:37.492', '2025-11-07 19:37:12.634', 'user_2uEewolUDfRp3mtPudecURebPXP', 'DATE_CHOSEN', 'cmgvxrqy40000hjn50qfw45ex', NULL, true, '2025-11-08 19:00:00', 'user_2pxOSIQe1zOYF35MUm3eVcGBHxm', NULL),
	('cmgyh0yr60005ghpdb3c7a0fx', '2025-10-20 01:42:55.987', '2025-12-08 23:37:21.128', 'user_2iclMU63hXRNSSAtVCEhusch9Yu', 'USER_JOINED', 'cmgygytr20001hxemi7w11g8p', NULL, true, NULL, 'user_32LWIRyhLW8dvKuheIGYCNe1quP', NULL),
	('cmhm7fmeu00033958n2kbpu6b', '2025-11-05 16:20:51.893', '2025-11-05 16:20:51.893', 'user_2qjBm0v67GGf3FEHYG9A4f0OeD5', 'DATE_CHOSEN', 'cmgygytr20001hxemi7w11g8p', NULL, false, '2025-11-13 01:00:00', 'user_2iclMU63hXRNSSAtVCEhusch9Yu', NULL),
	('cmhm7fmeu00043958n1nwfkrs', '2025-11-05 16:20:51.893', '2025-11-05 16:20:51.893', 'user_2pxIlNKSih8keDNvHBki7nqmUr3', 'DATE_CHOSEN', 'cmgygytr20001hxemi7w11g8p', NULL, false, '2025-11-13 01:00:00', 'user_2iclMU63hXRNSSAtVCEhusch9Yu', NULL),
	('cmhm7fmeu00023958n6j7dfwf', '2025-11-05 16:20:51.893', '2025-11-10 06:56:35.045', 'user_2uEewolUDfRp3mtPudecURebPXP', 'DATE_CHOSEN', 'cmgygytr20001hxemi7w11g8p', NULL, true, '2025-11-13 01:00:00', 'user_2iclMU63hXRNSSAtVCEhusch9Yu', NULL),
	('cmgylaspa00028vyvodrt0fi9', '2025-10-20 03:42:33.166', '2025-12-08 23:37:21.128', 'user_2iclMU63hXRNSSAtVCEhusch9Yu', 'USER_JOINED', 'cmgygytr20001hxemi7w11g8p', NULL, true, NULL, 'user_2qXu7cIYYq2504jctuGgbYP9jrd', NULL),
	('cmgymikv50002eyficbdi7e2r', '2025-10-20 04:16:35.874', '2025-12-08 23:37:21.128', 'user_2iclMU63hXRNSSAtVCEhusch9Yu', 'USER_JOINED', 'cmgygytr20001hxemi7w11g8p', NULL, true, NULL, 'user_2uEewolUDfRp3mtPudecURebPXP', NULL),
	('cmgyzdao70002usxcx9dixkqb', '2025-10-20 10:16:24.391', '2025-12-08 23:37:21.128', 'user_2iclMU63hXRNSSAtVCEhusch9Yu', 'USER_JOINED', 'cmgygytr20001hxemi7w11g8p', NULL, true, NULL, 'user_2qjBm0v67GGf3FEHYG9A4f0OeD5', NULL),
	('cmgzaiod30008apxly8u9xba5', '2025-10-20 15:28:31.191', '2025-12-08 23:37:21.128', 'user_2iclMU63hXRNSSAtVCEhusch9Yu', 'USER_JOINED', 'cmgygytr20001hxemi7w11g8p', NULL, true, NULL, 'user_2pxIlNKSih8keDNvHBki7nqmUr3', NULL),
	('cmhm7gql80003y6arvu3u26vv', '2025-11-05 16:21:43.964', '2025-11-05 16:21:43.964', 'user_2qXu7cIYYq2504jctuGgbYP9jrd', 'NEW_POST', 'cmgygytr20001hxemi7w11g8p', 'cmhm7gqgi0001y6ar22al68iu', false, NULL, 'user_2iclMU63hXRNSSAtVCEhusch9Yu', NULL),
	('cmhm7gql80005y6ar2msuh5qd', '2025-11-05 16:21:43.964', '2025-11-05 16:21:43.964', 'user_2qjBm0v67GGf3FEHYG9A4f0OeD5', 'NEW_POST', 'cmgygytr20001hxemi7w11g8p', 'cmhm7gqgi0001y6ar22al68iu', false, NULL, 'user_2iclMU63hXRNSSAtVCEhusch9Yu', NULL),
	('cmhm7gql80006y6arj6cqgvqu', '2025-11-05 16:21:43.964', '2025-11-05 16:21:43.964', 'user_2pxIlNKSih8keDNvHBki7nqmUr3', 'NEW_POST', 'cmgygytr20001hxemi7w11g8p', 'cmhm7gqgi0001y6ar22al68iu', false, NULL, 'user_2iclMU63hXRNSSAtVCEhusch9Yu', NULL),
	('cmhm7gql80004y6arlkucqywf', '2025-11-05 16:21:43.964', '2025-11-07 19:37:20.936', 'user_2uEewolUDfRp3mtPudecURebPXP', 'NEW_POST', 'cmgygytr20001hxemi7w11g8p', 'cmhm7gqgi0001y6ar22al68iu', true, NULL, 'user_2iclMU63hXRNSSAtVCEhusch9Yu', NULL),
	('cmi6k3mwq0000mf9gyvpb5o2z', '2025-11-19 22:10:51.194', '2025-11-19 22:10:51.194', 'user_2q8Br8MyR8xsueKX2v4X6xLWQrK', 'DATE_CHOSEN', 'cmhyvue8o0000xvp7dndqh2z6', NULL, false, '2025-12-07 19:00:00', 'user_2pxOSIQe1zOYF35MUm3eVcGBHxm', NULL),
	('cmi6k3mwr0001mf9gzlqxlomo', '2025-11-19 22:10:51.194', '2025-11-19 22:10:51.194', 'user_2pxIlNKSih8keDNvHBki7nqmUr3', 'DATE_CHOSEN', 'cmhyvue8o0000xvp7dndqh2z6', NULL, false, '2025-12-07 19:00:00', 'user_2pxOSIQe1zOYF35MUm3eVcGBHxm', NULL),
	('cmi6k3mwr0002mf9g804jdjod', '2025-11-19 22:10:51.194', '2025-11-19 22:10:51.194', 'user_2uEewolUDfRp3mtPudecURebPXP', 'DATE_CHOSEN', 'cmhyvue8o0000xvp7dndqh2z6', NULL, false, '2025-12-07 19:00:00', 'user_2pxOSIQe1zOYF35MUm3eVcGBHxm', NULL),
	('cmhywn0r30002my8rmtzescz8', '2025-11-14 13:39:41.583', '2025-11-19 22:10:52.267', 'user_2pxOSIQe1zOYF35MUm3eVcGBHxm', 'USER_JOINED', 'cmhyvue8o0000xvp7dndqh2z6', NULL, true, NULL, 'user_2q8Br8MyR8xsueKX2v4X6xLWQrK', NULL),
	('cmhz3ahef000221pz74zm5hif', '2025-11-14 16:45:53.944', '2025-11-19 22:10:52.267', 'user_2pxOSIQe1zOYF35MUm3eVcGBHxm', 'USER_JOINED', 'cmhyvue8o0000xvp7dndqh2z6', NULL, true, NULL, 'user_2pxIlNKSih8keDNvHBki7nqmUr3', NULL),
	('cmhz4wy8000023ugjfp32x5i6', '2025-11-14 17:31:21.792', '2025-11-19 22:10:52.267', 'user_2pxOSIQe1zOYF35MUm3eVcGBHxm', 'USER_JOINED', 'cmhyvue8o0000xvp7dndqh2z6', NULL, true, NULL, 'user_2uEewolUDfRp3mtPudecURebPXP', NULL),
	('cmhssh7f200006mez4clin41m', '2025-11-10 06:56:34.766', '2025-12-08 23:37:21.128', 'user_2iclMU63hXRNSSAtVCEhusch9Yu', 'USER_RSVP', 'cmgygytr20001hxemi7w11g8p', NULL, true, NULL, 'user_2uEewolUDfRp3mtPudecURebPXP', 'YES'),
	('cmk1hrbpa0004bkntibltusep', '2026-01-05 18:25:51.358', '2026-01-06 17:38:57.594', 'user_2pxOSIQe1zOYF35MUm3eVcGBHxm', 'USER_JOINED', 'cmk1hnpyi00006dq6p0j88ptm', NULL, true, NULL, 'user_2qjBm0v67GGf3FEHYG9A4f0OeD5', NULL),
	('cmk2ult720002lprx4rllc7hq', '2026-01-06 17:13:15.278', '2026-01-06 17:38:57.594', 'user_2pxOSIQe1zOYF35MUm3eVcGBHxm', 'USER_JOINED', 'cmk1hnpyi00006dq6p0j88ptm', NULL, true, NULL, 'user_2q8Br8MyR8xsueKX2v4X6xLWQrK', NULL);


--
-- Data for Name: PersonSettings; Type: TABLE DATA; Schema: public; Owner: postgres
--

INSERT INTO "public"."PersonSettings" ("id", "createdAt", "updatedAt", "personId") VALUES
	('cmbsslxlh0001s0ho1eq0uaxe', '2025-06-12 03:02:01.3', '2025-06-12 03:02:01.3', 'user_2iclueh2BAT0p0lUhxBy0XhMelK'),
	('cmbsslxqp0003s0hop2vqk451', '2025-06-12 03:02:01.49', '2025-06-12 03:02:01.49', 'user_2pxNU8dtcBksO1LOGn5DLjhmGRi'),
	('cmbsslxvx0005s0how2t3ezal', '2025-06-12 03:02:01.677', '2025-06-12 03:02:01.677', 'user_2qjBm0v67GGf3FEHYG9A4f0OeD5'),
	('cmbssly100007s0ho8z65851e', '2025-06-12 03:02:01.86', '2025-06-12 03:02:01.86', 'user_2pxqZshUi9gDDSB9dyHTPkgarB9'),
	('cmbssly630009s0ho4srjxb34', '2025-06-12 03:02:02.043', '2025-06-12 03:02:02.043', 'user_2q0j71oqqBn0ZCtnuhjfQzwUXi1'),
	('cmbsslyba000bs0horzk1jwkl', '2025-06-12 03:02:02.231', '2025-06-12 03:02:02.231', 'user_2pxYwQX74hlZFq0Gq9S8jlZDzb4'),
	('cmbsslygm000ds0houpvm8u1g', '2025-06-12 03:02:02.422', '2025-06-12 03:02:02.422', 'user_2q8Br8MyR8xsueKX2v4X6xLWQrK'),
	('cmbsslyls000fs0ho5cedscf6', '2025-06-12 03:02:02.608', '2025-06-12 03:02:02.608', 'user_2q0juo4kcPfzE9WkHtQgMjmyPdR'),
	('cmbsslyqz000hs0hogt5wtej0', '2025-06-12 03:02:02.795', '2025-06-12 03:02:02.795', 'user_2pxIlNKSih8keDNvHBki7nqmUr3'),
	('cmbsslyw7000js0hoimmyo29f', '2025-06-12 03:02:02.983', '2025-06-12 03:02:02.983', 'user_2qXt7LzZ0LOmwKl2JE69DwLedP8'),
	('cmbsslz1k000ls0ho46zsbd80', '2025-06-12 03:02:03.177', '2025-06-12 03:02:03.177', 'user_2qXtyFh0WjaumIDaw0Hk9IDpOqO'),
	('cmbsslz6y000ns0hof6puzot6', '2025-06-12 03:02:03.37', '2025-06-12 03:02:03.37', 'user_2qXuj4xTODVkipPAKPZfEwFhWEa'),
	('cmbsslzcj000ps0ho5tqeu0nb', '2025-06-12 03:02:03.572', '2025-06-12 03:02:03.572', 'user_2qXvT5BncbJT6BDHsxjCBpxDaqd'),
	('cmbsslzi2000rs0hoxkwo8bgg', '2025-06-12 03:02:03.77', '2025-06-12 03:02:03.77', 'user_2qXvz3F7XfVS5yzIrhKIseuQhTe'),
	('cmbsslzne000ts0hof9o03sh3', '2025-06-12 03:02:03.963', '2025-06-12 03:02:03.963', 'user_2qXu7cIYYq2504jctuGgbYP9jrd'),
	('cmbsslzsn000vs0hooghdobq7', '2025-06-12 03:02:04.152', '2025-06-12 03:02:04.152', 'user_2qZYvrzPvteX8RQATXArIMoxldY'),
	('cmbsslzy2000xs0ho78m2jp2z', '2025-06-12 03:02:04.346', '2025-06-12 03:02:04.346', 'user_2qZi0jvxsdzkVNqwobjRlQ3iskm'),
	('cmbssm03k000zs0hoqlpkw7bd', '2025-06-12 03:02:04.545', '2025-06-12 03:02:04.545', 'user_2qcNO0ow3jyVp2um93Z1uyppoYq'),
	('cmbssm0930011s0ho0c4jeik8', '2025-06-12 03:02:04.743', '2025-06-12 03:02:04.743', 'user_2qdBkHvtNG7it25tGKwVfu1IHu0'),
	('cmbssm0ei0013s0ho5dmqp1qi', '2025-06-12 03:02:04.938', '2025-06-12 03:02:04.938', 'user_2qfiEOnVDHXCiD0hnntCR7z0Yd3'),
	('cmbssm0ju0015s0ho17mvcfvc', '2025-06-12 03:02:05.13', '2025-06-12 03:02:05.13', 'user_2qjBdi0z9omzbQfb94EDNH81vTb'),
	('cmbssm0p00017s0hoa823m54h', '2025-06-12 03:02:05.316', '2025-06-12 03:02:05.316', 'user_2qky9kslcsW1Ul1QItKSD4NtznZ'),
	('cmbssm0ua0019s0ho91maj6z6', '2025-06-12 03:02:05.506', '2025-06-12 03:02:05.506', 'user_2qlYyXYE4eRckN1EF1zZOByeBjs'),
	('cmbssm0zo001bs0hordq4okaq', '2025-06-12 03:02:05.7', '2025-06-12 03:02:05.7', 'user_2qmV1kIlw8Mrbah7hC0ZpwRzqk1'),
	('cmbssm15e001ds0ho6ln504rh', '2025-06-12 03:02:05.906', '2025-06-12 03:02:05.906', 'user_2qmgsExeQBYnKRY9pJSUCOBqiUk'),
	('cmbssm1b8001fs0hov50scnc6', '2025-06-12 03:02:06.116', '2025-06-12 03:02:06.116', 'user_2qodcrTO89FebG5hPQ0M5MxVc5j'),
	('cmbssm1h1001hs0hoxz1dpjuh', '2025-06-12 03:02:06.325', '2025-06-12 03:02:06.325', 'user_2qJCBirAPGiPA3s7sw2nKLxOA4J'),
	('cmbssm1mf001js0hobei3gc28', '2025-06-12 03:02:06.519', '2025-06-12 03:02:06.519', 'user_2pxOSIQe1zOYF35MUm3eVcGBHxm'),
	('cmbssm1rx001ls0hofqhckuqr', '2025-06-12 03:02:06.718', '2025-06-12 03:02:06.718', 'user_2qu0pYUFO17XJivy1BxnSUsSodQ'),
	('cmbssm1xe001ns0ho12kwdqqf', '2025-06-12 03:02:06.915', '2025-06-12 03:02:06.915', 'user_2qdDEkCj1VqK2Yyv3zFCzhCqnvK'),
	('cmbssm22q001ps0hot8bcyw3b', '2025-06-12 03:02:07.107', '2025-06-12 03:02:07.107', 'user_2qzUHgaehnYT0Ukjj55uLItOkCo'),
	('cmbssm286001rs0hobkavl76h', '2025-06-12 03:02:07.302', '2025-06-12 03:02:07.302', 'user_2rKYnUt5MwIw3OtjpGwpRI6MvXq'),
	('cmbssm2df001ts0ho3x7nwfa1', '2025-06-12 03:02:07.492', '2025-06-12 03:02:07.492', 'user_2rXg2CSKL3GLj7W4HzmIqCXyTkp'),
	('cmbssm2iu001vs0hou0tx13ia', '2025-06-12 03:02:07.686', '2025-06-12 03:02:07.686', 'user_2s0IFjHqEsjtbaTd8JecRjX9l5Y'),
	('cmbssm2o0001xs0houttao7jf', '2025-06-12 03:02:07.873', '2025-06-12 03:02:07.873', 'user_2sM9R4fBQIoNerhMTg4FQca9ea3'),
	('cmbssm2ta001zs0ho0cc3k882', '2025-06-12 03:02:08.062', '2025-06-12 03:02:08.062', 'user_2tPhzkgjSYu4os8ZsUVt3QaO0fQ'),
	('cmbssm2yk0021s0hogvxy2q4s', '2025-06-12 03:02:08.253', '2025-06-12 03:02:08.253', 'user_2tPiEdm7oKMd9SrsLKqHf4tuSBt'),
	('cmbssm33y0023s0hox8m3arx5', '2025-06-12 03:02:08.447', '2025-06-12 03:02:08.447', 'user_2tgw7KndhCmBXHvq5ptSVfXTgi5'),
	('cmbssm3930025s0houvlt1j5u', '2025-06-12 03:02:08.632', '2025-06-12 03:02:08.632', 'user_2tgdnaonBhZgH5rAdERtV3lociH'),
	('cmbssm3e90027s0ho6i6cbxc0', '2025-06-12 03:02:08.818', '2025-06-12 03:02:08.818', 'user_2tgdFbz4ZpdAMNoeH5ZHtOGiI6d'),
	('cmbssm3jj0029s0hoeaq87tu2', '2025-06-12 03:02:09.008', '2025-06-12 03:02:09.008', 'user_2tgwqYfWHJ4rhY6SzeO5hpxpkQY'),
	('cmbssm3os002bs0hodj82wvkg', '2025-06-12 03:02:09.196', '2025-06-12 03:02:09.196', 'user_2tjd6RBRG29OhX1EvjuA1lse4at'),
	('cmbssm3ur002ds0hokutyx0be', '2025-06-12 03:02:09.412', '2025-06-12 03:02:09.412', 'user_2tlkdUBuIbjVJpUS4L2ocBvGi07'),
	('cmbssm40s002fs0hom76lowvy', '2025-06-12 03:02:09.628', '2025-06-12 03:02:09.628', 'user_2u8XaTVn8zZSY8vQzy6fMeMTSon'),
	('cmbssm46k002hs0hov5tn42tz', '2025-06-12 03:02:09.837', '2025-06-12 03:02:09.837', 'user_2uEewolUDfRp3mtPudecURebPXP'),
	('cmbssm4ca002js0hov1sscxos', '2025-06-12 03:02:10.042', '2025-06-12 03:02:10.042', 'user_2ujQHT3LPFcpWezbNgZ1D93CR7Z'),
	('cmbssm4hk002ls0hogdal6w6a', '2025-06-12 03:02:10.232', '2025-06-12 03:02:10.232', 'user_2ujXv8tbDgbCRTLpw5mJ2oMdqz4'),
	('cmbssm4ml002ns0hor1tqsxm7', '2025-06-12 03:02:10.413', '2025-06-12 03:02:10.413', 'user_2uly1bOmcrAmtLqlsXxnOfDEPTI'),
	('cmbssm4s2002ps0ho1ywy8orp', '2025-06-12 03:02:10.61', '2025-06-12 03:02:10.61', 'user_2umgQCaiAFjWbPmEysY2D7kAlKM'),
	('cmbssm4xe002rs0hohvtls6az', '2025-06-12 03:02:10.803', '2025-06-12 03:02:10.803', 'user_2umgvmr8HL6154Y2D9IJ7lHavJH'),
	('cmbssm52i002ts0hokcjofef5', '2025-06-12 03:02:10.987', '2025-06-12 03:02:10.987', 'user_2vElW4KluByn93aQEk75h1t3RKD'),
	('cmbssm57o002vs0hojcm3i68i', '2025-06-12 03:02:11.172', '2025-06-12 03:02:11.172', 'user_2iclMU63hXRNSSAtVCEhusch9Yu'),
	('cmcy6qpeo000056x1r2aju1n8', '2025-07-11 02:16:11.809', '2025-07-11 02:16:11.809', 'user_2zi3efgsNvTa2mr0AMyKPK0iBDK'),
	('cmd98kbvk0000fghen8ssyvi2', '2025-07-18 19:52:41.504', '2025-07-18 19:52:41.504', 'user_303u11Xu0BOUNNQLgIWtEd0REFt'),
	('cmdgyc7ip0000mcrfal6ur6a7', '2025-07-24 05:28:35.857', '2025-07-24 05:28:35.857', 'user_30J9fgEi97Kb4jYylgNLywS5KDt'),
	('cmf8vnzck000011yiu3suve14', '2025-09-06 23:11:01.556', '2025-09-06 23:11:01.556', 'user_32LWIRyhLW8dvKuheIGYCNe1quP'),
	('cmf9xkwr40000yq4rk6m24nic', '2025-09-07 16:52:23.633', '2025-09-07 16:52:23.633', 'user_32NbO199kC2l6n1sxyS69OHF4jU'),
	('cmf9zrznj0000ln9p2b4pdsnd', '2025-09-07 17:53:53.216', '2025-09-07 17:53:53.216', 'user_32NirbPSV4d7rQm4GeKjXrvyEP6'),
	('cmfa05xxo0000slahlmpdb4h4', '2025-09-07 18:04:44.173', '2025-09-07 18:04:44.173', 'user_32NkBS2HRLYo7AGkEq33ZbSo7Tj'),
	('cmfc0op5100004psbs0l1df86', '2025-09-09 03:54:51.589', '2025-09-09 03:54:51.589', 'user_32Rj4egreFNfMN6eo53Lm7oWXNY'),
	('cmfdztlld0000wpyf0ha1tyjo', '2025-09-10 13:06:13.01', '2025-09-10 13:06:13.01', 'user_32VdFXKNsEeDm5hBfZfTvmIwoIb'),
	('cmffvo8u200003m3u2z6172od', '2025-09-11 20:45:37.083', '2025-09-11 20:45:37.083', 'user_32ZMFC2aJGu9DDWfYUsFfncdf7r'),
	('cmh5m0wte0000aa7qlqayrn1g', '2025-10-25 01:37:14.786', '2025-10-25 01:37:14.786', 'user_34Loulq5mYNFoDhtxsZox2Zekn2'),
	('cmhmbqait0000110inspx8hbj', '2025-11-05 18:21:08.165', '2025-11-05 18:21:08.165', 'user_354QSYRwFYXhENBG2R0GVxQvTRR');


--
-- Data for Name: NotificationMethod; Type: TABLE DATA; Schema: public; Owner: postgres
--

INSERT INTO "public"."NotificationMethod" ("id", "createdAt", "updatedAt", "settingsId", "type", "enabled", "name", "value", "customTemplate", "webhookFormat", "webhookHeaders") VALUES
	('cmbst4lmb00018bm38lxtfo8y', '2025-06-12 03:16:32.242', '2025-06-12 03:16:32.242', 'cmbsslyqz000hs0hogt5wtej0', 'EMAIL', true, 'Main Email', 'parrilloje@gmail.com', NULL, NULL, NULL),
	('cmbtgidc10001wviu806exmsz', '2025-06-12 14:11:05.856', '2025-06-12 14:11:05.856', 'cmbssm57o002vs0hojcm3i68i', 'PUSH', true, '', 'user_2iclMU63hXRNSSAtVCEhusch9Yu', NULL, NULL, NULL),
	('cmbtgidcv000ewviuvpuaka09', '2025-06-12 14:11:05.887', '2025-06-12 14:11:05.887', 'cmbssm57o002vs0hojcm3i68i', 'WEBHOOK', true, 'Discord', 'https://discord.com/api/webhooks/1376728557438505122/PW24cRT4rr9GPDb2g6UDUcrKpEnr-I4g8PRwI4ExCsLhVAu5aV5oZ13-a1QmIhaSB9pc', NULL, 'DISCORD', 'null'),
	('cmdf12hck000e72p6pv3mstox', '2025-07-22 21:09:28.533', '2025-07-22 21:09:28.533', 'cmbsslxlh0001s0ho1eq0uaxe', 'EMAIL', true, '', 'sashaiw@gmail.com', NULL, NULL, NULL),
	('cmdf12hdh000r72p63696bhhq', '2025-07-22 21:09:28.565', '2025-07-22 21:09:28.565', 'cmbsslxlh0001s0ho1eq0uaxe', 'PUSH', true, '', 'user_2iclueh2BAT0p0lUhxBy0XhMelK', NULL, NULL, NULL),
	('cmfdfwoz400013htlaiumuon2', '2025-09-10 03:48:45.04', '2025-09-10 03:48:45.04', 'cmf9zrznj0000ln9p2b4pdsnd', 'EMAIL', true, '', 'erinshea21@gmail.com', NULL, NULL, NULL);


--
-- Data for Name: NotificationSetting; Type: TABLE DATA; Schema: public; Owner: postgres
--

INSERT INTO "public"."NotificationSetting" ("id", "notificationType", "methodId", "enabled") VALUES
	('cmbst4lmb00028bm3twirezr8', 'EVENT_EDITED', 'cmbst4lmb00018bm38lxtfo8y', true),
	('cmbst4lmb00038bm3bmmxm80b', 'NEW_POST', 'cmbst4lmb00018bm38lxtfo8y', true),
	('cmbst4lmb00048bm3katya5yg', 'NEW_REPLY', 'cmbst4lmb00018bm38lxtfo8y', true),
	('cmbst4lmb00058bm3223aptfc', 'DATE_CHOSEN', 'cmbst4lmb00018bm38lxtfo8y', true),
	('cmbst4lmb00068bm3xi3iiaal', 'DATE_CHANGED', 'cmbst4lmb00018bm38lxtfo8y', true),
	('cmbst4lmb00078bm33l3tbd6x', 'DATE_RESET', 'cmbst4lmb00018bm38lxtfo8y', true),
	('cmbst4lmb00088bm36ug9sfhd', 'USER_JOINED', 'cmbst4lmb00018bm38lxtfo8y', true),
	('cmbst4lmb00098bm3t1bru908', 'USER_LEFT', 'cmbst4lmb00018bm38lxtfo8y', true),
	('cmbst4lmb000a8bm3y9ppcat7', 'USER_PROMOTED', 'cmbst4lmb00018bm38lxtfo8y', true),
	('cmbst4lmb000b8bm3odyon4uq', 'USER_DEMOTED', 'cmbst4lmb00018bm38lxtfo8y', true),
	('cmbst4lmb000c8bm38uaugzpx', 'USER_RSVP', 'cmbst4lmb00018bm38lxtfo8y', true),
	('cmbtgidc10002wviumfh4m1l8', 'EVENT_EDITED', 'cmbtgidc10001wviu806exmsz', true),
	('cmbtgidc10003wviuox0o2eeb', 'NEW_POST', 'cmbtgidc10001wviu806exmsz', true),
	('cmbtgidc10004wviui4b8ny4p', 'NEW_REPLY', 'cmbtgidc10001wviu806exmsz', true),
	('cmbtgidc10005wviuti4f25be', 'DATE_CHOSEN', 'cmbtgidc10001wviu806exmsz', true),
	('cmbtgidc10006wvius0d3ya3b', 'DATE_CHANGED', 'cmbtgidc10001wviu806exmsz', true),
	('cmbtgidc10007wviuxn5qre1b', 'DATE_RESET', 'cmbtgidc10001wviu806exmsz', true),
	('cmbtgidc10008wviulfdgmqga', 'USER_JOINED', 'cmbtgidc10001wviu806exmsz', true),
	('cmbtgidc10009wviunl09qy1g', 'USER_LEFT', 'cmbtgidc10001wviu806exmsz', true),
	('cmbtgidc1000awviuw12n97eo', 'USER_PROMOTED', 'cmbtgidc10001wviu806exmsz', true),
	('cmbtgidc1000bwviugv1hf863', 'USER_DEMOTED', 'cmbtgidc10001wviu806exmsz', true),
	('cmbtgidc1000cwviu2hx4mlrq', 'USER_RSVP', 'cmbtgidc10001wviu806exmsz', true),
	('cmbtgidcv000fwviui5nnjanx', 'EVENT_EDITED', 'cmbtgidcv000ewviuvpuaka09', true),
	('cmbtgidcv000gwviux0jcht5j', 'NEW_POST', 'cmbtgidcv000ewviuvpuaka09', true),
	('cmbtgidcv000hwviu7jg8pbu4', 'NEW_REPLY', 'cmbtgidcv000ewviuvpuaka09', true),
	('cmbtgidcv000iwviustau11c6', 'DATE_CHOSEN', 'cmbtgidcv000ewviuvpuaka09', true),
	('cmbtgidcv000jwviup5e0uxjc', 'DATE_CHANGED', 'cmbtgidcv000ewviuvpuaka09', true),
	('cmbtgidcv000kwviufhh6huok', 'DATE_RESET', 'cmbtgidcv000ewviuvpuaka09', true),
	('cmbtgidcv000lwvium51vmdaf', 'USER_JOINED', 'cmbtgidcv000ewviuvpuaka09', true),
	('cmbtgidcv000mwviunt1n602f', 'USER_LEFT', 'cmbtgidcv000ewviuvpuaka09', true),
	('cmbtgidcv000nwviu0pe114jq', 'USER_PROMOTED', 'cmbtgidcv000ewviuvpuaka09', true),
	('cmbtgidcv000owviuvh9gljj2', 'USER_DEMOTED', 'cmbtgidcv000ewviuvpuaka09', true),
	('cmbtgidcv000pwviubtsg2y9d', 'USER_RSVP', 'cmbtgidcv000ewviuvpuaka09', true),
	('cmdf12hck000f72p6am0nrkt7', 'EVENT_EDITED', 'cmdf12hck000e72p6pv3mstox', true),
	('cmdf12hck000g72p6a86gc78h', 'NEW_POST', 'cmdf12hck000e72p6pv3mstox', true),
	('cmdf12hck000h72p61xq0v5p6', 'NEW_REPLY', 'cmdf12hck000e72p6pv3mstox', true),
	('cmdf12hck000i72p6mu194hvz', 'DATE_CHOSEN', 'cmdf12hck000e72p6pv3mstox', true),
	('cmdf12hck000j72p6vadh0c5k', 'DATE_CHANGED', 'cmdf12hck000e72p6pv3mstox', true),
	('cmdf12hck000k72p6gs9lznt2', 'DATE_RESET', 'cmdf12hck000e72p6pv3mstox', true),
	('cmdf12hck000l72p6mjy0xkqv', 'USER_JOINED', 'cmdf12hck000e72p6pv3mstox', true),
	('cmdf12hck000m72p67t6dkwxl', 'USER_LEFT', 'cmdf12hck000e72p6pv3mstox', true),
	('cmdf12hck000n72p6t32f55yz', 'USER_PROMOTED', 'cmdf12hck000e72p6pv3mstox', true),
	('cmdf12hck000o72p646q8hfv3', 'USER_DEMOTED', 'cmdf12hck000e72p6pv3mstox', true),
	('cmdf12hck000p72p613pyrdrx', 'USER_RSVP', 'cmdf12hck000e72p6pv3mstox', true),
	('cmdf12hdh000s72p66mlx0t6v', 'EVENT_EDITED', 'cmdf12hdh000r72p63696bhhq', true),
	('cmdf12hdh000t72p6bncjraqy', 'NEW_POST', 'cmdf12hdh000r72p63696bhhq', true),
	('cmdf12hdh000u72p6zjcl1vxr', 'NEW_REPLY', 'cmdf12hdh000r72p63696bhhq', true),
	('cmdf12hdh000v72p6e803ihon', 'DATE_CHOSEN', 'cmdf12hdh000r72p63696bhhq', true),
	('cmdf12hdh000w72p6nt8pv25e', 'DATE_CHANGED', 'cmdf12hdh000r72p63696bhhq', true),
	('cmdf12hdh000x72p6tol934jq', 'DATE_RESET', 'cmdf12hdh000r72p63696bhhq', true),
	('cmdf12hdh000y72p6k8bsjanh', 'USER_JOINED', 'cmdf12hdh000r72p63696bhhq', true),
	('cmdf12hdh000z72p6dcpolzk2', 'USER_LEFT', 'cmdf12hdh000r72p63696bhhq', true),
	('cmdf12hdh001072p6opq92hnz', 'USER_PROMOTED', 'cmdf12hdh000r72p63696bhhq', true),
	('cmdf12hdh001172p6bp9rarl4', 'USER_DEMOTED', 'cmdf12hdh000r72p63696bhhq', true),
	('cmdf12hdh001272p6jjytl9hf', 'USER_RSVP', 'cmdf12hdh000r72p63696bhhq', true),
	('cmfdfwoz500023htl0s90qwwm', 'EVENT_EDITED', 'cmfdfwoz400013htlaiumuon2', true),
	('cmfdfwoz500033htlxgo33bn5', 'NEW_POST', 'cmfdfwoz400013htlaiumuon2', true),
	('cmfdfwoz500043htlkmktcxh2', 'NEW_REPLY', 'cmfdfwoz400013htlaiumuon2', true),
	('cmfdfwoz500053htld7tv789e', 'DATE_CHOSEN', 'cmfdfwoz400013htlaiumuon2', true),
	('cmfdfwoz500063htl354wyg29', 'DATE_CHANGED', 'cmfdfwoz400013htlaiumuon2', true),
	('cmfdfwoz500073htlbvxfq35f', 'DATE_RESET', 'cmfdfwoz400013htlaiumuon2', true),
	('cmfdfwoz500083htlzji0vgad', 'USER_JOINED', 'cmfdfwoz400013htlaiumuon2', true),
	('cmfdfwoz500093htl27hjrw3o', 'USER_LEFT', 'cmfdfwoz400013htlaiumuon2', true),
	('cmfdfwoz5000a3htl09fr8myy', 'USER_PROMOTED', 'cmfdfwoz400013htlaiumuon2', true),
	('cmfdfwoz5000b3htloirars4v', 'USER_DEMOTED', 'cmfdfwoz400013htlaiumuon2', true),
	('cmfdfwoz5000c3htllsl1oje7', 'USER_RSVP', 'cmfdfwoz400013htlaiumuon2', true);


--
-- Data for Name: Reply; Type: TABLE DATA; Schema: public; Owner: postgres
--

INSERT INTO "public"."Reply" ("id", "createdAt", "updatedAt", "authorId", "postId", "text") VALUES
	('cm4gf7cu50003p44o7f7u9wv4', '2024-12-09 02:35:35.742', '2024-12-09 02:35:35.742', 'user_2iclueh2BAT0p0lUhxBy0XhMelK', 'cm4gex6y90001p44o8qw65h4r', 'taco bell spicy potato soft taco'),
	('cm4gf9zta0003mqmpumpi28kq', '2024-12-09 02:37:38.831', '2024-12-09 02:37:38.831', 'user_2pxIlNKSih8keDNvHBki7nqmUr3', 'cm4gex6y90001p44o8qw65h4r', 'anything but taco bell spicy potato soft taco'),
	('cm4gfgjar0005p44oua0jjqb7', '2024-12-09 02:42:44.02', '2024-12-09 02:42:44.02', 'user_2pxYwQX74hlZFq0Gq9S8jlZDzb4', 'cm4gex6y90001p44o8qw65h4r', 'veggie crust? :eyes: 👀'),
	('cm4gfhgi00001g60rdcubz573', '2024-12-09 02:43:27.048', '2024-12-09 02:43:27.048', 'user_2pxYwQX74hlZFq0Gq9S8jlZDzb4', 'cm4gex6y90001p44o8qw65h4r', 'food shines?'),
	('cm4ggd15c0001riot8hajvw56', '2024-12-09 03:08:00.143', '2024-12-09 03:08:00.143', 'user_2iclueh2BAT0p0lUhxBy0XhMelK', 'cm4gex6y90001p44o8qw65h4r', 'Veggie crust? 👀👀👀'),
	('cm4ggmdqq00011446g7q5ebl2', '2024-12-09 03:15:16.37', '2024-12-09 03:15:16.37', 'user_2pxIlNKSih8keDNvHBki7nqmUr3', 'cm4gex6y90001p44o8qw65h4r', 'Veggie crust 👀👀👀👀👀👀'),
	('cm4h5uiaw0001uhvdyu69yrx5', '2024-12-09 15:01:25.927', '2024-12-09 15:01:25.927', 'user_2pxOSIQe1zOYF35MUm3eVcGBHxm', 'cm4gex6y90001p44o8qw65h4r', 'Veggie crusr '),
	('cm4hl4qzy0001hdkkjw55dw1s', '2024-12-09 22:09:17.997', '2024-12-09 22:09:17.997', 'user_2pxYwQX74hlZFq0Gq9S8jlZDzb4', 'cm4gex6y90001p44o8qw65h4r', 'Veggie crust 😎'),
	('cm4x26tjd000112ji1hvuto92', '2024-12-20 18:03:20.712', '2024-12-20 18:03:20.712', 'user_2pxYwQX74hlZFq0Gq9S8jlZDzb4', 'cm4ul0r51000112ccluj3rrtk', 'i think 4 probably.
That allocates ~3.5 slices per person, which i think sounds appropriate.'),
	('cm5cq269h0003u9mee06hg1bs', '2024-12-31 17:08:07.35', '2024-12-31 17:08:07.35', 'user_2qXt7LzZ0LOmwKl2JE69DwLedP8', 'cm5c0p8sh0001nusovbyfsix6', 'BLÅHAJ'),
	('cm6tj0w4l0003a33krxvna1wv', '2025-02-06 16:02:57.573', '2025-02-06 16:02:57.573', 'user_2pxIlNKSih8keDNvHBki7nqmUr3', 'cm6tiowao000111vx3356vj92', 'I will eat whatever '),
	('cm6tj1yar0005a33k7q8uzf1j', '2025-02-06 16:03:47.044', '2025-02-06 16:03:47.044', 'user_2pxIlNKSih8keDNvHBki7nqmUr3', 'cm6tiqxf8000311vx2xrsfy73', 'If I do I can provide my own sleeping stuff'),
	('cm6tj2qc4000711vxbtn1q79q', '2025-02-06 16:04:23.381', '2025-02-06 16:04:23.381', 'user_2pxIlNKSih8keDNvHBki7nqmUr3', 'cm6tinakw0001a33k6ikull65', 'Salty chip'),
	('cm6tj2w5y0007a33kbtih3rs6', '2025-02-06 16:04:30.934', '2025-02-06 16:04:30.934', 'user_2pxNU8dtcBksO1LOGn5DLjhmGRi', 'cm6tinakw0001a33k6ikull65', 'I''m already bringing 2 sweet things and 1 dip type thing'),
	('cm6tj369y000911vx129hcup6', '2025-02-06 16:04:44.038', '2025-02-06 16:04:44.038', 'user_2pxYwQX74hlZFq0Gq9S8jlZDzb4', 'cm6tinakw0001a33k6ikull65', 'I figured you would hahahaha'),
	('cm6tj4d6a0009a33ks74638pe', '2025-02-06 16:05:39.634', '2025-02-06 16:05:39.634', 'user_2pxIlNKSih8keDNvHBki7nqmUr3', 'cm6tiv66q000136mq974koyrg', 'Sounds good to me. If there are a lot of people with long presentations we would want to aim to start as early as everyone is around'),
	('cm73r8ytc0001hj2vod4xj0o6', '2025-02-13 19:50:52.991', '2025-02-13 19:50:52.991', 'user_2q8Br8MyR8xsueKX2v4X6xLWQrK', 'cm73r24iw0001j3m2w6fnj8u8', 'T̸̘̟̗͌̉̏͑h̴̝͖̲̏̅ĕ̸̗̝͌ ̷̡̨̺̀̃p̸͚̣͍̈́ͅį̷̏̋l̷̹͇̘͔̀̋̀ȩ̶̳͚͉͒̆'),
	('cm73r9o1c00019uk5qoxv4c1w', '2025-02-13 19:51:25.679', '2025-02-13 19:51:25.679', 'user_2pxNU8dtcBksO1LOGn5DLjhmGRi', 'cm73r24iw0001j3m2w6fnj8u8', 'If needed I''m always willing to host'),
	('cm73re7sb0003hj2vhvab0qdg', '2025-02-13 19:54:57.9', '2025-02-13 19:54:57.9', 'user_2pxIlNKSih8keDNvHBki7nqmUr3', 'cm73r24iw0001j3m2w6fnj8u8', 'Yeah I can’t really smoke much if I am responsible for driving myself home'),
	('cm73s8ggy0001x2j7fs6itm5h', '2025-02-13 20:18:28.832', '2025-02-13 20:19:05.727', 'user_2q8Br8MyR8xsueKX2v4X6xLWQrK', 'cm73r24iw0001j3m2w6fnj8u8', 'Can we actually smoke in your house @Matt? The vape still has a smell to it'),
	('cm73s9mlo00013rqeaehuhpsa', '2025-02-13 20:19:23.434', '2025-02-13 20:19:23.434', 'user_2pxOSIQe1zOYF35MUm3eVcGBHxm', 'cm73r24iw0001j3m2w6fnj8u8', 'That’s a good point lmao '),
	('cm73shzwq00033rqeomu9v1js', '2025-02-13 20:25:53.93', '2025-02-13 20:25:53.93', 'user_2pxOSIQe1zOYF35MUm3eVcGBHxm', 'cm73r24iw0001j3m2w6fnj8u8', 'Someone could sleep on my couch, I have an air mattress that could be put in the living room, and if we’re really desperate I don’t mind sharing my bed (platonically ofc). I have a feeling I could rearrange things around enough to fit some more air mattresses/sleeping bags as well'),
	('cm73t2sd50001k3q1x0tcolm6', '2025-02-13 20:42:03.928', '2025-02-13 20:42:03.928', 'user_2pxNU8dtcBksO1LOGn5DLjhmGRi', 'cm73r24iw0001j3m2w6fnj8u8', 'yeah the vape inside would be fine as long as we kept it to 1 spot'),
	('cm73t3owc0003k3q1tvs3ete8', '2025-02-13 20:42:46.092', '2025-02-13 20:42:46.092', 'user_2pxNU8dtcBksO1LOGn5DLjhmGRi', 'cm73r24iw0001j3m2w6fnj8u8', 'We should probably count how many people would want to sleep over so we know how much room we need'),
	('cm73toaby0001q3fp9t2dbmik', '2025-02-13 20:58:46.989', '2025-02-13 20:58:46.989', 'user_2pxIlNKSih8keDNvHBki7nqmUr3', 'cm73t83jh0005k3q1swcy2k9c', 'gotta use ye ol peppercorn trick'),
	('cm7ave6sg0001viy3za3jwd8b', '2025-02-18 19:21:18.304', '2025-02-18 19:21:18.304', 'user_2iclMU63hXRNSSAtVCEhusch9Yu', 'cm7artsz9002yihd22ve98jbj', 'I''m definitely down to go back down to the city. If we do, we should talk to Harry since he had something he wanted to run down there'),
	('cm7pflvy80001wz18t5rmx9aj', '2025-02-28 23:55:56.287', '2025-02-28 23:55:56.287', 'user_2tgw7KndhCmBXHvq5ptSVfXTgi5', 'cm7pa6gn90001tprwlnfiftgu', 'i have no allergies! :)'),
	('cm7pfp2zr000113zcsqv1jlqu', '2025-02-28 23:58:25.382', '2025-02-28 23:58:25.382', 'user_2tgdFbz4ZpdAMNoeH5ZHtOGiI6d', 'cm7pa6gn90001tprwlnfiftgu', 'gia'),
	('cm7pfp7v30003uxsyourq09mr', '2025-02-28 23:58:31.695', '2025-02-28 23:58:31.695', 'user_2tgdFbz4ZpdAMNoeH5ZHtOGiI6d', 'cm7pa6gn90001tprwlnfiftgu', 'just cause'),
	('cm7pfpadw0001lppt2ll53nso', '2025-02-28 23:58:34.963', '2025-02-28 23:58:34.963', 'user_2tgdFbz4ZpdAMNoeH5ZHtOGiI6d', 'cm7pa6gn90001tprwlnfiftgu', 'gia'),
	('cm7pfwax00003lppttzh6xt7z', '2025-03-01 00:04:02.245', '2025-03-01 00:04:02.245', 'user_2tgdFbz4ZpdAMNoeH5ZHtOGiI6d', 'cm7pa6gn90001tprwlnfiftgu', 'hi'),
	('cm7pfwdb90005lpptor7dcboq', '2025-03-01 00:04:05.349', '2025-03-01 00:04:05.349', 'user_2tgdFbz4ZpdAMNoeH5ZHtOGiI6d', 'cm7pa6gn90001tprwlnfiftgu', 'im poop'),
	('cm7vgp4lx0001xza64clk9fv7', '2025-03-05 05:13:04.148', '2025-03-05 05:13:04.148', 'user_2tgdnaonBhZgH5rAdERtV3lociH', 'cm7pa6gn90001tprwlnfiftgu', 'I’m vegetarian 🌽'),
	('cm85uygo50001l58uvmq30kv9', '2025-03-12 11:49:56.068', '2025-03-12 11:49:56.068', 'user_2qXvT5BncbJT6BDHsxjCBpxDaqd', 'cm84ooc7b0004oxh55bzq8sna', 'I’m actually in the same boat as Ryan'),
	('cm89k73ah0001khn7nwwwb8jp', '2025-03-15 01:59:47.56', '2025-03-15 02:00:08.153', 'user_2pxOSIQe1zOYF35MUm3eVcGBHxm', 'cm87kx3js000mw8os8ewf007k', 'I can also pitch in if anyone needs help paying'),
	('cm89kh8by0001pvlg688iwkk6', '2025-03-15 02:07:40.653', '2025-03-15 02:07:40.653', 'user_2pxOSIQe1zOYF35MUm3eVcGBHxm', 'cm73t83jh0005k3q1swcy2k9c', '@jenna what is the peppercorn trick'),
	('cm89kke0y0008p0str2bgs9d8', '2025-03-15 02:10:08.003', '2025-03-15 02:10:08.003', 'user_2pxIlNKSih8keDNvHBki7nqmUr3', 'cm73t83jh0005k3q1swcy2k9c', 'Chewing whole peppercorns is supposed to help if you are too high'),
	('cm89klq59000cp0stlvr57ak5', '2025-03-15 02:11:10.366', '2025-03-15 02:11:10.366', 'user_2pxIlNKSih8keDNvHBki7nqmUr3', 'cm87kx3js000mw8os8ewf007k', 'I will also be helping '),
	('cm8ngb8ip0003f6wajd03ef6j', '2025-03-24 19:19:48.961', '2025-03-24 19:19:48.961', 'user_2iclMU63hXRNSSAtVCEhusch9Yu', 'cm8ndzh020001ew0mw0wx5a7q', 'Idk if I''m gonna be having a separate party for it or not, but April 24th is my 1 year HRT anniversary :)'),
	('cma153phe000160em4ihvlbqm', '2025-04-28 13:54:30.721', '2025-04-28 13:54:30.721', 'user_2qjBm0v67GGf3FEHYG9A4f0OeD5', 'cm8m9hu02000194vkr2xvciae', '@theia what time should we aim to be at the Airbnb on thursday? '),
	('cmd552hwc00025gi7aurxm73d', '2025-07-15 23:03:45.948', '2025-07-15 23:03:45.948', 'user_2pxIlNKSih8keDNvHBki7nqmUr3', 'cmd53xscl00046lm1fxjzyc8j', 'Are we not meeting at the trailhead '),
	('cmdf02m1c000qzwaynfeji45i', '2025-07-22 20:41:34.992', '2025-07-22 20:41:34.992', 'user_2iclueh2BAT0p0lUhxBy0XhMelK', 'cmdf0277p0003vwwzkij0o9hi', 'u misspelled bucyclte'),
	('cmdf06y3n000wzwayvutgelgh', '2025-07-22 20:44:57.252', '2025-07-22 20:44:57.252', 'user_2iclueh2BAT0p0lUhxBy0XhMelK', 'cmdf06hcc0008kw3q5v0vd2zb', 'if you uhh'),
	('cmdf998320001rh19sbxzsjz9', '2025-07-23 00:58:40.046', '2025-07-23 00:58:40.046', 'user_2pxIlNKSih8keDNvHBki7nqmUr3', 'cmdf0277p0003vwwzkij0o9hi', 'What'),
	('cmdf99j4s0001pfuc6go6rm2y', '2025-07-23 00:58:54.363', '2025-07-23 00:58:54.363', 'user_2pxIlNKSih8keDNvHBki7nqmUr3', 'cmdf08ohl0009q140d56bg26n', 'Oh'),
	('cmfa0fpqi00014umn1muyap5p', '2025-09-07 18:12:20.105', '2025-09-07 18:12:20.105', 'user_32NkBS2HRLYo7AGkEq33ZbSo7Tj', 'cmf9zst9o000110dapubqz76l', 'Very true!! '),
	('cmfa0h4570001tjnwx1kmc92i', '2025-09-07 18:13:25.434', '2025-09-07 18:13:25.434', 'user_32NkBS2HRLYo7AGkEq33ZbSo7Tj', 'cmf9zst9o000110dapubqz76l', 'I''d be down to! I would just have to figure out where I''m meeting folks and such or where I would be to get picked up'),
	('cmfa0tulq0001xcxf0qv17iy4', '2025-09-07 18:23:19.594', '2025-09-07 18:23:19.594', 'user_2iclMU63hXRNSSAtVCEhusch9Yu', 'cmf9zst9o000110dapubqz76l', 'I will probably park at Erin’s so like idk. I might just meet y’all there'),
	('cmfa0vc9m0001axon93amog29', '2025-09-07 18:24:29.145', '2025-09-07 18:24:29.145', 'user_2iclMU63hXRNSSAtVCEhusch9Yu', 'cmfa0uhgd0005xcxfmgu5e0im', 'Hi. I’m Theia'),
	('cmfa17mt10004axonnyru7aph', '2025-09-07 18:34:02.677', '2025-09-07 18:34:02.677', 'user_32LWIRyhLW8dvKuheIGYCNe1quP', 'cmfa0uhgd0005xcxfmgu5e0im', 'Hi Erin!! I''m Starsya '),
	('cmfa4bcox0001rxjzcmfvsvvf', '2025-09-07 20:00:55.04', '2025-09-07 20:00:55.04', 'user_32NkBS2HRLYo7AGkEq33ZbSo7Tj', 'cmfa0uhgd0005xcxfmgu5e0im', 'Hey! I''m Sage!'),
	('cmfbw6qz300015e1rcw2it251', '2025-09-09 01:48:55.694', '2025-09-09 01:48:55.694', 'user_32LWIRyhLW8dvKuheIGYCNe1quP', 'cmfbuogqh0004gzw9lakj89z9', 'Yesss, perfect'),
	('cmfcun5hx0001114vzthbbqtr', '2025-09-09 17:53:27.956', '2025-09-09 17:53:27.956', 'user_32NirbPSV4d7rQm4GeKjXrvyEP6', 'cmfc0ser10001pii7miw252zb', 'ooo what show!'),
	('cmh44dz3w00014etngmpw1d6j', '2025-10-24 00:35:45.018', '2025-10-24 00:35:45.018', 'user_32LWIRyhLW8dvKuheIGYCNe1quP', 'cmgzagrwh0001apxlt9d4n56j', 'Make an insta post and send it to bossiboots?'),
	('cmh44fliz00044etnhnxmi5i6', '2025-10-24 00:37:00.732', '2025-10-24 00:37:00.732', 'user_2iclMU63hXRNSSAtVCEhusch9Yu', 'cmgzagrwh0001apxlt9d4n56j', 'Idk if I wanna do that until I''ve confirmed that we''re making it a "thing"'),
	('cmh44g1ca00074etnfkqjj21l', '2025-10-24 00:37:21.227', '2025-10-24 00:37:21.227', 'user_2iclMU63hXRNSSAtVCEhusch9Yu', 'cmgzagrwh0001apxlt9d4n56j', 'rn I wanna just test the waters with a smaller group and build it up from there');


--
-- Data for Name: _prisma_migrations; Type: TABLE DATA; Schema: public; Owner: postgres
--

INSERT INTO "public"."_prisma_migrations" ("id", "checksum", "finished_at", "migration_name", "logs", "rolled_back_at", "started_at", "applied_steps_count") VALUES
	('244a4add-06eb-4c6a-abe1-c8e9475486ea', 'b6b0c53c0c8213836c2b452ae94464fd4f32b9b90ce12d119ada91e64c1cc873', '2024-04-28 23:58:54.699082+00', '20240314180014_init', NULL, NULL, '2024-04-28 23:58:54.474128+00', 1),
	('164dcac1-5a2f-450c-ad4f-325bfc4dcd4c', 'a94062eb802f771a8c505cd9e5d7d1726ef36ef3e03278fcd38015edbba4b99a', '2024-04-28 23:58:54.918096+00', '20240426012558_event_defaults', NULL, NULL, '2024-04-28 23:58:54.755593+00', 1),
	('a1463087-3269-491d-94a9-1a7eb89fc131', 'cb9c95a4a1f414c9591639785ae941f19f4d5e00331dc886c2e89cc9ec1ed08e', '2024-04-28 23:58:55.135362+00', '20240426013445_', NULL, NULL, '2024-04-28 23:58:54.980612+00', 1),
	('5669e86a-a459-4d73-8497-8d4dbdff6249', '59bc2aa12a70759e8f3e47f25c16bb17a3979590d08eb3bb2049dad5f061ead4', '2024-04-28 23:58:55.353552+00', '20240426014501_capitalization', NULL, NULL, '2024-04-28 23:58:55.194847+00', 1),
	('ffa420af-d5b8-49f6-a0a4-33fe45d57ebb', 'c619d967338dda1ba52774288b71d3a03ad98942d8243ca3e46f1c156014f6fc', '2024-04-28 23:58:55.577709+00', '20240426225221_remove_unnecessary_unique', NULL, NULL, '2024-04-28 23:58:55.416424+00', 1),
	('6a429e23-f579-4328-a724-fc9be07e55b4', '885e8aa7144c991eb0f67aad18873c19cb816b430fe97d84da5211704110e4dc', '2024-04-28 23:58:55.814988+00', '20240428234605_add_invite', NULL, NULL, '2024-04-28 23:58:55.642528+00', 1),
	('d8173e46-662e-4846-acf2-c2fb18f16695', '71308b012f14e8a68b2c4d0d0db2af616e5790d24a71251320eca4a21199d407', '2024-04-28 23:59:20.291783+00', '20240428235920_add_invite_add_pending', NULL, NULL, '2024-04-28 23:59:20.142462+00', 1),
	('533f88a4-0583-4017-bb56-7cbeb562093a', '1d830f09a3c7e4a15a446432ecfd34a0e04153356678509ee25c51fd6b779120', '2024-09-06 01:07:23.258992+00', '20240522015156_modify_created_by', NULL, NULL, '2024-09-06 01:07:23.203996+00', 1),
	('2a8416a8-8ccc-44b0-b277-f63e709cd236', '2291b6aea881dd605b10e11c1a3cc6cb932ad717fce610e164fd19681ca2b5a0', '2024-09-06 01:07:23.281989+00', '20240725213554_added_invite_name', NULL, NULL, '2024-09-06 01:07:23.264445+00', 1),
	('f02a1202-7d45-4e6e-bba4-8c8d9514c875', '08e3e98237b3c36d078412dfe22b7e70f9b100b2849334252b56420095f94fc8', '2024-09-06 01:07:23.304977+00', '20240829174746_removed_owner', NULL, NULL, '2024-09-06 01:07:23.287908+00', 1),
	('a8f90b03-cd33-4ae2-a953-66bfa509c984', 'bb3c274122cb799afc034c9ce831e111b329e30a2c65b2fbd32c50dac7062eb7', '2024-09-06 01:07:23.330572+00', '20240829175640_removed_ownerid', NULL, NULL, '2024-09-06 01:07:23.31182+00', 1),
	('ede90e4e-6b5c-4ce4-9b1b-c22ad32bff38', '463094769ac49c795e4edaebf68b7d25d5faf640282ff69f4a58f4dce57ce1a2', '2024-12-10 04:31:20.038265+00', '20241210034818_name_optional', NULL, NULL, '2024-12-10 04:31:19.980127+00', 1),
	('bd9cd112-be49-4355-9b3d-b69975c8b304', '9b261a54a841c767203e95ccbc22593dbee647de0a38553683220be3cf1ae6aa', '2025-03-05 01:33:56.360563+00', '20250115190359_notiftype', NULL, NULL, '2025-03-05 01:33:56.29432+00', 1),
	('afbc0aef-ebde-4f77-8c5c-24a42942e844', 'b7a7d13556f04774c7124f521f637fb0dc86b6ab68976d7d2b6b0753b3eab58c', '2025-03-05 01:33:56.38258+00', '20250115192131_typedemoted', NULL, NULL, '2025-03-05 01:33:56.36618+00', 1),
	('89fc8b9c-2309-4042-9a3b-4dddbb2c0776', 'c1cf187cc706b834da34618093bbd702e8d268a02185bc291922df81348630a1', '2025-03-05 01:33:56.405101+00', '20250115192518_notifdatetime', NULL, NULL, '2025-03-05 01:33:56.38836+00', 1),
	('3209d195-c682-487d-bbf3-bad19dde3d7f', 'f33a4036f210fdd881318ad9ebda8b746ab4fafd345f2efe0f86f250caaaf17f', '2025-03-05 01:33:56.428572+00', '20250121163105_authorednotifs', NULL, NULL, '2025-03-05 01:33:56.410441+00', 1),
	('ccdf87d4-b74a-46ba-a5fc-dd02f6b64a5f', 'a551cf25a4424b90175eda55cb377e0efe7d5bea0e892f640dfa79abb55fdd4a', '2025-03-05 01:33:56.450016+00', '20250304174635_added_eventedited_type', NULL, NULL, '2025-03-05 01:33:56.434372+00', 1),
	('ba42dce8-7255-4b3c-adbd-ed9310f55451', '609905b3ab7a40d04a6736177666b0fbd7bf6ada57f1d7e7e6f2d208118b70ba', '2025-03-15 02:24:56.974312+00', '20250314202702_rsvp_notif_type', NULL, NULL, '2025-03-15 02:24:56.952004+00', 1),
	('987a3c94-8e35-4005-ab2a-7b1454844691', 'c3c30d2bf4445f3ac0664c48d2faa3562d2bafeea96f0d6538d385c0c5875ba4', '2025-03-15 02:24:57.007024+00', '20250314205928_notif_rsvp_status', NULL, NULL, '2025-03-15 02:24:56.98093+00', 1),
	('ea754ca1-97b4-456e-b57d-3fb3f925be98', 'f64200b72525d0d3684edcc6d62288ad5178e48811cca73a6eefc40de42b6c1d', '2025-06-12 02:31:19.53558+00', '20250317182948_notif_methods', NULL, NULL, '2025-06-12 02:31:19.429739+00', 1),
	('b71d937f-679e-4249-874b-b99a34ad88b6', '6edfd15787a3e0141d4fd09a31ae9f5b313a7504c9db3fd9c139109e72f41bef', '2025-06-12 02:31:19.560942+00', '20250524203941_removed_default_notif_method_name', NULL, NULL, '2025-06-12 02:31:19.541747+00', 1),
	('a67ea2ac-85ff-4d99-a5b1-9cbf21cda37b', '9a9938b3d6f8d68bc645379ee41a559dc1c3b2c8baf3edf7e74b421a85f8460b', '2025-06-12 02:31:19.586266+00', '20250524204302_made_name_optional', NULL, NULL, '2025-06-12 02:31:19.567445+00', 1),
	('fa71ae3e-a9d6-4fe1-aa75-7d5aa07c5b6f', '1abc2dd0878822dd0f76281fb8a9e511cda103d7b2dab735162a115f90184e50', '2025-06-12 02:31:19.613315+00', '20250527003744_webhook_config', NULL, NULL, '2025-06-12 02:31:19.592767+00', 1),
	('25a6bc3d-655b-408c-b53a-141d028ccbf6', 'e0fd3dc8869369c3af794aadb727cf254a7ceec338606a7e995aeda6b73fca7f', '2025-06-12 02:31:19.654621+00', '20250527034402_push_sub', NULL, NULL, '2025-06-12 02:31:19.619854+00', 1),
	('ccff3d99-825a-4f2a-bac5-17ecaf6d3ab7', '028b9d24c718283904953b6a535fd9717d4376cd45874b6e653d37bb9f3a8f3d', '2025-06-12 02:31:19.680795+00', '20250605011054_pusher_migration', NULL, NULL, '2025-06-12 02:31:19.660845+00', 1);


--
-- Data for Name: buckets; Type: TABLE DATA; Schema: storage; Owner: supabase_storage_admin
--



--
-- Data for Name: buckets_analytics; Type: TABLE DATA; Schema: storage; Owner: supabase_storage_admin
--



--
-- Data for Name: buckets_vectors; Type: TABLE DATA; Schema: storage; Owner: supabase_storage_admin
--



--
-- Data for Name: objects; Type: TABLE DATA; Schema: storage; Owner: supabase_storage_admin
--



--
-- Data for Name: prefixes; Type: TABLE DATA; Schema: storage; Owner: supabase_storage_admin
--



--
-- Data for Name: s3_multipart_uploads; Type: TABLE DATA; Schema: storage; Owner: supabase_storage_admin
--



--
-- Data for Name: s3_multipart_uploads_parts; Type: TABLE DATA; Schema: storage; Owner: supabase_storage_admin
--



--
-- Data for Name: vector_indexes; Type: TABLE DATA; Schema: storage; Owner: supabase_storage_admin
--



--
-- Name: refresh_tokens_id_seq; Type: SEQUENCE SET; Schema: auth; Owner: supabase_auth_admin
--

SELECT pg_catalog.setval('"auth"."refresh_tokens_id_seq"', 1, false);


--
-- PostgreSQL database dump complete
--

RESET ALL;
